[[1;34mINFO[m] Scanning for projects...
[[1;33mWARNING[m] 
[[1;33mWARNING[m] Some problems were encountered while building the effective model for org.apromore:zk-osgi:bundle:8.6.0.1
[[1;33mWARNING[m] 'version' contains an expression but should be a constant. @ org.apromore:zk-osgi:${zk.version}, /home/javier/ApromoreCE/ApromoreCore/Apromore-OSGI-Bundles/zk-osgi/pom.xml, line 15, column 14
[[1;33mWARNING[m] 
[[1;33mWARNING[m] It is highly recommended to fix these problems because they threaten the stability of your build.
[[1;33mWARNING[m] 
[[1;33mWARNING[m] For this reason, future Maven versions might no longer support building such malformed projects.
[[1;33mWARNING[m] 
[[1;34mINFO[m] [1m------------------------------------------------------------------------[m
[[1;34mINFO[m] [1mReactor Build Order:[m
[[1;34mINFO[m] 
[[1;34mINFO[m] Apromore Build Tools Extension                                     [jar]
[[1;34mINFO[m] Apromore                                                           [pom]
[[1;34mINFO[m] OpenXES                                                            [jar]
[[1;34mINFO[m] log-osgi                                                        [bundle]
[[1;34mINFO[m] lpsolve-osgi                                                    [bundle]
[[1;34mINFO[m] hpi-bpt-osgi                                                    [bundle]
[[1;34mINFO[m] eclipse-collections-osgi                                        [bundle]
[[1;34mINFO[m] json-osgi                                                       [bundle]
[[1;34mINFO[m] Apromore BPMN Schema                                               [jar]
[[1;34mINFO[m] Apromore CPF Schema                                                [jar]
[[1;34mINFO[m] Apromore Plugins                                                   [pom]
[[1;34mINFO[m] Apromore Canonical Graph Plugin                                    [jar]
[[1;34mINFO[m] similaritysearch-osgi                                           [bundle]
[[1;34mINFO[m] Apromore :: ui :: ui-theme-compact                                 [jar]
[[1;34mINFO[m] zk-osgi                                                         [bundle]
[[1;34mINFO[m] JGraph 5 OSGi bundle                                            [bundle]
[[1;34mINFO[m] prom-models-osgi                                                [bundle]
[[1;34mINFO[m] prom-widgets-osgi                                               [bundle]
[[1;34mINFO[m] prom-bpmn-osgi                                                  [bundle]
[[1;34mINFO[m] Apromore ANF Schema                                                [jar]
[[1;34mINFO[m] Apromore Plugin API                                                [jar]
[[1;34mINFO[m] Apromore Canoniser API                                             [jar]
[[1;34mINFO[m] Apromore Manager WS Models                                         [jar]
[[1;34mINFO[m] Apromore Portal Plugin API                                      [bundle]
[[1;34mINFO[m] portal-custom-gui                                               [bundle]
[[1;34mINFO[m] Apromore Manager Security Handler                                  [jar]
[[1;34mINFO[m] Apromore Annotation Pre Processor API                              [jar]
[[1;34mINFO[m] Apromore Deployment Plugin API                                     [jar]
[[1;34mINFO[m] Event log store service plugin API                              [bundle]
[[1;34mINFO[m] Process store service plugin API                                [bundle]
[[1;34mINFO[m] Apromore Testing Tools                                             [jar]
[[1;34mINFO[m] Apromore Plugin API Provider                                       [jar]
[[1;34mINFO[m] Apromore Canoniser API Provider                                    [jar]
[[1;34mINFO[m] Apromore Annotation Pre Processor API Provider                     [jar]
[[1;34mINFO[m] Apromore Deployment Plugin API Provider                            [jar]
[[1;34mINFO[m] The APMLogModule Project                                           [jar]
[[1;34mINFO[m] Apromore Manager                                                [bundle]
[[1;34mINFO[m] Apromore Manager Client                                            [jar]
[[1;34mINFO[m] Apromore Editor Plugin API                                      [bundle]
[[1;34mINFO[m] Apromore Portal                                                    [war]
[[1;34mINFO[m] Apromore Editor Extensions                                         [pom]
[[1;34mINFO[m] Apromore Editor Extension: PDF                                  [bundle]
[[1;34mINFO[m] Apromore BPMN Editor                                               [war]
[[1;34mINFO[m] Apromore H2 Plugin                                                 [jar]
[[1;34mINFO[m] Apromore MySQL Plugin                                              [jar]
[[1;34mINFO[m] Apromore Oracle Plugin                                             [jar]
[[1;34mINFO[m] Apromore PostgreSQL Plugin                                         [jar]
[[1;34mINFO[m] Apromore BPMN Canoniser                                            [jar]
[[1;34mINFO[m] SplitMiner-Logic                                                [bundle]
[[1;34mINFO[m] CSVExporter-Logic                                               [bundle]
[[1;34mINFO[m] File operations portal plugin                                   [bundle]
[[1;34mINFO[m] Custom Plugin Framework                                         [bundle]
[[1;34mINFO[m] Log Filter Generic Portal Plugin                                [bundle]
[[1;34mINFO[m] About portal plugin                                             [bundle]
[[1;34mINFO[m] Account management portal plugin                                [bundle]
[[1;34mINFO[m] Apromore Editor Extension: Diagram Core                         [bundle]
[[1;34mINFO[m] Apromore Editor Extension: BPMN 2.0                             [bundle]
[[1;34mINFO[m] BPMN diagram parser service                                     [bundle]
[[1;34mINFO[m] CSVImporter-Logic                                               [bundle]
[[1;34mINFO[m] CSVImporter Portal                                              [bundle]
[[1;34mINFO[m] CSV Exporter portal plugin                                      [bundle]
[[1;34mINFO[m] Log Animation service                                           [bundle]
[[1;34mINFO[m] Log Animation portal plugin                                        [war]
[[1;34mINFO[m] Log Processing Logic                                            [bundle]
[[1;34mINFO[m] merge-logic                                                     [bundle]
[[1;34mINFO[m] Merge portal plugin                                             [bundle]
[[1;34mINFO[m] Process Discoverer Logic                                        [bundle]
[[1;34mINFO[m] Process Discoverer Portal Plugin                                   [war]
[[1;34mINFO[m] similaritysearch-logic                                          [bundle]
[[1;34mINFO[m] similaritysearch-portal                                         [bundle]
[[1;34mINFO[m] Apromore Portal Client                                             [jar]
[[1;34mINFO[m] Apromore Manager Bundle Assembly                                   [pom]
[[1;34mINFO[m] Apromore Portal Bundle Assembly                                    [pom]
[[1;34mINFO[m] Apromore Custom Plugins Assembly                                   [pom]
[[1;34mINFO[m] Apromore Community Edition                                         [pom]
[[1;34mINFO[m] bpstruct-osgi                                                   [bundle]
[[1;34mINFO[m] bpmntk-osgi                                                     [bundle]
[[1;34mINFO[m] About-CE-Plugin                                                 [bundle]
[[1;34mINFO[m] Apromore Editor parent                                             [pom]
[[1;34mINFO[m] Stencilset Compressor                                     [maven-plugin]
[[1;34mINFO[m] Apromore Editor Extension: Downloader                           [bundle]
[[1;34mINFO[m] Apromore Editor Extension: JPDL                                 [bundle]
[[1;34mINFO[m] Apromore PNML Schema                                               [jar]
[[1;34mINFO[m] Apromore Editor Extension: Petri Net                            [bundle]
[[1;34mINFO[m] Apromore Editor Extension: Syntax Checker                       [bundle]
[[1;34mINFO[m] Apromore Editor Extension: XPDL                                 [bundle]
[[1;34mINFO[m] Apromore Editor                                                    [war]
[[1;34mINFO[m] Apromore File Store Client                                      [bundle]
[[1;34mINFO[m] Apromore File Store                                                [war]
[[1;34mINFO[m] BIMP-Annotation-logic                                           [bundle]
[[1;34mINFO[m] BIMP simulator editor plugin                                       [war]
[[1;34mINFO[m] BIMP simulator editor plugin                                       [war]
[[1;34mINFO[m] BIMP simulator portal plugin                                    [bundle]
[[1;34mINFO[m] BProVe service                                                  [bundle]
[[1;34mINFO[m] Synergia CMAP Schema                                               [jar]
[[1;34mINFO[m] Synergia DCL Schema                                                [jar]
[[1;34mINFO[m] BPMN configurator                                                  [jar]
[[1;34mINFO[m] Canonical Process Importer                                         [jar]
[[1;34mINFO[m] community-assembly                                                 [pom]
[[1;34mINFO[m] Log Filter Logic                                                [bundle]
[[1;34mINFO[m] Log Filter Portal Plugin                                        [bundle]
[[1;34mINFO[m] Performance Mining Service                                      [bundle]
[[1;34mINFO[m] Performance Mining portal plugin                                [bundle]
[[1;34mINFO[m] Example portal plugin                                           [bundle]
[[1;34mINFO[m] Stage Mining Service                                            [bundle]
[[1;34mINFO[m] Stage Mining Portal plugin                                      [bundle]
[[1;34mINFO[m] Apromore Editor bprove plugin                                      [war]
[[1;34mINFO[m] Apromore Editor sample plugin                                      [war]
[[1;34mINFO[m] Apromore Editor Bundle Assembly                                    [pom]
[[1;34mINFO[m] Apromore File Store Bundle Assembly                                [pom]
[[1;34mINFO[m] Predictive Monitor Bundle Assembly                                 [pom]
[[1;34mINFO[m] Predictive monitor logic                                        [bundle]
[[1;34mINFO[m] Predictive monitor portal plugin                                   [war]
[[1;34mINFO[m] Predictor training portal plugin                                   [war]
[[1;34mINFO[m] Apromore ARIS Schema                                               [jar]
[[1;34mINFO[m] Apromore ARIS Canoniser                                            [jar]
[[1;34mINFO[m] Apromore EPML Schema                                            [bundle]
[[1;34mINFO[m] Apromore EPML Canoniser                                            [jar]
[[1;34mINFO[m] Apromore PNML Canoniser                                            [jar]
[[1;34mINFO[m] Apromore XPDL Schema                                               [jar]
[[1;34mINFO[m] Apromore XPDL Canoniser                                            [jar]
[[1;34mINFO[m] Apromore YAWL Schema                                               [jar]
[[1;34mINFO[m] Apromore YAWL Canoniser                                            [jar]
[[1;34mINFO[m] Apromore RLF Schema                                                [jar]
[[1;34mINFO[m] 
[[1;34mINFO[m] [1m----------------------< [0;36morg.apromore:build-tools[0;1m >----------------------[m
[[1;34mINFO[m] [1mBuilding Apromore Build Tools Extension 1.1                      [1/124][m
[[1;34mINFO[m] [1m--------------------------------[ jar ]---------------------------------[m
[[1;34mINFO[m] 
[[1;34mINFO[m] [1m--- [0;32mmaven-clean-plugin:2.5:clean[m [1m(default-clean)[m @ [36mbuild-tools[0;1m ---[m
[[1;34mINFO[m] Deleting /home/javier/ApromoreCE/ApromoreCore/Apromore-Extras/Build-Tools/target
[[1;34mINFO[m] 
[[1;34mINFO[m] [1m--- [0;32mmaven-resources-plugin:2.6:resources[m [1m(default-resources)[m @ [36mbuild-tools[0;1m ---[m
[[1;33mWARNING[m] Using platform encoding (UTF-8 actually) to copy filtered resources, i.e. build is platform dependent!
[[1;34mINFO[m] Copying 4 resources
[[1;34mINFO[m] 
[[1;34mINFO[m] [1m--- [0;32mmaven-compiler-plugin:3.5.1:compile[m [1m(default-compile)[m @ [36mbuild-tools[0;1m ---[m
[[1;34mINFO[m] Changes detected - recompiling the module!
[[1;33mWARNING[m] File encoding has not been set, using platform encoding UTF-8, i.e. build is platform dependent!
[[1;34mINFO[m] Compiling 1 source file to /home/javier/ApromoreCE/ApromoreCore/Apromore-Extras/Build-Tools/target/classes
[[1;34mINFO[m] 
[[1;34mINFO[m] [1m--- [0;32mmaven-resources-plugin:2.6:testResources[m [1m(default-testResources)[m @ [36mbuild-tools[0;1m ---[m
[[1;33mWARNING[m] Using platform encoding (UTF-8 actually) to copy filtered resources, i.e. build is platform dependent!
[[1;34mINFO[m] skip non existing resourceDirectory /home/javier/ApromoreCE/ApromoreCore/Apromore-Extras/Build-Tools/src/test/resources
[[1;34mINFO[m] 
[[1;34mINFO[m] [1m--- [0;32mmaven-compiler-plugin:3.5.1:testCompile[m [1m(default-testCompile)[m @ [36mbuild-tools[0;1m ---[m
[[1;34mINFO[m] No sources to compile
[[1;34mINFO[m] 
[[1;34mINFO[m] [1m--- [0;32mmaven-surefire-plugin:2.12.4:test[m [1m(default-test)[m @ [36mbuild-tools[0;1m ---[m
[[1;34mINFO[m] No tests to run.
[[1;34mINFO[m] 
[[1;34mINFO[m] [1m--- [0;32mmaven-jar-plugin:2.4:jar[m [1m(default-jar)[m @ [36mbuild-tools[0;1m ---[m
[[1;34mINFO[m] Building jar: /home/javier/ApromoreCE/ApromoreCore/Apromore-Extras/Build-Tools/target/build-tools-1.1.jar
[[1;34mINFO[m] 
[[1;34mINFO[m] [1m--- [0;32mmaven-install-plugin:2.4:install[m [1m(default-install)[m @ [36mbuild-tools[0;1m ---[m
[[1;34mINFO[m] Installing /home/javier/ApromoreCE/ApromoreCore/Apromore-Extras/Build-Tools/target/build-tools-1.1.jar to /home/javier/.m2/repository/org/apromore/build-tools/1.1/build-tools-1.1.jar
[[1;34mINFO[m] Installing /home/javier/ApromoreCE/ApromoreCore/Apromore-Extras/Build-Tools/pom.xml to /home/javier/.m2/repository/org/apromore/build-tools/1.1/build-tools-1.1.pom
[[1;34mINFO[m] 
[[1;34mINFO[m] [1m-----------------------< [0;36morg.apromore:apromore[0;1m >------------------------[m
[[1;34mINFO[m] [1mBuilding Apromore 1.1                                            [2/124][m
[[1;34mINFO[m] [1m--------------------------------[ pom ]---------------------------------[m
[[1;34mINFO[m] 
[[1;34mINFO[m] [1m--- [0;32mmaven-clean-plugin:2.5:clean[m [1m(default-clean)[m @ [36mapromore[0;1m ---[m
[[1;34mINFO[m] Deleting /home/javier/ApromoreCE/ApromoreCore/target
[[1;34mINFO[m] Deleting /home/javier/ApromoreCE/ApromoreCore (includes = [surefire*], excludes = [])
[[1;34mINFO[m] 
[[1;34mINFO[m] [1m--- [0;32mmaven-enforcer-plugin:1.3:enforce[m [1m(enforce-banned-dependencies)[m @ [36mapromore[0;1m ---[m
[[1;34mINFO[m] 
[[1;34mINFO[m] [1m--- [0;32mgit-commit-id-plugin:2.2.1:revision[m [1m(get-the-git-infos)[m @ [36mapromore[0;1m ---[m
[[1;34mINFO[m] 
[[1;34mINFO[m] [1m--- [0;32mjacoco-maven-plugin:0.8.4:prepare-agent[m [1m(prepare-agent)[m @ [36mapromore[0;1m ---[m
[[1;34mINFO[m] Skipping JaCoCo execution because property jacoco.skip is set.
[[1;34mINFO[m] argLine set to empty
[[1;34mINFO[m] 
[[1;34mINFO[m] [1m--- [0;32mmaven-jxr-plugin:2.3:jxr[m [1m(default)[m @ [36mapromore[0;1m ---[m
[[1;34mINFO[m] 
[[1;34mINFO[m] [1m--- [0;32mmaven-bundle-plugin:3.0.1:manifest[m [1m(bundle-manifest)[m @ [36mapromore[0;1m ---[m
[[1;33mWARNING[m] Ignoring project type pom - supportedProjectTypes = [jar, bundle, war]
[[1;34mINFO[m] 
[[1;34mINFO[m] [1m--- [0;32mjacoco-maven-plugin:0.8.4:report[m [1m(report)[m @ [36mapromore[0;1m ---[m
[[1;34mINFO[m] Skipping JaCoCo execution because property jacoco.skip is set.
[[1;34mINFO[m] 
[[1;34mINFO[m] [1m--- [0;32mmaven-surefire-plugin:2.14.1:test[m [1m(integration-test)[m @ [36mapromore[0;1m ---[m
[[1;34mINFO[m] No tests to run.
[[1;34mINFO[m] 
[[1;34mINFO[m] [1m--- [0;32mmaven-source-plugin:2.2.1:jar-no-fork[m [1m(generate-sources)[m @ [36mapromore[0;1m ---[m
[[1;34mINFO[m] 
[[1;34mINFO[m] [1m--- [0;32mmaven-checkstyle-plugin:2.10:checkstyle[m [1m(run-checkstyle)[m @ [36mapromore[0;1m ---[m
[[1;34mINFO[m] 
[[1;34mINFO[m] [1m--- [0;32mjacoco-maven-plugin:0.8.4:check[m [1m(check)[m @ [36mapromore[0;1m ---[m
[[1;34mINFO[m] Skipping JaCoCo execution because property jacoco.skip is set.
[[1;34mINFO[m] 
[[1;34mINFO[m] [1m--- [0;32mmaven-install-plugin:2.4:install[m [1m(default-install)[m @ [36mapromore[0;1m ---[m
[[1;34mINFO[m] Installing /home/javier/ApromoreCE/ApromoreCore/pom.xml to /home/javier/.m2/repository/org/apromore/apromore/1.1/apromore-1.1.pom
[[1;34mINFO[m] 
[[1;34mINFO[m] [1m------------------------< [0;36morg.apromore:openxes[0;1m >------------------------[m
[[1;34mINFO[m] [1mBuilding OpenXES 2.27                                            [3/124][m
[[1;34mINFO[m] [1m--------------------------------[ jar ]---------------------------------[m
[[1;34mINFO[m] 
[[1;34mINFO[m] [1m--- [0;32mmaven-clean-plugin:2.5:clean[m [1m(default-clean)[m @ [36mopenxes[0;1m ---[m
[[1;34mINFO[m] Deleting /home/javier/ApromoreCE/ApromoreCore/Apromore-Extras/OpenXES/target
[[1;34mINFO[m] Deleting /home/javier/ApromoreCE/ApromoreCore/Apromore-Extras/OpenXES (includes = [surefire*], excludes = [])
[[1;34mINFO[m] 
[[1;34mINFO[m] [1m--- [0;32mmaven-enforcer-plugin:1.3:enforce[m [1m(enforce-banned-dependencies)[m @ [36mopenxes[0;1m ---[m
[[1;34mINFO[m] 
[[1;34mINFO[m] [1m--- [0;32mgit-commit-id-plugin:2.2.1:revision[m [1m(get-the-git-infos)[m @ [36mopenxes[0;1m ---[m
[[1;34mINFO[m] 
[[1;34mINFO[m] [1m--- [0;32mjacoco-maven-plugin:0.8.4:prepare-agent[m [1m(prepare-agent)[m @ [36mopenxes[0;1m ---[m
[[1;34mINFO[m] Skipping JaCoCo execution because property jacoco.skip is set.
[[1;34mINFO[m] argLine set to empty
[[1;34mINFO[m] 
[[1;34mINFO[m] [1m--- [0;32mmaven-resources-plugin:2.6:resources[m [1m(default-resources)[m @ [36mopenxes[0;1m ---[m
[[1;34mINFO[m] Using 'UTF-8' encoding to copy filtered resources.
[[1;34mINFO[m] skip non existing resourceDirectory /home/javier/ApromoreCE/ApromoreCore/Apromore-Extras/OpenXES/src/main/resources
[[1;34mINFO[m] 
[[1;34mINFO[m] [1m--- [0;32mmaven-jxr-plugin:2.3:jxr[m [1m(default)[m @ [36mopenxes[0;1m ---[m
[[1;34mINFO[m] 
[[1;34mINFO[m] [1m--- [0;32mmaven-compiler-plugin:3.0:compile[m [1m(default-compile)[m @ [36mopenxes[0;1m ---[m
[[1;34mINFO[m] Changes detected - recompiling the module!
[[1;34mINFO[m] Compiling 127 source files to /home/javier/ApromoreCE/ApromoreCore/Apromore-Extras/OpenXES/target/classes
[[1;34mINFO[m] 
[[1;34mINFO[m] [1m--- [0;32mmaven-bundle-plugin:3.0.1:manifest[m [1m(bundle-manifest)[m @ [36mopenxes[0;1m ---[m
[[1;33mWARNING[m] Manifest org.apromore:openxes:jar:2.27 : Export org.deckfour.xes.model,  has 1,  private references [org.deckfour.xes.model.impl], 
[[1;33mWARNING[m] Manifest org.apromore:openxes:jar:2.27 : Export org.deckfour.xes.model.buffered,  has 1,  private references [org.deckfour.xes.model.impl], 
[[1;34mINFO[m] 
[[1;34mINFO[m] [1m--- [0;32mmaven-resources-plugin:2.6:testResources[m [1m(default-testResources)[m @ [36mopenxes[0;1m ---[m
[[1;34mINFO[m] Using 'UTF-8' encoding to copy filtered resources.
[[1;34mINFO[m] skip non existing resourceDirectory /home/javier/ApromoreCE/ApromoreCore/Apromore-Extras/OpenXES/src/test/resources
[[1;34mINFO[m] 
[[1;34mINFO[m] [1m--- [0;32mmaven-compiler-plugin:3.0:testCompile[m [1m(default-testCompile)[m @ [36mopenxes[0;1m ---[m
[[1;34mINFO[m] Changes detected - recompiling the module!
[[1;34mINFO[m] Compiling 6 source files to /home/javier/ApromoreCE/ApromoreCore/Apromore-Extras/OpenXES/target/test-classes
[[1;34mINFO[m] 
[[1;34mINFO[m] [1m--- [0;32mmaven-surefire-plugin:2.14.1:test[m [1m(default-test)[m @ [36mopenxes[0;1m ---[m
[[1;34mINFO[m] 
[[1;34mINFO[m] [1m--- [0;32mjacoco-maven-plugin:0.8.4:report[m [1m(report)[m @ [36mopenxes[0;1m ---[m
[[1;34mINFO[m] Skipping JaCoCo execution because property jacoco.skip is set.
[[1;34mINFO[m] 
[[1;34mINFO[m] [1m--- [0;32mmaven-jar-plugin:2.3.2:jar[m [1m(default-jar)[m @ [36mopenxes[0;1m ---[m
[[1;34mINFO[m] Building jar: /home/javier/ApromoreCE/ApromoreCore/Apromore-Extras/OpenXES/target/openxes-2.27.jar
[[1;34mINFO[m] 
[[1;34mINFO[m] [1m--- [0;32mmaven-surefire-plugin:2.14.1:test[m [1m(integration-test)[m @ [36mopenxes[0;1m ---[m
[[1;34mINFO[m] 
[[1;34mINFO[m] [1m--- [0;32mmaven-source-plugin:2.2.1:jar-no-fork[m [1m(generate-sources)[m @ [36mopenxes[0;1m ---[m
[[1;34mINFO[m] Building jar: /home/javier/ApromoreCE/ApromoreCore/Apromore-Extras/OpenXES/target/openxes-2.27-sources.jar
[[1;34mINFO[m] 
[[1;34mINFO[m] [1m--- [0;32mmaven-checkstyle-plugin:2.10:checkstyle[m [1m(run-checkstyle)[m @ [36mopenxes[0;1m ---[m
[[1;34mINFO[m] 
[[1;34mINFO[m] [1m--- [0;32mjacoco-maven-plugin:0.8.4:check[m [1m(check)[m @ [36mopenxes[0;1m ---[m
[[1;34mINFO[m] Skipping JaCoCo execution because property jacoco.skip is set.
[[1;34mINFO[m] 
[[1;34mINFO[m] [1m--- [0;32mmaven-install-plugin:2.4:install[m [1m(default-install)[m @ [36mopenxes[0;1m ---[m
[[1;34mINFO[m] Installing /home/javier/ApromoreCE/ApromoreCore/Apromore-Extras/OpenXES/target/openxes-2.27.jar to /home/javier/.m2/repository/org/apromore/openxes/2.27/openxes-2.27.jar
[[1;34mINFO[m] Installing /home/javier/ApromoreCE/ApromoreCore/Apromore-Extras/OpenXES/pom.xml to /home/javier/.m2/repository/org/apromore/openxes/2.27/openxes-2.27.pom
[[1;34mINFO[m] Installing /home/javier/ApromoreCE/ApromoreCore/Apromore-Extras/OpenXES/target/openxes-2.27-sources.jar to /home/javier/.m2/repository/org/apromore/openxes/2.27/openxes-2.27-sources.jar
[[1;34mINFO[m] 
[[1;34mINFO[m] [1m-----------------------< [0;36morg.apromore:log-osgi[0;1m >------------------------[m
[[1;34mINFO[m] [1mBuilding log-osgi 1.1                                            [4/124][m
[[1;34mINFO[m] [1m-------------------------------[ bundle ]-------------------------------[m
[[1;34mINFO[m] 
[[1;34mINFO[m] [1m--- [0;32mmaven-clean-plugin:2.5:clean[m [1m(default-clean)[m @ [36mlog-osgi[0;1m ---[m
[[1;34mINFO[m] Deleting /home/javier/ApromoreCE/ApromoreCore/Apromore-OSGI-Bundles/log-osgi/target
[[1;34mINFO[m] Deleting /home/javier/ApromoreCE/ApromoreCore/Apromore-OSGI-Bundles/log-osgi (includes = [surefire*], excludes = [])
[[1;34mINFO[m] 
[[1;34mINFO[m] [1m--- [0;32mmaven-enforcer-plugin:1.3:enforce[m [1m(enforce-banned-dependencies)[m @ [36mlog-osgi[0;1m ---[m
[[1;34mINFO[m] 
[[1;34mINFO[m] [1m--- [0;32mgit-commit-id-plugin:2.2.1:revision[m [1m(get-the-git-infos)[m @ [36mlog-osgi[0;1m ---[m
[[1;34mINFO[m] 
[[1;34mINFO[m] [1m--- [0;32mjacoco-maven-plugin:0.8.4:prepare-agent[m [1m(prepare-agent)[m @ [36mlog-osgi[0;1m ---[m
[[1;34mINFO[m] Skipping JaCoCo execution because property jacoco.skip is set.
[[1;34mINFO[m] argLine set to empty
[[1;34mINFO[m] 
[[1;34mINFO[m] [1m--- [0;32mmaven-resources-plugin:2.6:resources[m [1m(default-resources)[m @ [36mlog-osgi[0;1m ---[m
[[1;34mINFO[m] Using 'UTF-8' encoding to copy filtered resources.
[[1;34mINFO[m] skip non existing resourceDirectory /home/javier/ApromoreCE/ApromoreCore/Apromore-OSGI-Bundles/log-osgi/src/main/resources
[[1;34mINFO[m] 
[[1;34mINFO[m] [1m--- [0;32mmaven-jxr-plugin:2.3:jxr[m [1m(default)[m @ [36mlog-osgi[0;1m ---[m
[[1;34mINFO[m] 
[[1;34mINFO[m] [1m--- [0;32mmaven-compiler-plugin:3.0:compile[m [1m(default-compile)[m @ [36mlog-osgi[0;1m ---[m
[[1;34mINFO[m] Changes detected - recompiling the module!
[[1;34mINFO[m] Compiling 1 source file to /home/javier/ApromoreCE/ApromoreCore/Apromore-OSGI-Bundles/log-osgi/target/classes
[[1;34mINFO[m] 
[[1;34mINFO[m] [1m--- [0;32mmaven-bundle-plugin:3.0.1:manifest[m [1m(bundle-manifest)[m @ [36mlog-osgi[0;1m ---[m
[[1;33mWARNING[m] Manifest org.apromore:log-osgi:bundle:1.1 : Split package, multiple jars provide the same package:org/deckfour/xes/model
Use Import/Export Package directive -split-package:=(merge-first|merge-last|error|first) to get rid of this warning
Package found in   [Jar:openxes, Jar:openxes]
Class path         [Jar:., Jar:xstream, Jar:xmlpull, Jar:xpp3_min, Jar:guava, Jar:openxes, Jar:eclipse-collections-api, Jar:org.apache.servicemix.bundles.xpp3, Jar:kryo, Jar:reflectasm, Jar:asm, Jar:minlog, Jar:objenesis, Jar:spex, Jar:eclipse-collections, Jar:xeslite, Jar:openxes, Jar:high-scale-lib, Jar:dictomaton, Jar:fastutil, Jar:lz4, Jar:mapdb]
[[1;33mWARNING[m] Manifest org.apromore:log-osgi:bundle:1.1 : Split package, multiple jars provide the same package:org/deckfour/xes/extension
Use Import/Export Package directive -split-package:=(merge-first|merge-last|error|first) to get rid of this warning
Package found in   [Jar:openxes, Jar:openxes]
Class path         [Jar:., Jar:xstream, Jar:xmlpull, Jar:xpp3_min, Jar:guava, Jar:openxes, Jar:eclipse-collections-api, Jar:org.apache.servicemix.bundles.xpp3, Jar:kryo, Jar:reflectasm, Jar:asm, Jar:minlog, Jar:objenesis, Jar:spex, Jar:eclipse-collections, Jar:xeslite, Jar:openxes, Jar:high-scale-lib, Jar:dictomaton, Jar:fastutil, Jar:lz4, Jar:mapdb]
[[1;33mWARNING[m] Manifest org.apromore:log-osgi:bundle:1.1 : Split package, multiple jars provide the same package:org/deckfour/xes/extension/std/cost
Use Import/Export Package directive -split-package:=(merge-first|merge-last|error|first) to get rid of this warning
Package found in   [Jar:openxes, Jar:openxes]
Class path         [Jar:., Jar:xstream, Jar:xmlpull, Jar:xpp3_min, Jar:guava, Jar:openxes, Jar:eclipse-collections-api, Jar:org.apache.servicemix.bundles.xpp3, Jar:kryo, Jar:reflectasm, Jar:asm, Jar:minlog, Jar:objenesis, Jar:spex, Jar:eclipse-collections, Jar:xeslite, Jar:openxes, Jar:high-scale-lib, Jar:dictomaton, Jar:fastutil, Jar:lz4, Jar:mapdb]
[[1;33mWARNING[m] Manifest org.apromore:log-osgi:bundle:1.1 : Split package, multiple jars provide the same package:org/deckfour/xes/model/impl
Use Import/Export Package directive -split-package:=(merge-first|merge-last|error|first) to get rid of this warning
Package found in   [Jar:openxes, Jar:openxes]
Class path         [Jar:., Jar:xstream, Jar:xmlpull, Jar:xpp3_min, Jar:guava, Jar:openxes, Jar:eclipse-collections-api, Jar:org.apache.servicemix.bundles.xpp3, Jar:kryo, Jar:reflectasm, Jar:asm, Jar:minlog, Jar:objenesis, Jar:spex, Jar:eclipse-collections, Jar:xeslite, Jar:openxes, Jar:high-scale-lib, Jar:dictomaton, Jar:fastutil, Jar:lz4, Jar:mapdb]
[[1;33mWARNING[m] Manifest org.apromore:log-osgi:bundle:1.1 : Split package, multiple jars provide the same package:org/deckfour/xes/logging
Use Import/Export Package directive -split-package:=(merge-first|merge-last|error|first) to get rid of this warning
Package found in   [Jar:openxes, Jar:openxes]
Class path         [Jar:., Jar:xstream, Jar:xmlpull, Jar:xpp3_min, Jar:guava, Jar:openxes, Jar:eclipse-collections-api, Jar:org.apache.servicemix.bundles.xpp3, Jar:kryo, Jar:reflectasm, Jar:asm, Jar:minlog, Jar:objenesis, Jar:spex, Jar:eclipse-collections, Jar:xeslite, Jar:openxes, Jar:high-scale-lib, Jar:dictomaton, Jar:fastutil, Jar:lz4, Jar:mapdb]
[[1;33mWARNING[m] Manifest org.apromore:log-osgi:bundle:1.1 : Split package, multiple jars provide the same package:org/deckfour/xes/info
Use Import/Export Package directive -split-package:=(merge-first|merge-last|error|first) to get rid of this warning
Package found in   [Jar:openxes, Jar:openxes]
Class path         [Jar:., Jar:xstream, Jar:xmlpull, Jar:xpp3_min, Jar:guava, Jar:openxes, Jar:eclipse-collections-api, Jar:org.apache.servicemix.bundles.xpp3, Jar:kryo, Jar:reflectasm, Jar:asm, Jar:minlog, Jar:objenesis, Jar:spex, Jar:eclipse-collections, Jar:xeslite, Jar:openxes, Jar:high-scale-lib, Jar:dictomaton, Jar:fastutil, Jar:lz4, Jar:mapdb]
[[1;33mWARNING[m] Manifest org.apromore:log-osgi:bundle:1.1 : Split package, multiple jars provide the same package:org/deckfour/xes/factory
Use Import/Export Package directive -split-package:=(merge-first|merge-last|error|first) to get rid of this warning
Package found in   [Jar:openxes, Jar:openxes]
Class path         [Jar:., Jar:xstream, Jar:xmlpull, Jar:xpp3_min, Jar:guava, Jar:openxes, Jar:eclipse-collections-api, Jar:org.apache.servicemix.bundles.xpp3, Jar:kryo, Jar:reflectasm, Jar:asm, Jar:minlog, Jar:objenesis, Jar:spex, Jar:eclipse-collections, Jar:xeslite, Jar:openxes, Jar:high-scale-lib, Jar:dictomaton, Jar:fastutil, Jar:lz4, Jar:mapdb]
[[1;33mWARNING[m] Manifest org.apromore:log-osgi:bundle:1.1 : Split package, multiple jars provide the same package:org/deckfour/xes/util
Use Import/Export Package directive -split-package:=(merge-first|merge-last|error|first) to get rid of this warning
Package found in   [Jar:openxes, Jar:openxes]
Class path         [Jar:., Jar:xstream, Jar:xmlpull, Jar:xpp3_min, Jar:guava, Jar:openxes, Jar:eclipse-collections-api, Jar:org.apache.servicemix.bundles.xpp3, Jar:kryo, Jar:reflectasm, Jar:asm, Jar:minlog, Jar:objenesis, Jar:spex, Jar:eclipse-collections, Jar:xeslite, Jar:openxes, Jar:high-scale-lib, Jar:dictomaton, Jar:fastutil, Jar:lz4, Jar:mapdb]
[[1;33mWARNING[m] Manifest org.apromore:log-osgi:bundle:1.1 : Split package, multiple jars provide the same package:org/deckfour/xes/classification
Use Import/Export Package directive -split-package:=(merge-first|merge-last|error|first) to get rid of this warning
Package found in   [Jar:openxes, Jar:openxes]
Class path         [Jar:., Jar:xstream, Jar:xmlpull, Jar:xpp3_min, Jar:guava, Jar:openxes, Jar:eclipse-collections-api, Jar:org.apache.servicemix.bundles.xpp3, Jar:kryo, Jar:reflectasm, Jar:asm, Jar:minlog, Jar:objenesis, Jar:spex, Jar:eclipse-collections, Jar:xeslite, Jar:openxes, Jar:high-scale-lib, Jar:dictomaton, Jar:fastutil, Jar:lz4, Jar:mapdb]
[[1;33mWARNING[m] Manifest org.apromore:log-osgi:bundle:1.1 : Split package, multiple jars provide the same package:org/deckfour/xes/in
Use Import/Export Package directive -split-package:=(merge-first|merge-last|error|first) to get rid of this warning
Package found in   [Jar:openxes, Jar:openxes]
Class path         [Jar:., Jar:xstream, Jar:xmlpull, Jar:xpp3_min, Jar:guava, Jar:openxes, Jar:eclipse-collections-api, Jar:org.apache.servicemix.bundles.xpp3, Jar:kryo, Jar:reflectasm, Jar:asm, Jar:minlog, Jar:objenesis, Jar:spex, Jar:eclipse-collections, Jar:xeslite, Jar:openxes, Jar:high-scale-lib, Jar:dictomaton, Jar:fastutil, Jar:lz4, Jar:mapdb]
[[1;33mWARNING[m] Manifest org.apromore:log-osgi:bundle:1.1 : Split package, multiple jars provide the same package:org/deckfour/xes/info/impl
Use Import/Export Package directive -split-package:=(merge-first|merge-last|error|first) to get rid of this warning
Package found in   [Jar:openxes, Jar:openxes]
Class path         [Jar:., Jar:xstream, Jar:xmlpull, Jar:xpp3_min, Jar:guava, Jar:openxes, Jar:eclipse-collections-api, Jar:org.apache.servicemix.bundles.xpp3, Jar:kryo, Jar:reflectasm, Jar:asm, Jar:minlog, Jar:objenesis, Jar:spex, Jar:eclipse-collections, Jar:xeslite, Jar:openxes, Jar:high-scale-lib, Jar:dictomaton, Jar:fastutil, Jar:lz4, Jar:mapdb]
[[1;33mWARNING[m] Manifest org.apromore:log-osgi:bundle:1.1 : Split package, multiple jars provide the same package:org/deckfour/xes/id
Use Import/Export Package directive -split-package:=(merge-first|merge-last|error|first) to get rid of this warning
Package found in   [Jar:openxes, Jar:openxes]
Class path         [Jar:., Jar:xstream, Jar:xmlpull, Jar:xpp3_min, Jar:guava, Jar:openxes, Jar:eclipse-collections-api, Jar:org.apache.servicemix.bundles.xpp3, Jar:kryo, Jar:reflectasm, Jar:asm, Jar:minlog, Jar:objenesis, Jar:spex, Jar:eclipse-collections, Jar:xeslite, Jar:openxes, Jar:high-scale-lib, Jar:dictomaton, Jar:fastutil, Jar:lz4, Jar:mapdb]
[[1;33mWARNING[m] Manifest org.apromore:log-osgi:bundle:1.1 : Split package, multiple jars provide the same package:org/deckfour/xes/xstream
Use Import/Export Package directive -split-package:=(merge-first|merge-last|error|first) to get rid of this warning
Package found in   [Jar:openxes, Jar:openxes]
Class path         [Jar:., Jar:xstream, Jar:xmlpull, Jar:xpp3_min, Jar:guava, Jar:openxes, Jar:eclipse-collections-api, Jar:org.apache.servicemix.bundles.xpp3, Jar:kryo, Jar:reflectasm, Jar:asm, Jar:minlog, Jar:objenesis, Jar:spex, Jar:eclipse-collections, Jar:xeslite, Jar:openxes, Jar:high-scale-lib, Jar:dictomaton, Jar:fastutil, Jar:lz4, Jar:mapdb]
[[1;33mWARNING[m] Manifest org.apromore:log-osgi:bundle:1.1 : Split package, multiple jars provide the same package:org/deckfour/xes/nikefs2
Use Import/Export Package directive -split-package:=(merge-first|merge-last|error|first) to get rid of this warning
Package found in   [Jar:openxes, Jar:openxes]
Class path         [Jar:., Jar:xstream, Jar:xmlpull, Jar:xpp3_min, Jar:guava, Jar:openxes, Jar:eclipse-collections-api, Jar:org.apache.servicemix.bundles.xpp3, Jar:kryo, Jar:reflectasm, Jar:asm, Jar:minlog, Jar:objenesis, Jar:spex, Jar:eclipse-collections, Jar:xeslite, Jar:openxes, Jar:high-scale-lib, Jar:dictomaton, Jar:fastutil, Jar:lz4, Jar:mapdb]
[[1;33mWARNING[m] Manifest org.apromore:log-osgi:bundle:1.1 : Split package, multiple jars provide the same package:org/deckfour/xes/model/buffered
Use Import/Export Package directive -split-package:=(merge-first|merge-last|error|first) to get rid of this warning
Package found in   [Jar:openxes, Jar:openxes]
Class path         [Jar:., Jar:xstream, Jar:xmlpull, Jar:xpp3_min, Jar:guava, Jar:openxes, Jar:eclipse-collections-api, Jar:org.apache.servicemix.bundles.xpp3, Jar:kryo, Jar:reflectasm, Jar:asm, Jar:minlog, Jar:objenesis, Jar:spex, Jar:eclipse-collections, Jar:xeslite, Jar:openxes, Jar:high-scale-lib, Jar:dictomaton, Jar:fastutil, Jar:lz4, Jar:mapdb]
[[1;33mWARNING[m] Manifest org.apromore:log-osgi:bundle:1.1 : Split package, multiple jars provide the same package:org/deckfour/xes/out
Use Import/Export Package directive -split-package:=(merge-first|merge-last|error|first) to get rid of this warning
Package found in   [Jar:openxes, Jar:openxes]
Class path         [Jar:., Jar:xstream, Jar:xmlpull, Jar:xpp3_min, Jar:guava, Jar:openxes, Jar:eclipse-collections-api, Jar:org.apache.servicemix.bundles.xpp3, Jar:kryo, Jar:reflectasm, Jar:asm, Jar:minlog, Jar:objenesis, Jar:spex, Jar:eclipse-collections, Jar:xeslite, Jar:openxes, Jar:high-scale-lib, Jar:dictomaton, Jar:fastutil, Jar:lz4, Jar:mapdb]
[[1;33mWARNING[m] Manifest org.apromore:log-osgi:bundle:1.1 : Split package, multiple jars provide the same package:org/deckfour/xes/extension/std
Use Import/Export Package directive -split-package:=(merge-first|merge-last|error|first) to get rid of this warning
Package found in   [Jar:openxes, Jar:openxes]
Class path         [Jar:., Jar:xstream, Jar:xmlpull, Jar:xpp3_min, Jar:guava, Jar:openxes, Jar:eclipse-collections-api, Jar:org.apache.servicemix.bundles.xpp3, Jar:kryo, Jar:reflectasm, Jar:asm, Jar:minlog, Jar:objenesis, Jar:spex, Jar:eclipse-collections, Jar:xeslite, Jar:openxes, Jar:high-scale-lib, Jar:dictomaton, Jar:fastutil, Jar:lz4, Jar:mapdb]
[[1;33mWARNING[m] Manifest org.apromore:log-osgi:bundle:1.1 : Export org.xeslite.dfa,  has 1,  private references [eu.danieldk.dictomaton], 
[[1;33mWARNING[m] Manifest org.apromore:log-osgi:bundle:1.1 : Export org.xeslite.external,  has 1,  private references [org.mapdb], 
[[1;34mINFO[m] 
[[1;34mINFO[m] [1m--- [0;32mmaven-resources-plugin:2.6:testResources[m [1m(default-testResources)[m @ [36mlog-osgi[0;1m ---[m
[[1;34mINFO[m] Using 'UTF-8' encoding to copy filtered resources.
[[1;34mINFO[m] skip non existing resourceDirectory /home/javier/ApromoreCE/ApromoreCore/Apromore-OSGI-Bundles/log-osgi/src/test/resources
[[1;34mINFO[m] 
[[1;34mINFO[m] [1m--- [0;32mmaven-compiler-plugin:3.0:testCompile[m [1m(default-testCompile)[m @ [36mlog-osgi[0;1m ---[m
[[1;34mINFO[m] No sources to compile
[[1;34mINFO[m] 
[[1;34mINFO[m] [1m--- [0;32mmaven-surefire-plugin:2.14.1:test[m [1m(default-test)[m @ [36mlog-osgi[0;1m ---[m
[[1;34mINFO[m] No tests to run.
[[1;34mINFO[m] 
[[1;34mINFO[m] [1m--- [0;32mjacoco-maven-plugin:0.8.4:report[m [1m(report)[m @ [36mlog-osgi[0;1m ---[m
[[1;34mINFO[m] Skipping JaCoCo execution because property jacoco.skip is set.
[[1;34mINFO[m] 
[[1;34mINFO[m] [1m--- [0;32mmaven-bundle-plugin:3.0.1:bundle[m [1m(default-bundle)[m @ [36mlog-osgi[0;1m ---[m
[[1;33mWARNING[m] Bundle org.apromore:log-osgi:bundle:1.1 : Split package, multiple jars provide the same package:org/deckfour/xes/model
Use Import/Export Package directive -split-package:=(merge-first|merge-last|error|first) to get rid of this warning
Package found in   [Jar:openxes, Jar:openxes]
Class path         [Jar:., Jar:xstream, Jar:xmlpull, Jar:xpp3_min, Jar:guava, Jar:openxes, Jar:eclipse-collections-api, Jar:org.apache.servicemix.bundles.xpp3, Jar:kryo, Jar:reflectasm, Jar:asm, Jar:minlog, Jar:objenesis, Jar:spex, Jar:eclipse-collections, Jar:xeslite, Jar:openxes, Jar:high-scale-lib, Jar:dictomaton, Jar:fastutil, Jar:lz4, Jar:mapdb]
[[1;33mWARNING[m] Bundle org.apromore:log-osgi:bundle:1.1 : Split package, multiple jars provide the same package:org/deckfour/xes/extension
Use Import/Export Package directive -split-package:=(merge-first|merge-last|error|first) to get rid of this warning
Package found in   [Jar:openxes, Jar:openxes]
Class path         [Jar:., Jar:xstream, Jar:xmlpull, Jar:xpp3_min, Jar:guava, Jar:openxes, Jar:eclipse-collections-api, Jar:org.apache.servicemix.bundles.xpp3, Jar:kryo, Jar:reflectasm, Jar:asm, Jar:minlog, Jar:objenesis, Jar:spex, Jar:eclipse-collections, Jar:xeslite, Jar:openxes, Jar:high-scale-lib, Jar:dictomaton, Jar:fastutil, Jar:lz4, Jar:mapdb]
[[1;33mWARNING[m] Bundle org.apromore:log-osgi:bundle:1.1 : Split package, multiple jars provide the same package:org/deckfour/xes/extension/std/cost
Use Import/Export Package directive -split-package:=(merge-first|merge-last|error|first) to get rid of this warning
Package found in   [Jar:openxes, Jar:openxes]
Class path         [Jar:., Jar:xstream, Jar:xmlpull, Jar:xpp3_min, Jar:guava, Jar:openxes, Jar:eclipse-collections-api, Jar:org.apache.servicemix.bundles.xpp3, Jar:kryo, Jar:reflectasm, Jar:asm, Jar:minlog, Jar:objenesis, Jar:spex, Jar:eclipse-collections, Jar:xeslite, Jar:openxes, Jar:high-scale-lib, Jar:dictomaton, Jar:fastutil, Jar:lz4, Jar:mapdb]
[[1;33mWARNING[m] Bundle org.apromore:log-osgi:bundle:1.1 : Split package, multiple jars provide the same package:org/deckfour/xes/model/impl
Use Import/Export Package directive -split-package:=(merge-first|merge-last|error|first) to get rid of this warning
Package found in   [Jar:openxes, Jar:openxes]
Class path         [Jar:., Jar:xstream, Jar:xmlpull, Jar:xpp3_min, Jar:guava, Jar:openxes, Jar:eclipse-collections-api, Jar:org.apache.servicemix.bundles.xpp3, Jar:kryo, Jar:reflectasm, Jar:asm, Jar:minlog, Jar:objenesis, Jar:spex, Jar:eclipse-collections, Jar:xeslite, Jar:openxes, Jar:high-scale-lib, Jar:dictomaton, Jar:fastutil, Jar:lz4, Jar:mapdb]
[[1;33mWARNING[m] Bundle org.apromore:log-osgi:bundle:1.1 : Split package, multiple jars provide the same package:org/deckfour/xes/logging
Use Import/Export Package directive -split-package:=(merge-first|merge-last|error|first) to get rid of this warning
Package found in   [Jar:openxes, Jar:openxes]
Class path         [Jar:., Jar:xstream, Jar:xmlpull, Jar:xpp3_min, Jar:guava, Jar:openxes, Jar:eclipse-collections-api, Jar:org.apache.servicemix.bundles.xpp3, Jar:kryo, Jar:reflectasm, Jar:asm, Jar:minlog, Jar:objenesis, Jar:spex, Jar:eclipse-collections, Jar:xeslite, Jar:openxes, Jar:high-scale-lib, Jar:dictomaton, Jar:fastutil, Jar:lz4, Jar:mapdb]
[[1;33mWARNING[m] Bundle org.apromore:log-osgi:bundle:1.1 : Split package, multiple jars provide the same package:org/deckfour/xes/info
Use Import/Export Package directive -split-package:=(merge-first|merge-last|error|first) to get rid of this warning
Package found in   [Jar:openxes, Jar:openxes]
Class path         [Jar:., Jar:xstream, Jar:xmlpull, Jar:xpp3_min, Jar:guava, Jar:openxes, Jar:eclipse-collections-api, Jar:org.apache.servicemix.bundles.xpp3, Jar:kryo, Jar:reflectasm, Jar:asm, Jar:minlog, Jar:objenesis, Jar:spex, Jar:eclipse-collections, Jar:xeslite, Jar:openxes, Jar:high-scale-lib, Jar:dictomaton, Jar:fastutil, Jar:lz4, Jar:mapdb]
[[1;33mWARNING[m] Bundle org.apromore:log-osgi:bundle:1.1 : Split package, multiple jars provide the same package:org/deckfour/xes/factory
Use Import/Export Package directive -split-package:=(merge-first|merge-last|error|first) to get rid of this warning
Package found in   [Jar:openxes, Jar:openxes]
Class path         [Jar:., Jar:xstream, Jar:xmlpull, Jar:xpp3_min, Jar:guava, Jar:openxes, Jar:eclipse-collections-api, Jar:org.apache.servicemix.bundles.xpp3, Jar:kryo, Jar:reflectasm, Jar:asm, Jar:minlog, Jar:objenesis, Jar:spex, Jar:eclipse-collections, Jar:xeslite, Jar:openxes, Jar:high-scale-lib, Jar:dictomaton, Jar:fastutil, Jar:lz4, Jar:mapdb]
[[1;33mWARNING[m] Bundle org.apromore:log-osgi:bundle:1.1 : Split package, multiple jars provide the same package:org/deckfour/xes/util
Use Import/Export Package directive -split-package:=(merge-first|merge-last|error|first) to get rid of this warning
Package found in   [Jar:openxes, Jar:openxes]
Class path         [Jar:., Jar:xstream, Jar:xmlpull, Jar:xpp3_min, Jar:guava, Jar:openxes, Jar:eclipse-collections-api, Jar:org.apache.servicemix.bundles.xpp3, Jar:kryo, Jar:reflectasm, Jar:asm, Jar:minlog, Jar:objenesis, Jar:spex, Jar:eclipse-collections, Jar:xeslite, Jar:openxes, Jar:high-scale-lib, Jar:dictomaton, Jar:fastutil, Jar:lz4, Jar:mapdb]
[[1;33mWARNING[m] Bundle org.apromore:log-osgi:bundle:1.1 : Split package, multiple jars provide the same package:org/deckfour/xes/classification
Use Import/Export Package directive -split-package:=(merge-first|merge-last|error|first) to get rid of this warning
Package found in   [Jar:openxes, Jar:openxes]
Class path         [Jar:., Jar:xstream, Jar:xmlpull, Jar:xpp3_min, Jar:guava, Jar:openxes, Jar:eclipse-collections-api, Jar:org.apache.servicemix.bundles.xpp3, Jar:kryo, Jar:reflectasm, Jar:asm, Jar:minlog, Jar:objenesis, Jar:spex, Jar:eclipse-collections, Jar:xeslite, Jar:openxes, Jar:high-scale-lib, Jar:dictomaton, Jar:fastutil, Jar:lz4, Jar:mapdb]
[[1;33mWARNING[m] Bundle org.apromore:log-osgi:bundle:1.1 : Split package, multiple jars provide the same package:org/deckfour/xes/in
Use Import/Export Package directive -split-package:=(merge-first|merge-last|error|first) to get rid of this warning
Package found in   [Jar:openxes, Jar:openxes]
Class path         [Jar:., Jar:xstream, Jar:xmlpull, Jar:xpp3_min, Jar:guava, Jar:openxes, Jar:eclipse-collections-api, Jar:org.apache.servicemix.bundles.xpp3, Jar:kryo, Jar:reflectasm, Jar:asm, Jar:minlog, Jar:objenesis, Jar:spex, Jar:eclipse-collections, Jar:xeslite, Jar:openxes, Jar:high-scale-lib, Jar:dictomaton, Jar:fastutil, Jar:lz4, Jar:mapdb]
[[1;33mWARNING[m] Bundle org.apromore:log-osgi:bundle:1.1 : Split package, multiple jars provide the same package:org/deckfour/xes/info/impl
Use Import/Export Package directive -split-package:=(merge-first|merge-last|error|first) to get rid of this warning
Package found in   [Jar:openxes, Jar:openxes]
Class path         [Jar:., Jar:xstream, Jar:xmlpull, Jar:xpp3_min, Jar:guava, Jar:openxes, Jar:eclipse-collections-api, Jar:org.apache.servicemix.bundles.xpp3, Jar:kryo, Jar:reflectasm, Jar:asm, Jar:minlog, Jar:objenesis, Jar:spex, Jar:eclipse-collections, Jar:xeslite, Jar:openxes, Jar:high-scale-lib, Jar:dictomaton, Jar:fastutil, Jar:lz4, Jar:mapdb]
[[1;33mWARNING[m] Bundle org.apromore:log-osgi:bundle:1.1 : Split package, multiple jars provide the same package:org/deckfour/xes/id
Use Import/Export Package directive -split-package:=(merge-first|merge-last|error|first) to get rid of this warning
Package found in   [Jar:openxes, Jar:openxes]
Class path         [Jar:., Jar:xstream, Jar:xmlpull, Jar:xpp3_min, Jar:guava, Jar:openxes, Jar:eclipse-collections-api, Jar:org.apache.servicemix.bundles.xpp3, Jar:kryo, Jar:reflectasm, Jar:asm, Jar:minlog, Jar:objenesis, Jar:spex, Jar:eclipse-collections, Jar:xeslite, Jar:openxes, Jar:high-scale-lib, Jar:dictomaton, Jar:fastutil, Jar:lz4, Jar:mapdb]
[[1;33mWARNING[m] Bundle org.apromore:log-osgi:bundle:1.1 : Split package, multiple jars provide the same package:org/deckfour/xes/xstream
Use Import/Export Package directive -split-package:=(merge-first|merge-last|error|first) to get rid of this warning
Package found in   [Jar:openxes, Jar:openxes]
Class path         [Jar:., Jar:xstream, Jar:xmlpull, Jar:xpp3_min, Jar:guava, Jar:openxes, Jar:eclipse-collections-api, Jar:org.apache.servicemix.bundles.xpp3, Jar:kryo, Jar:reflectasm, Jar:asm, Jar:minlog, Jar:objenesis, Jar:spex, Jar:eclipse-collections, Jar:xeslite, Jar:openxes, Jar:high-scale-lib, Jar:dictomaton, Jar:fastutil, Jar:lz4, Jar:mapdb]
[[1;33mWARNING[m] Bundle org.apromore:log-osgi:bundle:1.1 : Split package, multiple jars provide the same package:org/deckfour/xes/nikefs2
Use Import/Export Package directive -split-package:=(merge-first|merge-last|error|first) to get rid of this warning
Package found in   [Jar:openxes, Jar:openxes]
Class path         [Jar:., Jar:xstream, Jar:xmlpull, Jar:xpp3_min, Jar:guava, Jar:openxes, Jar:eclipse-collections-api, Jar:org.apache.servicemix.bundles.xpp3, Jar:kryo, Jar:reflectasm, Jar:asm, Jar:minlog, Jar:objenesis, Jar:spex, Jar:eclipse-collections, Jar:xeslite, Jar:openxes, Jar:high-scale-lib, Jar:dictomaton, Jar:fastutil, Jar:lz4, Jar:mapdb]
[[1;33mWARNING[m] Bundle org.apromore:log-osgi:bundle:1.1 : Split package, multiple jars provide the same package:org/deckfour/xes/model/buffered
Use Import/Export Package directive -split-package:=(merge-first|merge-last|error|first) to get rid of this warning
Package found in   [Jar:openxes, Jar:openxes]
Class path         [Jar:., Jar:xstream, Jar:xmlpull, Jar:xpp3_min, Jar:guava, Jar:openxes, Jar:eclipse-collections-api, Jar:org.apache.servicemix.bundles.xpp3, Jar:kryo, Jar:reflectasm, Jar:asm, Jar:minlog, Jar:objenesis, Jar:spex, Jar:eclipse-collections, Jar:xeslite, Jar:openxes, Jar:high-scale-lib, Jar:dictomaton, Jar:fastutil, Jar:lz4, Jar:mapdb]
[[1;33mWARNING[m] Bundle org.apromore:log-osgi:bundle:1.1 : Split package, multiple jars provide the same package:org/deckfour/xes/out
Use Import/Export Package directive -split-package:=(merge-first|merge-last|error|first) to get rid of this warning
Package found in   [Jar:openxes, Jar:openxes]
Class path         [Jar:., Jar:xstream, Jar:xmlpull, Jar:xpp3_min, Jar:guava, Jar:openxes, Jar:eclipse-collections-api, Jar:org.apache.servicemix.bundles.xpp3, Jar:kryo, Jar:reflectasm, Jar:asm, Jar:minlog, Jar:objenesis, Jar:spex, Jar:eclipse-collections, Jar:xeslite, Jar:openxes, Jar:high-scale-lib, Jar:dictomaton, Jar:fastutil, Jar:lz4, Jar:mapdb]
[[1;33mWARNING[m] Bundle org.apromore:log-osgi:bundle:1.1 : Split package, multiple jars provide the same package:org/deckfour/xes/extension/std
Use Import/Export Package directive -split-package:=(merge-first|merge-last|error|first) to get rid of this warning
Package found in   [Jar:openxes, Jar:openxes]
Class path         [Jar:., Jar:xstream, Jar:xmlpull, Jar:xpp3_min, Jar:guava, Jar:openxes, Jar:eclipse-collections-api, Jar:org.apache.servicemix.bundles.xpp3, Jar:kryo, Jar:reflectasm, Jar:asm, Jar:minlog, Jar:objenesis, Jar:spex, Jar:eclipse-collections, Jar:xeslite, Jar:openxes, Jar:high-scale-lib, Jar:dictomaton, Jar:fastutil, Jar:lz4, Jar:mapdb]
[[1;33mWARNING[m] Bundle org.apromore:log-osgi:bundle:1.1 : Export org.xeslite.dfa,  has 1,  private references [eu.danieldk.dictomaton], 
[[1;33mWARNING[m] Bundle org.apromore:log-osgi:bundle:1.1 : Export org.xeslite.external,  has 1,  private references [org.mapdb], 
[[1;34mINFO[m] 
[[1;34mINFO[m] [1m--- [0;32mmaven-surefire-plugin:2.14.1:test[m [1m(integration-test)[m @ [36mlog-osgi[0;1m ---[m
[[1;34mINFO[m] No tests to run.
[[1;34mINFO[m] 
[[1;34mINFO[m] [1m--- [0;32mmaven-source-plugin:2.2.1:jar-no-fork[m [1m(generate-sources)[m @ [36mlog-osgi[0;1m ---[m
[[1;34mINFO[m] Building jar: /home/javier/ApromoreCE/ApromoreCore/Apromore-OSGI-Bundles/log-osgi/target/log-osgi-1.1-sources.jar
[[1;34mINFO[m] 
[[1;34mINFO[m] [1m--- [0;32mmaven-checkstyle-plugin:2.10:checkstyle[m [1m(run-checkstyle)[m @ [36mlog-osgi[0;1m ---[m
[[1;34mINFO[m] 
[[1;34mINFO[m] [1m--- [0;32mjacoco-maven-plugin:0.8.4:check[m [1m(check)[m @ [36mlog-osgi[0;1m ---[m
[[1;34mINFO[m] Skipping JaCoCo execution because property jacoco.skip is set.
[[1;34mINFO[m] 
[[1;34mINFO[m] [1m--- [0;32mmaven-install-plugin:2.4:install[m [1m(default-install)[m @ [36mlog-osgi[0;1m ---[m
[[1;34mINFO[m] Installing /home/javier/ApromoreCE/ApromoreCore/Apromore-OSGI-Bundles/log-osgi/target/log-osgi-1.1.jar to /home/javier/.m2/repository/org/apromore/log-osgi/1.1/log-osgi-1.1.jar
[[1;34mINFO[m] Installing /home/javier/ApromoreCE/ApromoreCore/Apromore-OSGI-Bundles/log-osgi/pom.xml to /home/javier/.m2/repository/org/apromore/log-osgi/1.1/log-osgi-1.1.pom
[[1;34mINFO[m] Installing /home/javier/ApromoreCE/ApromoreCore/Apromore-OSGI-Bundles/log-osgi/target/log-osgi-1.1-sources.jar to /home/javier/.m2/repository/org/apromore/log-osgi/1.1/log-osgi-1.1-sources.jar
[[1;34mINFO[m] 
[[1;34mINFO[m] [1m--- [0;32mmaven-bundle-plugin:3.0.1:install[m [1m(default-install)[m @ [36mlog-osgi[0;1m ---[m
[[1;34mINFO[m] Installing org/apromore/log-osgi/1.1/log-osgi-1.1.jar
[[1;34mINFO[m] Writing OBR metadata
[[1;34mINFO[m] 
[[1;34mINFO[m] [1m---------------------< [0;36morg.apromore:lpsolve-osgi[0;1m >----------------------[m
[[1;34mINFO[m] [1mBuilding lpsolve-osgi 1.1                                        [5/124][m
[[1;34mINFO[m] [1m-------------------------------[ bundle ]-------------------------------[m
[[1;34mINFO[m] 
[[1;34mINFO[m] [1m--- [0;32mmaven-clean-plugin:2.5:clean[m [1m(default-clean)[m @ [36mlpsolve-osgi[0;1m ---[m
[[1;34mINFO[m] Deleting /home/javier/ApromoreCE/ApromoreCore/Apromore-OSGI-Bundles/lpsolve-osgi/target
[[1;34mINFO[m] Deleting /home/javier/ApromoreCE/ApromoreCore/Apromore-OSGI-Bundles/lpsolve-osgi (includes = [surefire*], excludes = [])
[[1;34mINFO[m] 
[[1;34mINFO[m] [1m--- [0;32mmaven-enforcer-plugin:1.3:enforce[m [1m(enforce-banned-dependencies)[m @ [36mlpsolve-osgi[0;1m ---[m
[[1;34mINFO[m] 
[[1;34mINFO[m] [1m--- [0;32mgit-commit-id-plugin:2.2.1:revision[m [1m(get-the-git-infos)[m @ [36mlpsolve-osgi[0;1m ---[m
[[1;34mINFO[m] 
[[1;34mINFO[m] [1m--- [0;32mjacoco-maven-plugin:0.8.4:prepare-agent[m [1m(prepare-agent)[m @ [36mlpsolve-osgi[0;1m ---[m
[[1;34mINFO[m] Skipping JaCoCo execution because property jacoco.skip is set.
[[1;34mINFO[m] argLine set to empty
[[1;34mINFO[m] 
[[1;34mINFO[m] [1m--- [0;32mmaven-resources-plugin:2.6:resources[m [1m(default-resources)[m @ [36mlpsolve-osgi[0;1m ---[m
[[1;34mINFO[m] Using 'UTF-8' encoding to copy filtered resources.
[[1;34mINFO[m] Copying 1 resource
[[1;34mINFO[m] 
[[1;34mINFO[m] [1m--- [0;32mmaven-jxr-plugin:2.3:jxr[m [1m(default)[m @ [36mlpsolve-osgi[0;1m ---[m
[[1;34mINFO[m] 
[[1;34mINFO[m] [1m--- [0;32mmaven-compiler-plugin:3.0:compile[m [1m(default-compile)[m @ [36mlpsolve-osgi[0;1m ---[m
[[1;34mINFO[m] No sources to compile
[[1;34mINFO[m] 
[[1;34mINFO[m] [1m--- [0;32mmaven-bundle-plugin:3.0.1:manifest[m [1m(bundle-manifest)[m @ [36mlpsolve-osgi[0;1m ---[m
[[1;34mINFO[m] 
[[1;34mINFO[m] [1m--- [0;32mmaven-resources-plugin:2.6:testResources[m [1m(default-testResources)[m @ [36mlpsolve-osgi[0;1m ---[m
[[1;34mINFO[m] Using 'UTF-8' encoding to copy filtered resources.
[[1;34mINFO[m] skip non existing resourceDirectory /home/javier/ApromoreCE/ApromoreCore/Apromore-OSGI-Bundles/lpsolve-osgi/src/test/resources
[[1;34mINFO[m] 
[[1;34mINFO[m] [1m--- [0;32mmaven-compiler-plugin:3.0:testCompile[m [1m(default-testCompile)[m @ [36mlpsolve-osgi[0;1m ---[m
[[1;34mINFO[m] No sources to compile
[[1;34mINFO[m] 
[[1;34mINFO[m] [1m--- [0;32mmaven-surefire-plugin:2.14.1:test[m [1m(default-test)[m @ [36mlpsolve-osgi[0;1m ---[m
[[1;34mINFO[m] No tests to run.
[[1;34mINFO[m] 
[[1;34mINFO[m] [1m--- [0;32mjacoco-maven-plugin:0.8.4:report[m [1m(report)[m @ [36mlpsolve-osgi[0;1m ---[m
[[1;34mINFO[m] Skipping JaCoCo execution because property jacoco.skip is set.
[[1;34mINFO[m] 
[[1;34mINFO[m] [1m--- [0;32mmaven-bundle-plugin:3.0.1:bundle[m [1m(default-bundle)[m @ [36mlpsolve-osgi[0;1m ---[m
[[1;34mINFO[m] 
[[1;34mINFO[m] [1m--- [0;32mmaven-surefire-plugin:2.14.1:test[m [1m(integration-test)[m @ [36mlpsolve-osgi[0;1m ---[m
[[1;34mINFO[m] No tests to run.
[[1;34mINFO[m] 
[[1;34mINFO[m] [1m--- [0;32mmaven-source-plugin:2.2.1:jar-no-fork[m [1m(generate-sources)[m @ [36mlpsolve-osgi[0;1m ---[m
[[1;34mINFO[m] Building jar: /home/javier/ApromoreCE/ApromoreCore/Apromore-OSGI-Bundles/lpsolve-osgi/target/lpsolve-osgi-1.1-sources.jar
[[1;34mINFO[m] 
[[1;34mINFO[m] [1m--- [0;32mmaven-checkstyle-plugin:2.10:checkstyle[m [1m(run-checkstyle)[m @ [36mlpsolve-osgi[0;1m ---[m
[[1;34mINFO[m] 
[[1;34mINFO[m] [1m--- [0;32mjacoco-maven-plugin:0.8.4:check[m [1m(check)[m @ [36mlpsolve-osgi[0;1m ---[m
[[1;34mINFO[m] Skipping JaCoCo execution because property jacoco.skip is set.
[[1;34mINFO[m] 
[[1;34mINFO[m] [1m--- [0;32mmaven-install-plugin:2.4:install[m [1m(default-install)[m @ [36mlpsolve-osgi[0;1m ---[m
[[1;34mINFO[m] Installing /home/javier/ApromoreCE/ApromoreCore/Apromore-OSGI-Bundles/lpsolve-osgi/target/lpsolve-osgi-1.1.jar to /home/javier/.m2/repository/org/apromore/lpsolve-osgi/1.1/lpsolve-osgi-1.1.jar
[[1;34mINFO[m] Installing /home/javier/ApromoreCE/ApromoreCore/Apromore-OSGI-Bundles/lpsolve-osgi/pom.xml to /home/javier/.m2/repository/org/apromore/lpsolve-osgi/1.1/lpsolve-osgi-1.1.pom
[[1;34mINFO[m] Installing /home/javier/ApromoreCE/ApromoreCore/Apromore-OSGI-Bundles/lpsolve-osgi/target/lpsolve-osgi-1.1-sources.jar to /home/javier/.m2/repository/org/apromore/lpsolve-osgi/1.1/lpsolve-osgi-1.1-sources.jar
[[1;34mINFO[m] 
[[1;34mINFO[m] [1m--- [0;32mmaven-bundle-plugin:3.0.1:install[m [1m(default-install)[m @ [36mlpsolve-osgi[0;1m ---[m
[[1;34mINFO[m] Installing org/apromore/lpsolve-osgi/1.1/lpsolve-osgi-1.1.jar
[[1;34mINFO[m] Writing OBR metadata
[[1;34mINFO[m] 
[[1;34mINFO[m] [1m---------------------< [0;36morg.apromore:hpi-bpt-osgi[0;1m >----------------------[m
[[1;34mINFO[m] [1mBuilding hpi-bpt-osgi 1.0                                        [6/124][m
[[1;34mINFO[m] [1m-------------------------------[ bundle ]-------------------------------[m
[[1;34mINFO[m] 
[[1;34mINFO[m] [1m--- [0;32mmaven-clean-plugin:2.5:clean[m [1m(default-clean)[m @ [36mhpi-bpt-osgi[0;1m ---[m
[[1;34mINFO[m] Deleting /home/javier/ApromoreCE/ApromoreCore/Apromore-OSGI-Bundles/hpi-bpt-osgi/target
[[1;34mINFO[m] Deleting /home/javier/ApromoreCE/ApromoreCore/Apromore-OSGI-Bundles/hpi-bpt-osgi (includes = [surefire*], excludes = [])
[[1;34mINFO[m] 
[[1;34mINFO[m] [1m--- [0;32mmaven-enforcer-plugin:1.3:enforce[m [1m(enforce-banned-dependencies)[m @ [36mhpi-bpt-osgi[0;1m ---[m
[[1;34mINFO[m] 
[[1;34mINFO[m] [1m--- [0;32mgit-commit-id-plugin:2.2.1:revision[m [1m(get-the-git-infos)[m @ [36mhpi-bpt-osgi[0;1m ---[m
[[1;34mINFO[m] 
[[1;34mINFO[m] [1m--- [0;32mjacoco-maven-plugin:0.8.4:prepare-agent[m [1m(prepare-agent)[m @ [36mhpi-bpt-osgi[0;1m ---[m
[[1;34mINFO[m] Skipping JaCoCo execution because property jacoco.skip is set.
[[1;34mINFO[m] argLine set to empty
[[1;34mINFO[m] 
[[1;34mINFO[m] [1m--- [0;32mmaven-resources-plugin:2.6:resources[m [1m(default-resources)[m @ [36mhpi-bpt-osgi[0;1m ---[m
[[1;34mINFO[m] Using 'UTF-8' encoding to copy filtered resources.
[[1;34mINFO[m] Copying 1 resource
[[1;34mINFO[m] 
[[1;34mINFO[m] [1m--- [0;32mmaven-jxr-plugin:2.3:jxr[m [1m(default)[m @ [36mhpi-bpt-osgi[0;1m ---[m
[[1;34mINFO[m] 
[[1;34mINFO[m] [1m--- [0;32mmaven-compiler-plugin:3.0:compile[m [1m(default-compile)[m @ [36mhpi-bpt-osgi[0;1m ---[m
[[1;34mINFO[m] No sources to compile
[[1;34mINFO[m] 
[[1;34mINFO[m] [1m--- [0;32mmaven-bundle-plugin:2.3.7:manifest[m [1m(bundle-manifest)[m @ [36mhpi-bpt-osgi[0;1m ---[m
[[1;34mINFO[m] 
[[1;34mINFO[m] [1m--- [0;32mmaven-resources-plugin:2.6:testResources[m [1m(default-testResources)[m @ [36mhpi-bpt-osgi[0;1m ---[m
[[1;34mINFO[m] Using 'UTF-8' encoding to copy filtered resources.
[[1;34mINFO[m] skip non existing resourceDirectory /home/javier/ApromoreCE/ApromoreCore/Apromore-OSGI-Bundles/hpi-bpt-osgi/src/test/resources
[[1;34mINFO[m] 
[[1;34mINFO[m] [1m--- [0;32mmaven-compiler-plugin:3.0:testCompile[m [1m(default-testCompile)[m @ [36mhpi-bpt-osgi[0;1m ---[m
[[1;34mINFO[m] No sources to compile
[[1;34mINFO[m] 
[[1;34mINFO[m] [1m--- [0;32mmaven-surefire-plugin:2.14.1:test[m [1m(default-test)[m @ [36mhpi-bpt-osgi[0;1m ---[m
[[1;34mINFO[m] No tests to run.
[[1;34mINFO[m] 
[[1;34mINFO[m] [1m--- [0;32mjacoco-maven-plugin:0.8.4:report[m [1m(report)[m @ [36mhpi-bpt-osgi[0;1m ---[m
[[1;34mINFO[m] Skipping JaCoCo execution because property jacoco.skip is set.
[[1;34mINFO[m] 
[[1;34mINFO[m] [1m--- [0;32mmaven-bundle-plugin:2.3.7:bundle[m [1m(default-bundle)[m @ [36mhpi-bpt-osgi[0;1m ---[m
[[1;34mINFO[m] 
[[1;34mINFO[m] [1m--- [0;32mmaven-surefire-plugin:2.14.1:test[m [1m(integration-test)[m @ [36mhpi-bpt-osgi[0;1m ---[m
[[1;34mINFO[m] No tests to run.
[[1;34mINFO[m] 
[[1;34mINFO[m] [1m--- [0;32mmaven-source-plugin:2.2.1:jar-no-fork[m [1m(generate-sources)[m @ [36mhpi-bpt-osgi[0;1m ---[m
[[1;34mINFO[m] Building jar: /home/javier/ApromoreCE/ApromoreCore/Apromore-OSGI-Bundles/hpi-bpt-osgi/target/hpi-bpt-osgi-1.0-sources.jar
[[1;34mINFO[m] 
[[1;34mINFO[m] [1m--- [0;32mmaven-checkstyle-plugin:2.10:checkstyle[m [1m(run-checkstyle)[m @ [36mhpi-bpt-osgi[0;1m ---[m
[[1;34mINFO[m] 
[[1;34mINFO[m] [1m--- [0;32mjacoco-maven-plugin:0.8.4:check[m [1m(check)[m @ [36mhpi-bpt-osgi[0;1m ---[m
[[1;34mINFO[m] Skipping JaCoCo execution because property jacoco.skip is set.
[[1;34mINFO[m] 
[[1;34mINFO[m] [1m--- [0;32mmaven-install-plugin:2.4:install[m [1m(default-install)[m @ [36mhpi-bpt-osgi[0;1m ---[m
[[1;34mINFO[m] Installing /home/javier/ApromoreCE/ApromoreCore/Apromore-OSGI-Bundles/hpi-bpt-osgi/target/hpi-bpt-osgi-1.0.jar to /home/javier/.m2/repository/org/apromore/hpi-bpt-osgi/1.0/hpi-bpt-osgi-1.0.jar
[[1;34mINFO[m] Installing /home/javier/ApromoreCE/ApromoreCore/Apromore-OSGI-Bundles/hpi-bpt-osgi/pom.xml to /home/javier/.m2/repository/org/apromore/hpi-bpt-osgi/1.0/hpi-bpt-osgi-1.0.pom
[[1;34mINFO[m] Installing /home/javier/ApromoreCE/ApromoreCore/Apromore-OSGI-Bundles/hpi-bpt-osgi/target/hpi-bpt-osgi-1.0-sources.jar to /home/javier/.m2/repository/org/apromore/hpi-bpt-osgi/1.0/hpi-bpt-osgi-1.0-sources.jar
[[1;34mINFO[m] 
[[1;34mINFO[m] [1m--- [0;32mmaven-bundle-plugin:2.3.7:install[m [1m(default-install)[m @ [36mhpi-bpt-osgi[0;1m ---[m
[[1;34mINFO[m] Installing org/apromore/hpi-bpt-osgi/1.0/hpi-bpt-osgi-1.0.jar
[[1;34mINFO[m] Writing OBR metadata
[[1;34mINFO[m] 
[[1;34mINFO[m] [1m---------------< [0;36morg.apromore:eclipse-collections-osgi[0;1m >----------------[m
[[1;34mINFO[m] [1mBuilding eclipse-collections-osgi 1.1                            [7/124][m
[[1;34mINFO[m] [1m-------------------------------[ bundle ]-------------------------------[m
[[1;34mINFO[m] 
[[1;34mINFO[m] [1m--- [0;32mmaven-clean-plugin:2.5:clean[m [1m(default-clean)[m @ [36meclipse-collections-osgi[0;1m ---[m
[[1;34mINFO[m] Deleting /home/javier/ApromoreCE/ApromoreCore/Apromore-OSGI-Bundles/eclipse-collections-osgi/target
[[1;34mINFO[m] Deleting /home/javier/ApromoreCE/ApromoreCore/Apromore-OSGI-Bundles/eclipse-collections-osgi (includes = [surefire*], excludes = [])
[[1;34mINFO[m] 
[[1;34mINFO[m] [1m--- [0;32mmaven-enforcer-plugin:1.3:enforce[m [1m(enforce-banned-dependencies)[m @ [36meclipse-collections-osgi[0;1m ---[m
[[1;34mINFO[m] 
[[1;34mINFO[m] [1m--- [0;32mgit-commit-id-plugin:2.2.1:revision[m [1m(get-the-git-infos)[m @ [36meclipse-collections-osgi[0;1m ---[m
[[1;34mINFO[m] 
[[1;34mINFO[m] [1m--- [0;32mjacoco-maven-plugin:0.8.4:prepare-agent[m [1m(prepare-agent)[m @ [36meclipse-collections-osgi[0;1m ---[m
[[1;34mINFO[m] Skipping JaCoCo execution because property jacoco.skip is set.
[[1;34mINFO[m] argLine set to empty
[[1;34mINFO[m] 
[[1;34mINFO[m] [1m--- [0;32mmaven-resources-plugin:2.6:resources[m [1m(default-resources)[m @ [36meclipse-collections-osgi[0;1m ---[m
[[1;34mINFO[m] Using 'UTF-8' encoding to copy filtered resources.
[[1;34mINFO[m] Copying 1 resource
[[1;34mINFO[m] 
[[1;34mINFO[m] [1m--- [0;32mmaven-jxr-plugin:2.3:jxr[m [1m(default)[m @ [36meclipse-collections-osgi[0;1m ---[m
[[1;34mINFO[m] 
[[1;34mINFO[m] [1m--- [0;32mmaven-compiler-plugin:3.0:compile[m [1m(default-compile)[m @ [36meclipse-collections-osgi[0;1m ---[m
[[1;34mINFO[m] No sources to compile
[[1;34mINFO[m] 
[[1;34mINFO[m] [1m--- [0;32mmaven-bundle-plugin:3.0.1:manifest[m [1m(bundle-manifest)[m @ [36meclipse-collections-osgi[0;1m ---[m
[[1;34mINFO[m] 
[[1;34mINFO[m] [1m--- [0;32mmaven-resources-plugin:2.6:testResources[m [1m(default-testResources)[m @ [36meclipse-collections-osgi[0;1m ---[m
[[1;34mINFO[m] Using 'UTF-8' encoding to copy filtered resources.
[[1;34mINFO[m] skip non existing resourceDirectory /home/javier/ApromoreCE/ApromoreCore/Apromore-OSGI-Bundles/eclipse-collections-osgi/src/test/resources
[[1;34mINFO[m] 
[[1;34mINFO[m] [1m--- [0;32mmaven-compiler-plugin:3.0:testCompile[m [1m(default-testCompile)[m @ [36meclipse-collections-osgi[0;1m ---[m
[[1;34mINFO[m] No sources to compile
[[1;34mINFO[m] 
[[1;34mINFO[m] [1m--- [0;32mmaven-surefire-plugin:2.14.1:test[m [1m(default-test)[m @ [36meclipse-collections-osgi[0;1m ---[m
[[1;34mINFO[m] No tests to run.
[[1;34mINFO[m] 
[[1;34mINFO[m] [1m--- [0;32mjacoco-maven-plugin:0.8.4:report[m [1m(report)[m @ [36meclipse-collections-osgi[0;1m ---[m
[[1;34mINFO[m] Skipping JaCoCo execution because property jacoco.skip is set.
[[1;34mINFO[m] 
[[1;34mINFO[m] [1m--- [0;32mmaven-bundle-plugin:3.0.1:bundle[m [1m(default-bundle)[m @ [36meclipse-collections-osgi[0;1m ---[m
[[1;34mINFO[m] 
[[1;34mINFO[m] [1m--- [0;32mmaven-antrun-plugin:1.8:run[m [1m(antrun-archive)[m @ [36meclipse-collections-osgi[0;1m ---[m
[[1;34mINFO[m] Executing tasks

main:
      [jar] Building jar: /home/javier/ApromoreCE/ApromoreCore/Apromore-OSGI-Bundles/eclipse-collections-osgi/target/eclipse-collections-osgi-1.1.tmp
     [move] Moving 1 file to /home/javier/ApromoreCE/ApromoreCore/Apromore-OSGI-Bundles/eclipse-collections-osgi/target
[[1;34mINFO[m] Executed tasks
[[1;34mINFO[m] 
[[1;34mINFO[m] [1m--- [0;32mmaven-surefire-plugin:2.14.1:test[m [1m(integration-test)[m @ [36meclipse-collections-osgi[0;1m ---[m
[[1;34mINFO[m] No tests to run.
[[1;34mINFO[m] 
[[1;34mINFO[m] [1m--- [0;32mmaven-source-plugin:2.2.1:jar-no-fork[m [1m(generate-sources)[m @ [36meclipse-collections-osgi[0;1m ---[m
[[1;34mINFO[m] Building jar: /home/javier/ApromoreCE/ApromoreCore/Apromore-OSGI-Bundles/eclipse-collections-osgi/target/eclipse-collections-osgi-1.1-sources.jar
[[1;34mINFO[m] 
[[1;34mINFO[m] [1m--- [0;32mmaven-checkstyle-plugin:2.10:checkstyle[m [1m(run-checkstyle)[m @ [36meclipse-collections-osgi[0;1m ---[m
[[1;34mINFO[m] 
[[1;34mINFO[m] [1m--- [0;32mjacoco-maven-plugin:0.8.4:check[m [1m(check)[m @ [36meclipse-collections-osgi[0;1m ---[m
[[1;34mINFO[m] Skipping JaCoCo execution because property jacoco.skip is set.
[[1;34mINFO[m] 
[[1;34mINFO[m] [1m--- [0;32mmaven-install-plugin:2.4:install[m [1m(default-install)[m @ [36meclipse-collections-osgi[0;1m ---[m
[[1;34mINFO[m] Installing /home/javier/ApromoreCE/ApromoreCore/Apromore-OSGI-Bundles/eclipse-collections-osgi/target/eclipse-collections-osgi-1.1.jar to /home/javier/.m2/repository/org/apromore/eclipse-collections-osgi/1.1/eclipse-collections-osgi-1.1.jar
[[1;34mINFO[m] Installing /home/javier/ApromoreCE/ApromoreCore/Apromore-OSGI-Bundles/eclipse-collections-osgi/pom.xml to /home/javier/.m2/repository/org/apromore/eclipse-collections-osgi/1.1/eclipse-collections-osgi-1.1.pom
[[1;34mINFO[m] Installing /home/javier/ApromoreCE/ApromoreCore/Apromore-OSGI-Bundles/eclipse-collections-osgi/target/eclipse-collections-osgi-1.1-sources.jar to /home/javier/.m2/repository/org/apromore/eclipse-collections-osgi/1.1/eclipse-collections-osgi-1.1-sources.jar
[[1;34mINFO[m] 
[[1;34mINFO[m] [1m--- [0;32mmaven-bundle-plugin:3.0.1:install[m [1m(default-install)[m @ [36meclipse-collections-osgi[0;1m ---[m
[[1;34mINFO[m] Installing org/apromore/eclipse-collections-osgi/1.1/eclipse-collections-osgi-1.1.jar
[[1;34mINFO[m] Writing OBR metadata
[[1;34mINFO[m] 
[[1;34mINFO[m] [1m-------------------------< [0;36morg.json:json-osgi[0;1m >-------------------------[m
[[1;34mINFO[m] [1mBuilding json-osgi 1.0                                           [8/124][m
[[1;34mINFO[m] [1m-------------------------------[ bundle ]-------------------------------[m
Downloading from central: https://repo.maven.apache.org/maven2/org/apache/maven/plugins/maven-resources-plugin/maven-metadata.xml
Progress (1): 1.1 kB                    Downloaded from central: https://repo.maven.apache.org/maven2/org/apache/maven/plugins/maven-resources-plugin/maven-metadata.xml (1.1 kB at 2.5 kB/s)
Downloading from central: https://repo.maven.apache.org/maven2/org/apache/maven/plugins/maven-compiler-plugin/maven-metadata.xml
Progress (1): 1.5 kB                    Downloaded from central: https://repo.maven.apache.org/maven2/org/apache/maven/plugins/maven-compiler-plugin/maven-metadata.xml (1.5 kB at 15 kB/s)
Downloading from central: https://repo.maven.apache.org/maven2/org/apache/maven/plugins/maven-surefire-plugin/maven-metadata.xml
Progress (1): 2.5 kB                    Downloaded from central: https://repo.maven.apache.org/maven2/org/apache/maven/plugins/maven-surefire-plugin/maven-metadata.xml (2.5 kB at 9.3 kB/s)
Downloading from central: https://repo.maven.apache.org/maven2/org/apache/maven/plugins/maven-install-plugin/maven-metadata.xml
Progress (1): 964 B                   Downloaded from central: https://repo.maven.apache.org/maven2/org/apache/maven/plugins/maven-install-plugin/maven-metadata.xml (964 B at 9.8 kB/s)
Downloading from central: https://repo.maven.apache.org/maven2/org/apache/maven/plugins/maven-deploy-plugin/maven-metadata.xml
Progress (1): 1.1 kB                    Downloaded from central: https://repo.maven.apache.org/maven2/org/apache/maven/plugins/maven-deploy-plugin/maven-metadata.xml (1.1 kB at 7.9 kB/s)
[[1;34mINFO[m] 
[[1;34mINFO[m] [1m--- [0;32mmaven-clean-plugin:2.5:clean[m [1m(default-clean)[m @ [36mjson-osgi[0;1m ---[m
[[1;34mINFO[m] Deleting /home/javier/ApromoreCE/ApromoreCore/Apromore-OSGI-Bundles/json-osgi/target
[[1;34mINFO[m] 
[[1;34mINFO[m] [1m--- [0;32mmaven-resources-plugin:3.3.1:resources[m [1m(default-resources)[m @ [36mjson-osgi[0;1m ---[m
[[1;33mWARNING[m] Using platform encoding (UTF-8 actually) to copy filtered resources, i.e. build is platform dependent!
[[1;34mINFO[m] Copying 1 resource from src/main/resources to target/classes
[[1;34mINFO[m] 
[[1;34mINFO[m] [1m--- [0;32mmaven-compiler-plugin:3.12.1:compile[m [1m(default-compile)[m @ [36mjson-osgi[0;1m ---[m
[[1;34mINFO[m] No sources to compile
[[1;34mINFO[m] 
[[1;34mINFO[m] [1m--- [0;32mmaven-resources-plugin:3.3.1:testResources[m [1m(default-testResources)[m @ [36mjson-osgi[0;1m ---[m
[[1;33mWARNING[m] Using platform encoding (UTF-8 actually) to copy filtered resources, i.e. build is platform dependent!
[[1;34mINFO[m] skip non existing resourceDirectory /home/javier/ApromoreCE/ApromoreCore/Apromore-OSGI-Bundles/json-osgi/src/test/resources
[[1;34mINFO[m] 
[[1;34mINFO[m] [1m--- [0;32mmaven-compiler-plugin:3.12.1:testCompile[m [1m(default-testCompile)[m @ [36mjson-osgi[0;1m ---[m
[[1;34mINFO[m] No sources to compile
[[1;34mINFO[m] 
[[1;34mINFO[m] [1m--- [0;32mmaven-surefire-plugin:3.2.5:test[m [1m(default-test)[m @ [36mjson-osgi[0;1m ---[m
[[1;34mINFO[m] No tests to run.
[[1;34mINFO[m] 
[[1;34mINFO[m] [1m--- [0;32mmaven-bundle-plugin:3.0.1:bundle[m [1m(default-bundle)[m @ [36mjson-osgi[0;1m ---[m
[[1;34mINFO[m] 
[[1;34mINFO[m] [1m--- [0;32mmaven-install-plugin:3.1.1:install[m [1m(default-install)[m @ [36mjson-osgi[0;1m ---[m
[[1;34mINFO[m] Installing /home/javier/ApromoreCE/ApromoreCore/Apromore-OSGI-Bundles/json-osgi/pom.xml to /home/javier/.m2/repository/org/json/json-osgi/1.0/json-osgi-1.0.pom
[[1;34mINFO[m] Installing /home/javier/ApromoreCE/ApromoreCore/Apromore-OSGI-Bundles/json-osgi/target/json-osgi-1.0.jar to /home/javier/.m2/repository/org/json/json-osgi/1.0/json-osgi-1.0.jar
[[1;34mINFO[m] 
[[1;34mINFO[m] [1m--- [0;32mmaven-bundle-plugin:3.0.1:install[m [1m(default-install)[m @ [36mjson-osgi[0;1m ---[m
[[1;34mINFO[m] Installing org/json/json-osgi/1.0/json-osgi-1.0.jar
[[1;34mINFO[m] Writing OBR metadata
[[1;34mINFO[m] 
[[1;34mINFO[m] [1m----------------------< [0;36morg.apromore:bpmn-schema[0;1m >----------------------[m
[[1;34mINFO[m] [1mBuilding Apromore BPMN Schema 1.1                                [9/124][m
[[1;34mINFO[m] [1m--------------------------------[ jar ]---------------------------------[m
[[1;34mINFO[m] 
[[1;34mINFO[m] [1m--- [0;32mmaven-clean-plugin:2.5:clean[m [1m(default-clean)[m @ [36mbpmn-schema[0;1m ---[m
[[1;34mINFO[m] Deleting /home/javier/ApromoreCE/ApromoreCore/Apromore-Schema/bpmn-schema/target
[[1;34mINFO[m] Deleting /home/javier/ApromoreCE/ApromoreCore/Apromore-Schema/bpmn-schema (includes = [surefire*], excludes = [])
[[1;34mINFO[m] 
[[1;34mINFO[m] [1m--- [0;32mmaven-enforcer-plugin:1.3:enforce[m [1m(enforce-banned-dependencies)[m @ [36mbpmn-schema[0;1m ---[m
[[1;34mINFO[m] 
[[1;34mINFO[m] [1m--- [0;32mgit-commit-id-plugin:2.2.1:revision[m [1m(get-the-git-infos)[m @ [36mbpmn-schema[0;1m ---[m
[[1;34mINFO[m] 
[[1;34mINFO[m] [1m--- [0;32mjacoco-maven-plugin:0.8.4:prepare-agent[m [1m(prepare-agent)[m @ [36mbpmn-schema[0;1m ---[m
[[1;34mINFO[m] Skipping JaCoCo execution because property jacoco.skip is set.
[[1;34mINFO[m] argLine set to empty
[[1;34mINFO[m] 
[[1;34mINFO[m] [1m--- [0;32mmaven-jaxb2-plugin:0.9.0:generate[m [1m(default)[m @ [36mbpmn-schema[0;1m ---[m
[[1;34mINFO[m] Sources are not up-to-date; XJC execution will be executed.
[[1;34mINFO[m] 
[[1;34mINFO[m] [1m--- [0;32mbuild-helper-maven-plugin:1.8:add-source[m [1m(add-source)[m @ [36mbpmn-schema[0;1m ---[m
[[1;34mINFO[m] Source directory: /home/javier/ApromoreCE/ApromoreCore/Apromore-Schema/bpmn-schema/target/generated-sources/src added.
[[1;34mINFO[m] 
[[1;34mINFO[m] [1m--- [0;32mmaven-resources-plugin:2.6:resources[m [1m(default-resources)[m @ [36mbpmn-schema[0;1m ---[m
[[1;34mINFO[m] Using 'UTF-8' encoding to copy filtered resources.
[[1;34mINFO[m] Copying 9 resources
[[1;34mINFO[m] Copying 1 resource
[[1;34mINFO[m] 
[[1;34mINFO[m] [1m--- [0;32mmaven-jxr-plugin:2.3:jxr[m [1m(default)[m @ [36mbpmn-schema[0;1m ---[m
[[1;34mINFO[m] 
[[1;34mINFO[m] [1m--- [0;32mmaven-resources-plugin:2.6:copy-resources[m [1m(copy-resources)[m @ [36mbpmn-schema[0;1m ---[m
[[1;34mINFO[m] Using 'UTF-8' encoding to copy filtered resources.
[[1;34mINFO[m] Copying 4 resources
[[1;34mINFO[m] 
[[1;34mINFO[m] [1m--- [0;32mmaven-compiler-plugin:3.0:compile[m [1m(default-compile)[m @ [36mbpmn-schema[0;1m ---[m
[[1;34mINFO[m] Changes detected - recompiling the module!
[[1;34mINFO[m] Compiling 194 source files to /home/javier/ApromoreCE/ApromoreCore/Apromore-Schema/bpmn-schema/target/classes
[[1;34mINFO[m] 
[[1;34mINFO[m] [1m--- [0;32mmaven-bundle-plugin:3.0.1:manifest[m [1m(bundle-manifest)[m @ [36mbpmn-schema[0;1m ---[m
[[1;34mINFO[m] 
[[1;34mINFO[m] [1m--- [0;32mmaven-resources-plugin:2.6:testResources[m [1m(default-testResources)[m @ [36mbpmn-schema[0;1m ---[m
[[1;34mINFO[m] Using 'UTF-8' encoding to copy filtered resources.
[[1;34mINFO[m] Copying 3 resources
[[1;34mINFO[m] 
[[1;34mINFO[m] [1m--- [0;32mmaven-compiler-plugin:3.0:testCompile[m [1m(default-testCompile)[m @ [36mbpmn-schema[0;1m ---[m
[[1;34mINFO[m] Changes detected - recompiling the module!
[[1;34mINFO[m] Compiling 1 source file to /home/javier/ApromoreCE/ApromoreCore/Apromore-Schema/bpmn-schema/target/test-classes
[[1;34mINFO[m] 
[[1;34mINFO[m] [1m--- [0;32mmaven-surefire-plugin:2.14.1:test[m [1m(default-test)[m @ [36mbpmn-schema[0;1m ---[m
[[1;34mINFO[m] Surefire report directory: /home/javier/ApromoreCE/ApromoreCore/Apromore-Schema/bpmn-schema/target/surefire-reports

-------------------------------------------------------
 T E S T S
-------------------------------------------------------
OpenJDK 64-Bit Server VM warning: ignoring option MaxPermSize=1024m; support was removed in 8.0
Running org.omg.spec.bpmn._20100524.model.DefinitionsUnitTest
Tests run: 4, Failures: 0, Errors: 0, Skipped: 0, Time elapsed: 1.439 sec

Results :

Tests run: 4, Failures: 0, Errors: 0, Skipped: 0

[[1;34mINFO[m] 
[[1;34mINFO[m] [1m--- [0;32mjacoco-maven-plugin:0.8.4:report[m [1m(report)[m @ [36mbpmn-schema[0;1m ---[m
[[1;34mINFO[m] Skipping JaCoCo execution because property jacoco.skip is set.
[[1;34mINFO[m] 
[[1;34mINFO[m] [1m--- [0;32mmaven-jar-plugin:2.3.2:jar[m [1m(default-jar)[m @ [36mbpmn-schema[0;1m ---[m
[[1;34mINFO[m] Building jar: /home/javier/ApromoreCE/ApromoreCore/Apromore-Schema/bpmn-schema/target/bpmn-schema.jar
[[1;34mINFO[m] 
[[1;34mINFO[m] [1m--- [0;32mmaven-surefire-plugin:2.14.1:test[m [1m(integration-test)[m @ [36mbpmn-schema[0;1m ---[m
[[1;34mINFO[m] 
[[1;34mINFO[m] [1m--- [0;32mmaven-source-plugin:2.2.1:jar-no-fork[m [1m(generate-sources)[m @ [36mbpmn-schema[0;1m ---[m
[[1;34mINFO[m] Building jar: /home/javier/ApromoreCE/ApromoreCore/Apromore-Schema/bpmn-schema/target/bpmn-schema-sources.jar
[[1;34mINFO[m] 
[[1;34mINFO[m] [1m--- [0;32mmaven-checkstyle-plugin:2.10:checkstyle[m [1m(run-checkstyle)[m @ [36mbpmn-schema[0;1m ---[m
[[1;34mINFO[m] 
[[1;34mINFO[m] [1m--- [0;32mjacoco-maven-plugin:0.8.4:check[m [1m(check)[m @ [36mbpmn-schema[0;1m ---[m
[[1;34mINFO[m] Skipping JaCoCo execution because property jacoco.skip is set.
[[1;34mINFO[m] 
[[1;34mINFO[m] [1m--- [0;32mmaven-install-plugin:2.4:install[m [1m(default-install)[m @ [36mbpmn-schema[0;1m ---[m
[[1;34mINFO[m] Installing /home/javier/ApromoreCE/ApromoreCore/Apromore-Schema/bpmn-schema/target/bpmn-schema.jar to /home/javier/.m2/repository/org/apromore/bpmn-schema/1.1/bpmn-schema-1.1.jar
[[1;34mINFO[m] Installing /home/javier/ApromoreCE/ApromoreCore/Apromore-Schema/bpmn-schema/pom.xml to /home/javier/.m2/repository/org/apromore/bpmn-schema/1.1/bpmn-schema-1.1.pom
[[1;34mINFO[m] Installing /home/javier/ApromoreCE/ApromoreCore/Apromore-Schema/bpmn-schema/target/bpmn-schema-sources.jar to /home/javier/.m2/repository/org/apromore/bpmn-schema/1.1/bpmn-schema-1.1-sources.jar
[[1;34mINFO[m] 
[[1;34mINFO[m] [1m----------------------< [0;36morg.apromore:cpf-schema[0;1m >-----------------------[m
[[1;34mINFO[m] [1mBuilding Apromore CPF Schema 1.1                                [10/124][m
[[1;34mINFO[m] [1m--------------------------------[ jar ]---------------------------------[m
[[1;34mINFO[m] 
[[1;34mINFO[m] [1m--- [0;32mmaven-clean-plugin:2.5:clean[m [1m(default-clean)[m @ [36mcpf-schema[0;1m ---[m
[[1;34mINFO[m] Deleting /home/javier/ApromoreCE/ApromoreCore/Apromore-Schema/cpf-schema/target
[[1;34mINFO[m] Deleting /home/javier/ApromoreCE/ApromoreCore/Apromore-Schema/cpf-schema (includes = [surefire*], excludes = [])
[[1;34mINFO[m] 
[[1;34mINFO[m] [1m--- [0;32mmaven-enforcer-plugin:1.3:enforce[m [1m(enforce-banned-dependencies)[m @ [36mcpf-schema[0;1m ---[m
[[1;34mINFO[m] 
[[1;34mINFO[m] [1m--- [0;32mgit-commit-id-plugin:2.2.1:revision[m [1m(get-the-git-infos)[m @ [36mcpf-schema[0;1m ---[m
[[1;34mINFO[m] 
[[1;34mINFO[m] [1m--- [0;32mjacoco-maven-plugin:0.8.4:prepare-agent[m [1m(prepare-agent)[m @ [36mcpf-schema[0;1m ---[m
[[1;34mINFO[m] Skipping JaCoCo execution because property jacoco.skip is set.
[[1;34mINFO[m] argLine set to empty
[[1;34mINFO[m] 
[[1;34mINFO[m] [1m--- [0;32mmaven-jaxb2-plugin:0.9.0:generate[m [1m(default)[m @ [36mcpf-schema[0;1m ---[m
[[1;34mINFO[m] Sources are not up-to-date; XJC execution will be executed.
[[1;34mINFO[m] 
[[1;34mINFO[m] [1m--- [0;32mbuild-helper-maven-plugin:1.8:add-source[m [1m(add-source)[m @ [36mcpf-schema[0;1m ---[m
[[1;34mINFO[m] Source directory: /home/javier/ApromoreCE/ApromoreCore/Apromore-Schema/cpf-schema/target/generated-sources/src added.
[[1;34mINFO[m] 
[[1;34mINFO[m] [1m--- [0;32mmaven-resources-plugin:2.6:resources[m [1m(default-resources)[m @ [36mcpf-schema[0;1m ---[m
[[1;34mINFO[m] Using 'UTF-8' encoding to copy filtered resources.
[[1;34mINFO[m] Copying 1 resource
[[1;34mINFO[m] Copying 1 resource
[[1;34mINFO[m] 
[[1;34mINFO[m] [1m--- [0;32mmaven-jxr-plugin:2.3:jxr[m [1m(default)[m @ [36mcpf-schema[0;1m ---[m
[[1;34mINFO[m] 
[[1;34mINFO[m] [1m--- [0;32mmaven-compiler-plugin:3.0:compile[m [1m(default-compile)[m @ [36mcpf-schema[0;1m ---[m
[[1;34mINFO[m] Changes detected - recompiling the module!
[[1;34mINFO[m] Compiling 55 source files to /home/javier/ApromoreCE/ApromoreCore/Apromore-Schema/cpf-schema/target/classes
[[1;34mINFO[m] 
[[1;34mINFO[m] [1m--- [0;32mmaven-bundle-plugin:3.0.1:manifest[m [1m(bundle-manifest)[m @ [36mcpf-schema[0;1m ---[m
[[1;34mINFO[m] 
[[1;34mINFO[m] [1m--- [0;32mmaven-resources-plugin:2.6:testResources[m [1m(default-testResources)[m @ [36mcpf-schema[0;1m ---[m
[[1;34mINFO[m] Using 'UTF-8' encoding to copy filtered resources.
[[1;34mINFO[m] skip non existing resourceDirectory /home/javier/ApromoreCE/ApromoreCore/Apromore-Schema/cpf-schema/src/test/resources
[[1;34mINFO[m] 
[[1;34mINFO[m] [1m--- [0;32mmaven-compiler-plugin:3.0:testCompile[m [1m(default-testCompile)[m @ [36mcpf-schema[0;1m ---[m
[[1;34mINFO[m] Changes detected - recompiling the module!
[[1;34mINFO[m] Compiling 1 source file to /home/javier/ApromoreCE/ApromoreCore/Apromore-Schema/cpf-schema/target/test-classes
[[1;34mINFO[m] 
[[1;34mINFO[m] [1m--- [0;32mmaven-surefire-plugin:2.14.1:test[m [1m(default-test)[m @ [36mcpf-schema[0;1m ---[m
[[1;34mINFO[m] Surefire report directory: /home/javier/ApromoreCE/ApromoreCore/Apromore-Schema/cpf-schema/target/surefire-reports

-------------------------------------------------------
 T E S T S
-------------------------------------------------------
OpenJDK 64-Bit Server VM warning: ignoring option MaxPermSize=1024m; support was removed in 8.0
Running org.apromore.cpf.CpfObjectFactoryUnitTest
Tests run: 1, Failures: 0, Errors: 0, Skipped: 0, Time elapsed: 0.021 sec

Results :

Tests run: 1, Failures: 0, Errors: 0, Skipped: 0

[[1;34mINFO[m] 
[[1;34mINFO[m] [1m--- [0;32mjacoco-maven-plugin:0.8.4:report[m [1m(report)[m @ [36mcpf-schema[0;1m ---[m
[[1;34mINFO[m] Skipping JaCoCo execution because property jacoco.skip is set.
[[1;34mINFO[m] 
[[1;34mINFO[m] [1m--- [0;32mmaven-jar-plugin:2.3.2:jar[m [1m(default-jar)[m @ [36mcpf-schema[0;1m ---[m
[[1;34mINFO[m] Building jar: /home/javier/ApromoreCE/ApromoreCore/Apromore-Schema/cpf-schema/target/cpf-schema-1.1.jar
[[1;34mINFO[m] 
[[1;34mINFO[m] [1m--- [0;32mmaven-surefire-plugin:2.14.1:test[m [1m(integration-test)[m @ [36mcpf-schema[0;1m ---[m
[[1;34mINFO[m] 
[[1;34mINFO[m] [1m--- [0;32mmaven-source-plugin:2.2.1:jar-no-fork[m [1m(generate-sources)[m @ [36mcpf-schema[0;1m ---[m
[[1;34mINFO[m] Building jar: /home/javier/ApromoreCE/ApromoreCore/Apromore-Schema/cpf-schema/target/cpf-schema-1.1-sources.jar
[[1;34mINFO[m] 
[[1;34mINFO[m] [1m--- [0;32mmaven-checkstyle-plugin:2.10:checkstyle[m [1m(run-checkstyle)[m @ [36mcpf-schema[0;1m ---[m
[[1;34mINFO[m] 
[[1;34mINFO[m] [1m--- [0;32mjacoco-maven-plugin:0.8.4:check[m [1m(check)[m @ [36mcpf-schema[0;1m ---[m
[[1;34mINFO[m] Skipping JaCoCo execution because property jacoco.skip is set.
[[1;34mINFO[m] 
[[1;34mINFO[m] [1m--- [0;32mmaven-install-plugin:2.4:install[m [1m(default-install)[m @ [36mcpf-schema[0;1m ---[m
[[1;34mINFO[m] Installing /home/javier/ApromoreCE/ApromoreCore/Apromore-Schema/cpf-schema/target/cpf-schema-1.1.jar to /home/javier/.m2/repository/org/apromore/cpf-schema/1.1/cpf-schema-1.1.jar
[[1;34mINFO[m] Installing /home/javier/ApromoreCE/ApromoreCore/Apromore-Schema/cpf-schema/pom.xml to /home/javier/.m2/repository/org/apromore/cpf-schema/1.1/cpf-schema-1.1.pom
[[1;34mINFO[m] Installing /home/javier/ApromoreCE/ApromoreCore/Apromore-Schema/cpf-schema/target/cpf-schema-1.1-sources.jar to /home/javier/.m2/repository/org/apromore/cpf-schema/1.1/cpf-schema-1.1-sources.jar
[[1;34mINFO[m] 
[[1;34mINFO[m] [1m---------------------< [0;36morg.apromore.plugin:plugin[0;1m >---------------------[m
[[1;34mINFO[m] [1mBuilding Apromore Plugins 1.1                                   [11/124][m
[[1;34mINFO[m] [1m--------------------------------[ pom ]---------------------------------[m
[[1;34mINFO[m] 
[[1;34mINFO[m] [1m--- [0;32mmaven-clean-plugin:2.5:clean[m [1m(default-clean)[m @ [36mplugin[0;1m ---[m
[[1;34mINFO[m] Deleting /home/javier/ApromoreCE/ApromoreCore/Apromore-Plugins/target
[[1;34mINFO[m] Deleting /home/javier/ApromoreCE/ApromoreCore/Apromore-Plugins (includes = [surefire*], excludes = [])
[[1;34mINFO[m] 
[[1;34mINFO[m] [1m--- [0;32mmaven-enforcer-plugin:1.3:enforce[m [1m(enforce-banned-dependencies)[m @ [36mplugin[0;1m ---[m
[[1;34mINFO[m] 
[[1;34mINFO[m] [1m--- [0;32mgit-commit-id-plugin:2.2.1:revision[m [1m(get-the-git-infos)[m @ [36mplugin[0;1m ---[m
[[1;34mINFO[m] 
[[1;34mINFO[m] [1m--- [0;32mjacoco-maven-plugin:0.8.4:prepare-agent[m [1m(prepare-agent)[m @ [36mplugin[0;1m ---[m
[[1;34mINFO[m] Skipping JaCoCo execution because property jacoco.skip is set.
[[1;34mINFO[m] argLine set to empty
[[1;34mINFO[m] 
[[1;34mINFO[m] [1m--- [0;32mmaven-jxr-plugin:2.3:jxr[m [1m(default)[m @ [36mplugin[0;1m ---[m
[[1;34mINFO[m] 
[[1;34mINFO[m] [1m--- [0;32mmaven-bundle-plugin:3.0.1:manifest[m [1m(bundle-manifest)[m @ [36mplugin[0;1m ---[m
[[1;33mWARNING[m] Ignoring project type pom - supportedProjectTypes = [jar, bundle, war]
[[1;34mINFO[m] 
[[1;34mINFO[m] [1m--- [0;32mjacoco-maven-plugin:0.8.4:report[m [1m(report)[m @ [36mplugin[0;1m ---[m
[[1;34mINFO[m] Skipping JaCoCo execution because property jacoco.skip is set.
[[1;34mINFO[m] 
[[1;34mINFO[m] [1m--- [0;32mmaven-surefire-plugin:2.14.1:test[m [1m(integration-test)[m @ [36mplugin[0;1m ---[m
[[1;34mINFO[m] No tests to run.
[[1;34mINFO[m] 
[[1;34mINFO[m] [1m--- [0;32mmaven-source-plugin:2.2.1:jar-no-fork[m [1m(generate-sources)[m @ [36mplugin[0;1m ---[m
[[1;34mINFO[m] 
[[1;34mINFO[m] [1m--- [0;32mmaven-checkstyle-plugin:2.10:checkstyle[m [1m(run-checkstyle)[m @ [36mplugin[0;1m ---[m
[[1;34mINFO[m] 
[[1;34mINFO[m] [1m--- [0;32mjacoco-maven-plugin:0.8.4:check[m [1m(check)[m @ [36mplugin[0;1m ---[m
[[1;34mINFO[m] Skipping JaCoCo execution because property jacoco.skip is set.
[[1;34mINFO[m] 
[[1;34mINFO[m] [1m--- [0;32mmaven-install-plugin:2.4:install[m [1m(default-install)[m @ [36mplugin[0;1m ---[m
[[1;34mINFO[m] Installing /home/javier/ApromoreCE/ApromoreCore/Apromore-Plugins/pom.xml to /home/javier/.m2/repository/org/apromore/plugin/plugin/1.1/plugin-1.1.pom
[[1;34mINFO[m] 
[[1;34mINFO[m] [1m------------------< [0;36morg.apromore.plugin:plugin-graph[0;1m >------------------[m
[[1;34mINFO[m] [1mBuilding Apromore Canonical Graph Plugin 1.1                    [12/124][m
[[1;34mINFO[m] [1m--------------------------------[ jar ]---------------------------------[m
[[1;34mINFO[m] 
[[1;34mINFO[m] [1m--- [0;32mmaven-clean-plugin:2.5:clean[m [1m(default-clean)[m @ [36mplugin-graph[0;1m ---[m
[[1;34mINFO[m] Deleting /home/javier/ApromoreCE/ApromoreCore/Apromore-Plugins/plugin-core/plugin-graph/target
[[1;34mINFO[m] Deleting /home/javier/ApromoreCE/ApromoreCore/Apromore-Plugins/plugin-core/plugin-graph (includes = [surefire*], excludes = [])
[[1;34mINFO[m] 
[[1;34mINFO[m] [1m--- [0;32mmaven-enforcer-plugin:1.3:enforce[m [1m(enforce-banned-dependencies)[m @ [36mplugin-graph[0;1m ---[m
[[1;34mINFO[m] 
[[1;34mINFO[m] [1m--- [0;32mgit-commit-id-plugin:2.2.1:revision[m [1m(get-the-git-infos)[m @ [36mplugin-graph[0;1m ---[m
[[1;34mINFO[m] 
[[1;34mINFO[m] [1m--- [0;32mjacoco-maven-plugin:0.8.4:prepare-agent[m [1m(prepare-agent)[m @ [36mplugin-graph[0;1m ---[m
[[1;34mINFO[m] Skipping JaCoCo execution because property jacoco.skip is set.
[[1;34mINFO[m] argLine set to empty
[[1;34mINFO[m] 
[[1;34mINFO[m] [1m--- [0;32mmaven-resources-plugin:2.6:resources[m [1m(default-resources)[m @ [36mplugin-graph[0;1m ---[m
[[1;34mINFO[m] Using 'UTF-8' encoding to copy filtered resources.
[[1;34mINFO[m] skip non existing resourceDirectory /home/javier/ApromoreCE/ApromoreCore/Apromore-Plugins/plugin-core/plugin-graph/src/main/resources
[[1;34mINFO[m] 
[[1;34mINFO[m] [1m--- [0;32mmaven-jxr-plugin:2.3:jxr[m [1m(default)[m @ [36mplugin-graph[0;1m ---[m
[[1;34mINFO[m] 
[[1;34mINFO[m] [1m--- [0;32mmaven-compiler-plugin:3.0:compile[m [1m(default-compile)[m @ [36mplugin-graph[0;1m ---[m
[[1;34mINFO[m] Changes detected - recompiling the module!
[[1;34mINFO[m] Compiling 34 source files to /home/javier/ApromoreCE/ApromoreCore/Apromore-Plugins/plugin-core/plugin-graph/target/classes
[[1;34mINFO[m] 
[[1;34mINFO[m] [1m--- [0;32mmaven-bundle-plugin:3.0.1:manifest[m [1m(bundle-manifest)[m @ [36mplugin-graph[0;1m ---[m
[[1;34mINFO[m] 
[[1;34mINFO[m] [1m--- [0;32mmaven-resources-plugin:2.6:testResources[m [1m(default-testResources)[m @ [36mplugin-graph[0;1m ---[m
[[1;34mINFO[m] Using 'UTF-8' encoding to copy filtered resources.
[[1;34mINFO[m] Copying 10 resources
[[1;34mINFO[m] 
[[1;34mINFO[m] [1m--- [0;32mmaven-compiler-plugin:3.0:testCompile[m [1m(default-testCompile)[m @ [36mplugin-graph[0;1m ---[m
[[1;34mINFO[m] Changes detected - recompiling the module!
[[1;34mINFO[m] Compiling 1 source file to /home/javier/ApromoreCE/ApromoreCore/Apromore-Plugins/plugin-core/plugin-graph/target/test-classes
[[1;34mINFO[m] 
[[1;34mINFO[m] [1m--- [0;32mmaven-surefire-plugin:2.14.1:test[m [1m(default-test)[m @ [36mplugin-graph[0;1m ---[m
[[1;34mINFO[m] Surefire report directory: /home/javier/ApromoreCE/ApromoreCore/Apromore-Plugins/plugin-core/plugin-graph/target/surefire-reports

-------------------------------------------------------
 T E S T S
-------------------------------------------------------
OpenJDK 64-Bit Server VM warning: ignoring option MaxPermSize=1024m; support was removed in 8.0
Running org.apromore.graph.CanonicalGraphConverterUnitTest
Tests run: 7, Failures: 0, Errors: 0, Skipped: 0, Time elapsed: 1.227 sec

Results :

Tests run: 7, Failures: 0, Errors: 0, Skipped: 0

[[1;34mINFO[m] 
[[1;34mINFO[m] [1m--- [0;32mjacoco-maven-plugin:0.8.4:report[m [1m(report)[m @ [36mplugin-graph[0;1m ---[m
[[1;34mINFO[m] Skipping JaCoCo execution because property jacoco.skip is set.
[[1;34mINFO[m] 
[[1;34mINFO[m] [1m--- [0;32mmaven-jar-plugin:2.3.2:jar[m [1m(default-jar)[m @ [36mplugin-graph[0;1m ---[m
[[1;34mINFO[m] Building jar: /home/javier/ApromoreCE/ApromoreCore/Apromore-Plugins/plugin-core/plugin-graph/target/plugin-graph-1.1.jar
[[1;34mINFO[m] 
[[1;34mINFO[m] [1m--- [0;32mmaven-surefire-plugin:2.14.1:test[m [1m(integration-test)[m @ [36mplugin-graph[0;1m ---[m
[[1;34mINFO[m] 
[[1;34mINFO[m] [1m--- [0;32mmaven-source-plugin:2.2.1:jar-no-fork[m [1m(generate-sources)[m @ [36mplugin-graph[0;1m ---[m
[[1;34mINFO[m] Building jar: /home/javier/ApromoreCE/ApromoreCore/Apromore-Plugins/plugin-core/plugin-graph/target/plugin-graph-1.1-sources.jar
[[1;34mINFO[m] 
[[1;34mINFO[m] [1m--- [0;32mmaven-checkstyle-plugin:2.10:checkstyle[m [1m(run-checkstyle)[m @ [36mplugin-graph[0;1m ---[m
[[1;34mINFO[m] 
[[1;34mINFO[m] [1m--- [0;32mjacoco-maven-plugin:0.8.4:check[m [1m(check)[m @ [36mplugin-graph[0;1m ---[m
[[1;34mINFO[m] Skipping JaCoCo execution because property jacoco.skip is set.
[[1;34mINFO[m] 
[[1;34mINFO[m] [1m--- [0;32mmaven-install-plugin:2.4:install[m [1m(default-install)[m @ [36mplugin-graph[0;1m ---[m
[[1;34mINFO[m] Installing /home/javier/ApromoreCE/ApromoreCore/Apromore-Plugins/plugin-core/plugin-graph/target/plugin-graph-1.1.jar to /home/javier/.m2/repository/org/apromore/plugin/plugin-graph/1.1/plugin-graph-1.1.jar
[[1;34mINFO[m] Installing /home/javier/ApromoreCE/ApromoreCore/Apromore-Plugins/plugin-core/plugin-graph/pom.xml to /home/javier/.m2/repository/org/apromore/plugin/plugin-graph/1.1/plugin-graph-1.1.pom
[[1;34mINFO[m] Installing /home/javier/ApromoreCE/ApromoreCore/Apromore-Plugins/plugin-core/plugin-graph/target/plugin-graph-1.1-sources.jar to /home/javier/.m2/repository/org/apromore/plugin/plugin-graph/1.1/plugin-graph-1.1-sources.jar
[[1;34mINFO[m] 
[[1;34mINFO[m] [1m-----------------< [0;36morg.apromore:similaritysearch-osgi[0;1m >-----------------[m
[[1;34mINFO[m] [1mBuilding similaritysearch-osgi 1.1                              [13/124][m
[[1;34mINFO[m] [1m-------------------------------[ bundle ]-------------------------------[m
[[1;34mINFO[m] 
[[1;34mINFO[m] [1m--- [0;32mmaven-clean-plugin:2.5:clean[m [1m(default-clean)[m @ [36msimilaritysearch-osgi[0;1m ---[m
[[1;34mINFO[m] Deleting /home/javier/ApromoreCE/ApromoreCore/Apromore-OSGI-Bundles/similaritysearch-osgi/target
[[1;34mINFO[m] Deleting /home/javier/ApromoreCE/ApromoreCore/Apromore-OSGI-Bundles/similaritysearch-osgi (includes = [surefire*], excludes = [])
[[1;34mINFO[m] 
[[1;34mINFO[m] [1m--- [0;32mmaven-enforcer-plugin:1.3:enforce[m [1m(enforce-banned-dependencies)[m @ [36msimilaritysearch-osgi[0;1m ---[m
[[1;34mINFO[m] 
[[1;34mINFO[m] [1m--- [0;32mgit-commit-id-plugin:2.2.1:revision[m [1m(get-the-git-infos)[m @ [36msimilaritysearch-osgi[0;1m ---[m
[[1;34mINFO[m] 
[[1;34mINFO[m] [1m--- [0;32mjacoco-maven-plugin:0.8.4:prepare-agent[m [1m(prepare-agent)[m @ [36msimilaritysearch-osgi[0;1m ---[m
[[1;34mINFO[m] Skipping JaCoCo execution because property jacoco.skip is set.
[[1;34mINFO[m] argLine set to empty
[[1;34mINFO[m] 
[[1;34mINFO[m] [1m--- [0;32mmaven-resources-plugin:2.6:resources[m [1m(default-resources)[m @ [36msimilaritysearch-osgi[0;1m ---[m
[[1;34mINFO[m] Using 'UTF-8' encoding to copy filtered resources.
[[1;34mINFO[m] skip non existing resourceDirectory /home/javier/ApromoreCE/ApromoreCore/Apromore-OSGI-Bundles/similaritysearch-osgi/src/main/resources
[[1;34mINFO[m] 
[[1;34mINFO[m] [1m--- [0;32mmaven-jxr-plugin:2.3:jxr[m [1m(default)[m @ [36msimilaritysearch-osgi[0;1m ---[m
[[1;34mINFO[m] 
[[1;34mINFO[m] [1m--- [0;32mmaven-compiler-plugin:3.0:compile[m [1m(default-compile)[m @ [36msimilaritysearch-osgi[0;1m ---[m
[[1;34mINFO[m] Changes detected - recompiling the module!
[[1;34mINFO[m] Compiling 49 source files to /home/javier/ApromoreCE/ApromoreCore/Apromore-OSGI-Bundles/similaritysearch-osgi/target/classes
[[1;34mINFO[m] 
[[1;34mINFO[m] [1m--- [0;32mmaven-bundle-plugin:3.0.1:manifest[m [1m(bundle-manifest)[m @ [36msimilaritysearch-osgi[0;1m ---[m
[[1;33mWARNING[m] Manifest org.apromore:similaritysearch-osgi:bundle:1.1 : Unused Export-Package instructions: [org.apromore.similaritysearch.algorithms.*, org.apromore.similaritysearch.common.*, org.apromore.similaritysearch.common.algos.*, org.apromore.similaritysearch.common.prom.*, org.apromore.similaritysearch.common.similarity.*, org.apromore.similaritysearch.common.stemmer.*, org.apromore.similaritysearch.common.stemmer.ext.*, org.apromore.similaritysearch.digest.*, org.apromore.similaritysearch.graph.*, org.apromore.similaritysearch.digest.*~, org.apromore.similaritysearch.planarGraphMathing.*, org.apromore.similaritysearch.tools.*] 
[[1;34mINFO[m] 
[[1;34mINFO[m] [1m--- [0;32mmaven-resources-plugin:2.6:testResources[m [1m(default-testResources)[m @ [36msimilaritysearch-osgi[0;1m ---[m
[[1;34mINFO[m] Using 'UTF-8' encoding to copy filtered resources.
[[1;34mINFO[m] skip non existing resourceDirectory /home/javier/ApromoreCE/ApromoreCore/Apromore-OSGI-Bundles/similaritysearch-osgi/src/test/resources
[[1;34mINFO[m] 
[[1;34mINFO[m] [1m--- [0;32mmaven-compiler-plugin:3.0:testCompile[m [1m(default-testCompile)[m @ [36msimilaritysearch-osgi[0;1m ---[m
[[1;34mINFO[m] No sources to compile
[[1;34mINFO[m] 
[[1;34mINFO[m] [1m--- [0;32mmaven-surefire-plugin:2.14.1:test[m [1m(default-test)[m @ [36msimilaritysearch-osgi[0;1m ---[m
[[1;34mINFO[m] No tests to run.
[[1;34mINFO[m] 
[[1;34mINFO[m] [1m--- [0;32mjacoco-maven-plugin:0.8.4:report[m [1m(report)[m @ [36msimilaritysearch-osgi[0;1m ---[m
[[1;34mINFO[m] Skipping JaCoCo execution because property jacoco.skip is set.
[[1;34mINFO[m] 
[[1;34mINFO[m] [1m--- [0;32mmaven-bundle-plugin:3.0.1:bundle[m [1m(default-bundle)[m @ [36msimilaritysearch-osgi[0;1m ---[m
[[1;33mWARNING[m] Bundle org.apromore:similaritysearch-osgi:bundle:1.1 : Unused Export-Package instructions: [org.apromore.similaritysearch.algorithms.*, org.apromore.similaritysearch.common.*, org.apromore.similaritysearch.common.algos.*, org.apromore.similaritysearch.common.prom.*, org.apromore.similaritysearch.common.similarity.*, org.apromore.similaritysearch.common.stemmer.*, org.apromore.similaritysearch.common.stemmer.ext.*, org.apromore.similaritysearch.digest.*, org.apromore.similaritysearch.graph.*, org.apromore.similaritysearch.digest.*~, org.apromore.similaritysearch.planarGraphMathing.*, org.apromore.similaritysearch.tools.*] 
[[1;34mINFO[m] 
[[1;34mINFO[m] [1m--- [0;32mmaven-surefire-plugin:2.14.1:test[m [1m(integration-test)[m @ [36msimilaritysearch-osgi[0;1m ---[m
[[1;34mINFO[m] No tests to run.
[[1;34mINFO[m] 
[[1;34mINFO[m] [1m--- [0;32mmaven-source-plugin:2.2.1:jar-no-fork[m [1m(generate-sources)[m @ [36msimilaritysearch-osgi[0;1m ---[m
[[1;34mINFO[m] Building jar: /home/javier/ApromoreCE/ApromoreCore/Apromore-OSGI-Bundles/similaritysearch-osgi/target/similaritysearch-osgi-1.1-sources.jar
[[1;34mINFO[m] 
[[1;34mINFO[m] [1m--- [0;32mmaven-checkstyle-plugin:2.10:checkstyle[m [1m(run-checkstyle)[m @ [36msimilaritysearch-osgi[0;1m ---[m
[[1;34mINFO[m] 
[[1;34mINFO[m] [1m--- [0;32mjacoco-maven-plugin:0.8.4:check[m [1m(check)[m @ [36msimilaritysearch-osgi[0;1m ---[m
[[1;34mINFO[m] Skipping JaCoCo execution because property jacoco.skip is set.
[[1;34mINFO[m] 
[[1;34mINFO[m] [1m--- [0;32mmaven-install-plugin:2.4:install[m [1m(default-install)[m @ [36msimilaritysearch-osgi[0;1m ---[m
[[1;34mINFO[m] Installing /home/javier/ApromoreCE/ApromoreCore/Apromore-OSGI-Bundles/similaritysearch-osgi/target/similaritysearch-osgi-1.1.jar to /home/javier/.m2/repository/org/apromore/similaritysearch-osgi/1.1/similaritysearch-osgi-1.1.jar
[[1;34mINFO[m] Installing /home/javier/ApromoreCE/ApromoreCore/Apromore-OSGI-Bundles/similaritysearch-osgi/pom.xml to /home/javier/.m2/repository/org/apromore/similaritysearch-osgi/1.1/similaritysearch-osgi-1.1.pom
[[1;34mINFO[m] Installing /home/javier/ApromoreCE/ApromoreCore/Apromore-OSGI-Bundles/similaritysearch-osgi/target/similaritysearch-osgi-1.1-sources.jar to /home/javier/.m2/repository/org/apromore/similaritysearch-osgi/1.1/similaritysearch-osgi-1.1-sources.jar
[[1;34mINFO[m] 
[[1;34mINFO[m] [1m--- [0;32mmaven-bundle-plugin:3.0.1:install[m [1m(default-install)[m @ [36msimilaritysearch-osgi[0;1m ---[m
[[1;34mINFO[m] Installing org/apromore/similaritysearch-osgi/1.1/similaritysearch-osgi-1.1.jar
[[1;34mINFO[m] Writing OBR metadata
[[1;34mINFO[m] 
[[1;34mINFO[m] [1m-------------------< [0;36morg.apromore:ui-theme-compact[0;1m >--------------------[m
[[1;34mINFO[m] [1mBuilding Apromore :: ui :: ui-theme-compact 1.0-SNAPSHOT        [14/124][m
[[1;34mINFO[m] [1m--------------------------------[ jar ]---------------------------------[m
[[1;34mINFO[m] 
[[1;34mINFO[m] [1m--- [0;32mmaven-clean-plugin:2.5:clean[m [1m(default-clean)[m @ [36mui-theme-compact[0;1m ---[m
[[1;34mINFO[m] Deleting /home/javier/ApromoreCE/ApromoreCore/Apromore-Extras/Chiaroscuro-Theme/target
[[1;34mINFO[m] Deleting /home/javier/ApromoreCE/ApromoreCore/Apromore-Extras/Chiaroscuro-Theme (includes = [surefire*], excludes = [])
[[1;34mINFO[m] 
[[1;34mINFO[m] [1m--- [0;32mmaven-enforcer-plugin:1.3:enforce[m [1m(enforce-banned-dependencies)[m @ [36mui-theme-compact[0;1m ---[m
[[1;34mINFO[m] 
[[1;34mINFO[m] [1m--- [0;32mgit-commit-id-plugin:2.2.1:revision[m [1m(get-the-git-infos)[m @ [36mui-theme-compact[0;1m ---[m
[[1;34mINFO[m] 
[[1;34mINFO[m] [1m--- [0;32mjacoco-maven-plugin:0.8.4:prepare-agent[m [1m(prepare-agent)[m @ [36mui-theme-compact[0;1m ---[m
[[1;34mINFO[m] Skipping JaCoCo execution because property jacoco.skip is set.
[[1;34mINFO[m] argLine set to empty
[[1;34mINFO[m] 
[[1;34mINFO[m] [1m--- [0;32mtemplating-maven-plugin:1.0.0:filter-sources[m [1m(filter-src)[m @ [36mui-theme-compact[0;1m ---[m
[[1;34mINFO[m] Coping files with filtering to temporary directory.
[[1;34mINFO[m] Using 'UTF-8' encoding to copy filtered resources.
[[1;34mINFO[m] Copying 2 resources
[[1;34mINFO[m] Copied 2 files to output directory: /home/javier/ApromoreCE/ApromoreCore/Apromore-Extras/Chiaroscuro-Theme/target/generated-sources/java-templates/org/zkoss/theme/chiaroscuro_c
[[1;34mINFO[m] Source directory: /home/javier/ApromoreCE/ApromoreCore/Apromore-Extras/Chiaroscuro-Theme/target/generated-sources/java-templates/org/zkoss/theme/chiaroscuro_c added.
[[1;34mINFO[m] 
[[1;34mINFO[m] [1m--- [0;32mcopy-rename-maven-plugin:1.0.1:copy[m [1m(copy-less)[m @ [36mui-theme-compact[0;1m ---[m
[[1;34mINFO[m] Copied /home/javier/ApromoreCE/ApromoreCore/Apromore-Extras/Chiaroscuro-Theme/projects/chiaroscuro.less to /home/javier/ApromoreCE/ApromoreCore/Apromore-Extras/Chiaroscuro-Theme/src/archive/web/zul/less/_zkthemepalette.less
[[1;34mINFO[m] 
[[1;34mINFO[m] [1m--- [0;32mmaven-resources-plugin:2.6:resources[m [1m(default-resources)[m @ [36mui-theme-compact[0;1m ---[m
[[1;34mINFO[m] Using 'UTF-8' encoding to copy filtered resources.
[[1;34mINFO[m] Copying 117 resources
[[1;34mINFO[m] Copying 2 resources
[[1;34mINFO[m] 
[[1;34mINFO[m] [1m--- [0;32mmaven-jxr-plugin:2.3:jxr[m [1m(default)[m @ [36mui-theme-compact[0;1m ---[m
[[1;34mINFO[m] 
[[1;34mINFO[m] [1m--- [0;32mzkless-engine-maven-plugin:1.1.0:lessc[m [1m(compile-less)[m @ [36mui-theme-compact[0;1m ---[m
[[1;34mINFO[m] copying esources...
[[1;34mINFO[m] done copying resources
[[1;34mINFO[m] looking for .less files...
[[1;34mINFO[m] found 89 .less files
[[1;34mINFO[m] encoding .less files
[[1;34mINFO[m] 58 files encoded
[[1;34mINFO[m] Compiling... /home/javier/ApromoreCE/ApromoreCore/Apromore-Extras/Chiaroscuro-Theme/target/classes/web/js/zul/grid/less/grid.less
[[1;34mINFO[m] Compiling... /home/javier/ApromoreCE/ApromoreCore/Apromore-Extras/Chiaroscuro-Theme/target/classes/web/js/zul/inp/less/combo.less
[[1;34mINFO[m] Compiling... /home/javier/ApromoreCE/ApromoreCore/Apromore-Extras/Chiaroscuro-Theme/target/classes/web/js/zul/inp/less/slider.less
[[1;34mINFO[m] Compiling... /home/javier/ApromoreCE/ApromoreCore/Apromore-Extras/Chiaroscuro-Theme/target/classes/web/js/zul/inp/less/input.less
[[1;34mINFO[m] Compiling... /home/javier/ApromoreCE/ApromoreCore/Apromore-Extras/Chiaroscuro-Theme/target/classes/web/js/zul/tab/less/tabbox.less
[[1;34mINFO[m] Compiling... /home/javier/ApromoreCE/ApromoreCore/Apromore-Extras/Chiaroscuro-Theme/target/classes/web/js/zul/layout/less/anchorlayout.less
[[1;34mINFO[m] Compiling... /home/javier/ApromoreCE/ApromoreCore/Apromore-Extras/Chiaroscuro-Theme/target/classes/web/js/zul/layout/less/borderlayout.less
[[1;34mINFO[m] Compiling... /home/javier/ApromoreCE/ApromoreCore/Apromore-Extras/Chiaroscuro-Theme/target/classes/web/js/zul/layout/less/absolutelayout.less
[[1;34mINFO[m] Compiling... /home/javier/ApromoreCE/ApromoreCore/Apromore-Extras/Chiaroscuro-Theme/target/classes/web/js/zul/db/less/calendar.less
[[1;34mINFO[m] Compiling... /home/javier/ApromoreCE/ApromoreCore/Apromore-Extras/Chiaroscuro-Theme/target/classes/web/js/zul/sel/less/tree.less
[[1;34mINFO[m] Compiling... /home/javier/ApromoreCE/ApromoreCore/Apromore-Extras/Chiaroscuro-Theme/target/classes/web/js/zul/sel/less/listbox.less
[[1;34mINFO[m] Compiling... /home/javier/ApromoreCE/ApromoreCore/Apromore-Extras/Chiaroscuro-Theme/target/classes/web/js/zul/menu/less/menu.less
[[1;34mINFO[m] Compiling... /home/javier/ApromoreCE/ApromoreCore/Apromore-Extras/Chiaroscuro-Theme/target/classes/web/js/zul/wgt/less/popup.less
[[1;34mINFO[m] Compiling... /home/javier/ApromoreCE/ApromoreCore/Apromore-Extras/Chiaroscuro-Theme/target/classes/web/js/zul/wgt/less/progressmeter.less
[[1;34mINFO[m] Compiling... /home/javier/ApromoreCE/ApromoreCore/Apromore-Extras/Chiaroscuro-Theme/target/classes/web/js/zul/wgt/less/rating.less
[[1;34mINFO[m] Compiling... /home/javier/ApromoreCE/ApromoreCore/Apromore-Extras/Chiaroscuro-Theme/target/classes/web/js/zul/wgt/less/combobutton.less
[[1;34mINFO[m] Compiling... /home/javier/ApromoreCE/ApromoreCore/Apromore-Extras/Chiaroscuro-Theme/target/classes/web/js/zul/wgt/less/separator.less
[[1;34mINFO[m] Compiling... /home/javier/ApromoreCE/ApromoreCore/Apromore-Extras/Chiaroscuro-Theme/target/classes/web/js/zul/wgt/less/a.less
[[1;34mINFO[m] Compiling... /home/javier/ApromoreCE/ApromoreCore/Apromore-Extras/Chiaroscuro-Theme/target/classes/web/js/zul/wgt/less/checkbox.less
[[1;34mINFO[m] Compiling... /home/javier/ApromoreCE/ApromoreCore/Apromore-Extras/Chiaroscuro-Theme/target/classes/web/js/zul/wgt/less/caption.less
[[1;34mINFO[m] Compiling... /home/javier/ApromoreCE/ApromoreCore/Apromore-Extras/Chiaroscuro-Theme/target/classes/web/js/zul/wgt/less/button.less
[[1;34mINFO[m] Compiling... /home/javier/ApromoreCE/ApromoreCore/Apromore-Extras/Chiaroscuro-Theme/target/classes/web/js/zul/wgt/less/toolbar.less
[[1;34mINFO[m] Compiling... /home/javier/ApromoreCE/ApromoreCore/Apromore-Extras/Chiaroscuro-Theme/target/classes/web/js/zul/wgt/less/groupbox.less
[[1;34mINFO[m] Compiling... /home/javier/ApromoreCE/ApromoreCore/Apromore-Extras/Chiaroscuro-Theme/target/classes/web/js/zul/mesh/less/paging.less
[[1;34mINFO[m] Compiling... /home/javier/ApromoreCE/ApromoreCore/Apromore-Extras/Chiaroscuro-Theme/target/classes/web/js/zul/mesh/less/auxhead.less
[[1;34mINFO[m] Compiling... /home/javier/ApromoreCE/ApromoreCore/Apromore-Extras/Chiaroscuro-Theme/target/classes/web/js/zul/mesh/less/frozen.less
[[1;34mINFO[m] Compiling... /home/javier/ApromoreCE/ApromoreCore/Apromore-Extras/Chiaroscuro-Theme/target/classes/web/js/zul/wnd/less/window.less
[[1;34mINFO[m] Compiling... /home/javier/ApromoreCE/ApromoreCore/Apromore-Extras/Chiaroscuro-Theme/target/classes/web/js/zul/wnd/less/panel.less
[[1;34mINFO[m] Compiling... /home/javier/ApromoreCE/ApromoreCore/Apromore-Extras/Chiaroscuro-Theme/target/classes/web/js/zul/box/less/layout.less
[[1;34mINFO[m] Compiling... /home/javier/ApromoreCE/ApromoreCore/Apromore-Extras/Chiaroscuro-Theme/target/classes/web/js/zul/box/less/box.less
[[1;34mINFO[m] Compiling... /home/javier/ApromoreCE/ApromoreCore/Apromore-Extras/Chiaroscuro-Theme/target/classes/web/js/zkex/grid/less/grid.less
[[1;34mINFO[m] Compiling... /home/javier/ApromoreCE/ApromoreCore/Apromore-Extras/Chiaroscuro-Theme/target/classes/web/js/zkex/inp/less/colorbox.less
[[1;34mINFO[m] Compiling... /home/javier/ApromoreCE/ApromoreCore/Apromore-Extras/Chiaroscuro-Theme/target/classes/web/js/zkex/layout/less/columnlayout.less
[[1;34mINFO[m] Compiling... /home/javier/ApromoreCE/ApromoreCore/Apromore-Extras/Chiaroscuro-Theme/target/classes/web/js/zkex/menu/less/fisheye.less
[[1;34mINFO[m] Compiling... /home/javier/ApromoreCE/ApromoreCore/Apromore-Extras/Chiaroscuro-Theme/target/classes/web/js/zkmax/barscanner/less/barcodescanner.less
[[1;34mINFO[m] Compiling... /home/javier/ApromoreCE/ApromoreCore/Apromore-Extras/Chiaroscuro-Theme/target/classes/web/js/zkmax/inp/less/chosenbox.less
[[1;34mINFO[m] Compiling... /home/javier/ApromoreCE/ApromoreCore/Apromore-Extras/Chiaroscuro-Theme/target/classes/web/js/zkmax/inp/less/timepicker.less
[[1;34mINFO[m] Compiling... /home/javier/ApromoreCE/ApromoreCore/Apromore-Extras/Chiaroscuro-Theme/target/classes/web/js/zkmax/inp/less/tbeditor.less
[[1;34mINFO[m] Compiling... /home/javier/ApromoreCE/ApromoreCore/Apromore-Extras/Chiaroscuro-Theme/target/classes/web/js/zkmax/med/less/cropper.less
[[1;34mINFO[m] Compiling... /home/javier/ApromoreCE/ApromoreCore/Apromore-Extras/Chiaroscuro-Theme/target/classes/web/js/zkmax/med/less/camera.less
[[1;34mINFO[m] Compiling... /home/javier/ApromoreCE/ApromoreCore/Apromore-Extras/Chiaroscuro-Theme/target/classes/web/js/zkmax/med/less/video.less
[[1;34mINFO[m] Compiling... /home/javier/ApromoreCE/ApromoreCore/Apromore-Extras/Chiaroscuro-Theme/target/classes/web/js/zkmax/layout/less/goldenlayout.less
[[1;34mINFO[m] Compiling... /home/javier/ApromoreCE/ApromoreCore/Apromore-Extras/Chiaroscuro-Theme/target/classes/web/js/zkmax/layout/less/scrollview.less
[[1;34mINFO[m] Compiling... /home/javier/ApromoreCE/ApromoreCore/Apromore-Extras/Chiaroscuro-Theme/target/classes/web/js/zkmax/layout/less/tablelayout.less
[[1;34mINFO[m] Compiling... /home/javier/ApromoreCE/ApromoreCore/Apromore-Extras/Chiaroscuro-Theme/target/classes/web/js/zkmax/layout/less/splitlayout.less
[[1;34mINFO[m] Compiling... /home/javier/ApromoreCE/ApromoreCore/Apromore-Extras/Chiaroscuro-Theme/target/classes/web/js/zkmax/layout/less/portallayout.less
[[1;34mINFO[m] Compiling... /home/javier/ApromoreCE/ApromoreCore/Apromore-Extras/Chiaroscuro-Theme/target/classes/web/js/zkmax/layout/less/cardlayout.less
[[1;34mINFO[m] Compiling... /home/javier/ApromoreCE/ApromoreCore/Apromore-Extras/Chiaroscuro-Theme/target/classes/web/js/zkmax/layout/less/rowlayout.less
[[1;34mINFO[m] Compiling... /home/javier/ApromoreCE/ApromoreCore/Apromore-Extras/Chiaroscuro-Theme/target/classes/web/js/zkmax/layout/less/organigram.less
[[1;34mINFO[m] Compiling... /home/javier/ApromoreCE/ApromoreCore/Apromore-Extras/Chiaroscuro-Theme/target/classes/web/js/zkmax/wgt/less/rating.less
[[1;34mINFO[m] Compiling... /home/javier/ApromoreCE/ApromoreCore/Apromore-Extras/Chiaroscuro-Theme/target/classes/web/js/zkmax/wgt/less/signature.less
[[1;34mINFO[m] Compiling... /home/javier/ApromoreCE/ApromoreCore/Apromore-Extras/Chiaroscuro-Theme/target/classes/web/js/zkmax/wgt/less/dropupload.less
[[1;34mINFO[m] Compiling... /home/javier/ApromoreCE/ApromoreCore/Apromore-Extras/Chiaroscuro-Theme/target/classes/web/js/zkmax/wgt/less/checkbox.less
[[1;34mINFO[m] Compiling... /home/javier/ApromoreCE/ApromoreCore/Apromore-Extras/Chiaroscuro-Theme/target/classes/web/js/zkmax/big/less/biglistbox.less
[[1;34mINFO[m] Compiling... /home/javier/ApromoreCE/ApromoreCore/Apromore-Extras/Chiaroscuro-Theme/target/classes/web/js/zkmax/nav/less/nav.less
[[1;34mINFO[m] Compiling... /home/javier/ApromoreCE/ApromoreCore/Apromore-Extras/Chiaroscuro-Theme/target/classes/web/zul/less/patch.less
[[1;34mINFO[m] Compiling... /home/javier/ApromoreCE/ApromoreCore/Apromore-Extras/Chiaroscuro-Theme/target/classes/web/zul/less/norm.less
[[1;34mINFO[m] Compiling... /home/javier/ApromoreCE/ApromoreCore/Apromore-Extras/Chiaroscuro-Theme/target/classes/web/zkmax/less/tablet.less
[[1;34mINFO[m] removing source less files from compilation target...
[[1;34mINFO[m] removing.../home/javier/ApromoreCE/ApromoreCore/Apromore-Extras/Chiaroscuro-Theme/target/classes/web/js
[[1;34mINFO[m] removing.../home/javier/ApromoreCE/ApromoreCore/Apromore-Extras/Chiaroscuro-Theme/target/classes/web/zul
[[1;34mINFO[m] removing.../home/javier/ApromoreCE/ApromoreCore/Apromore-Extras/Chiaroscuro-Theme/target/classes/web/zkex
[[1;34mINFO[m] removing.../home/javier/ApromoreCE/ApromoreCore/Apromore-Extras/Chiaroscuro-Theme/target/classes/web/zkmax
[[1;34mINFO[m] 
[[1;34mINFO[m] [1m--- [0;32mmaven-compiler-plugin:2.3.2:compile[m [1m(default-compile)[m @ [36mui-theme-compact[0;1m ---[m
[[1;34mINFO[m] Compiling 2 source files to /home/javier/ApromoreCE/ApromoreCore/Apromore-Extras/Chiaroscuro-Theme/target/classes
[[1;34mINFO[m] 
[[1;34mINFO[m] [1m--- [0;32mcopy-rename-maven-plugin:1.0.1:rename[m [1m(rename-less)[m @ [36mui-theme-compact[0;1m ---[m
[[1;34mINFO[m] Renamed /home/javier/ApromoreCE/ApromoreCore/Apromore-Extras/Chiaroscuro-Theme/target/classes/web/ui-theme-compact to /home/javier/ApromoreCE/ApromoreCore/Apromore-Extras/Chiaroscuro-Theme/target/classes/web/chiaroscuro_c
[[1;34mINFO[m] 
[[1;34mINFO[m] [1m--- [0;32mmaven-bundle-plugin:3.0.1:manifest[m [1m(bundle-manifest)[m @ [36mui-theme-compact[0;1m ---[m
[[1;34mINFO[m] 
[[1;34mINFO[m] [1m--- [0;32mmaven-resources-plugin:2.6:testResources[m [1m(default-testResources)[m @ [36mui-theme-compact[0;1m ---[m
[[1;34mINFO[m] Using 'UTF-8' encoding to copy filtered resources.
[[1;34mINFO[m] skip non existing resourceDirectory /home/javier/ApromoreCE/ApromoreCore/Apromore-Extras/Chiaroscuro-Theme/src/test/resources
[[1;34mINFO[m] 
[[1;34mINFO[m] [1m--- [0;32mmaven-compiler-plugin:2.3.2:testCompile[m [1m(default-testCompile)[m @ [36mui-theme-compact[0;1m ---[m
[[1;34mINFO[m] No sources to compile
[[1;34mINFO[m] 
[[1;34mINFO[m] [1m--- [0;32mmaven-surefire-plugin:2.14.1:test[m [1m(default-test)[m @ [36mui-theme-compact[0;1m ---[m
[[1;34mINFO[m] No tests to run.
[[1;34mINFO[m] 
[[1;34mINFO[m] [1m--- [0;32mjacoco-maven-plugin:0.8.4:report[m [1m(report)[m @ [36mui-theme-compact[0;1m ---[m
[[1;34mINFO[m] Skipping JaCoCo execution because property jacoco.skip is set.
[[1;34mINFO[m] 
[[1;34mINFO[m] [1m--- [0;32mmaven-jar-plugin:3.0.2:jar[m [1m(default-jar)[m @ [36mui-theme-compact[0;1m ---[m
[[1;34mINFO[m] Building jar: /home/javier/ApromoreCE/ApromoreCore/Apromore-Extras/Chiaroscuro-Theme/target/ui-theme-compact-1.0-SNAPSHOT.jar
[[1;34mINFO[m] 
[[1;34mINFO[m] [1m--- [0;32mmaven-surefire-plugin:2.14.1:test[m [1m(integration-test)[m @ [36mui-theme-compact[0;1m ---[m
[[1;34mINFO[m] No tests to run.
[[1;34mINFO[m] 
[[1;34mINFO[m] [1m--- [0;32mmaven-source-plugin:2.2.1:jar-no-fork[m [1m(generate-sources)[m @ [36mui-theme-compact[0;1m ---[m
[[1;34mINFO[m] Building jar: /home/javier/ApromoreCE/ApromoreCore/Apromore-Extras/Chiaroscuro-Theme/target/ui-theme-compact-1.0-SNAPSHOT-sources.jar
[[1;34mINFO[m] 
[[1;34mINFO[m] [1m--- [0;32mmaven-checkstyle-plugin:2.10:checkstyle[m [1m(run-checkstyle)[m @ [36mui-theme-compact[0;1m ---[m
[[1;34mINFO[m] 
[[1;34mINFO[m] [1m--- [0;32mjacoco-maven-plugin:0.8.4:check[m [1m(check)[m @ [36mui-theme-compact[0;1m ---[m
[[1;34mINFO[m] Skipping JaCoCo execution because property jacoco.skip is set.
[[1;34mINFO[m] 
[[1;34mINFO[m] [1m--- [0;32mmaven-install-plugin:2.4:install[m [1m(default-install)[m @ [36mui-theme-compact[0;1m ---[m
[[1;34mINFO[m] Installing /home/javier/ApromoreCE/ApromoreCore/Apromore-Extras/Chiaroscuro-Theme/target/ui-theme-compact-1.0-SNAPSHOT.jar to /home/javier/.m2/repository/org/apromore/ui-theme-compact/1.0-SNAPSHOT/ui-theme-compact-1.0-SNAPSHOT.jar
[[1;34mINFO[m] Installing /home/javier/ApromoreCE/ApromoreCore/Apromore-Extras/Chiaroscuro-Theme/pom.xml to /home/javier/.m2/repository/org/apromore/ui-theme-compact/1.0-SNAPSHOT/ui-theme-compact-1.0-SNAPSHOT.pom
[[1;34mINFO[m] Installing /home/javier/ApromoreCE/ApromoreCore/Apromore-Extras/Chiaroscuro-Theme/target/ui-theme-compact-1.0-SNAPSHOT-sources.jar to /home/javier/.m2/repository/org/apromore/ui-theme-compact/1.0-SNAPSHOT/ui-theme-compact-1.0-SNAPSHOT-sources.jar
[[1;34mINFO[m] 
[[1;34mINFO[m] [1m------------------------< [0;36morg.apromore:zk-osgi[0;1m >------------------------[m
[[1;34mINFO[m] [1mBuilding zk-osgi 8.6.0.1                                        [15/124][m
[[1;34mINFO[m] [1m-------------------------------[ bundle ]-------------------------------[m
[[1;34mINFO[m] 
[[1;34mINFO[m] [1m--- [0;32mmaven-clean-plugin:2.5:clean[m [1m(default-clean)[m @ [36mzk-osgi[0;1m ---[m
[[1;34mINFO[m] Deleting /home/javier/ApromoreCE/ApromoreCore/Apromore-OSGI-Bundles/zk-osgi/target
[[1;34mINFO[m] Deleting /home/javier/ApromoreCE/ApromoreCore/Apromore-OSGI-Bundles/zk-osgi (includes = [surefire*], excludes = [])
[[1;34mINFO[m] 
[[1;34mINFO[m] [1m--- [0;32mmaven-enforcer-plugin:1.3:enforce[m [1m(enforce-banned-dependencies)[m @ [36mzk-osgi[0;1m ---[m
[[1;34mINFO[m] 
[[1;34mINFO[m] [1m--- [0;32mgit-commit-id-plugin:2.2.1:revision[m [1m(get-the-git-infos)[m @ [36mzk-osgi[0;1m ---[m
[[1;34mINFO[m] 
[[1;34mINFO[m] [1m--- [0;32mjacoco-maven-plugin:0.8.4:prepare-agent[m [1m(prepare-agent)[m @ [36mzk-osgi[0;1m ---[m
[[1;34mINFO[m] Skipping JaCoCo execution because property jacoco.skip is set.
[[1;34mINFO[m] argLine set to empty
[[1;34mINFO[m] 
[[1;34mINFO[m] [1m--- [0;32mmaven-resources-plugin:2.6:resources[m [1m(default-resources)[m @ [36mzk-osgi[0;1m ---[m
[[1;34mINFO[m] Using 'UTF-8' encoding to copy filtered resources.
[[1;34mINFO[m] Copying 1 resource
[[1;34mINFO[m] 
[[1;34mINFO[m] [1m--- [0;32mmaven-jxr-plugin:2.3:jxr[m [1m(default)[m @ [36mzk-osgi[0;1m ---[m
[[1;34mINFO[m] 
[[1;34mINFO[m] [1m--- [0;32mmaven-compiler-plugin:3.0:compile[m [1m(default-compile)[m @ [36mzk-osgi[0;1m ---[m
[[1;34mINFO[m] No sources to compile
[[1;34mINFO[m] 
[[1;34mINFO[m] [1m--- [0;32mmaven-bundle-plugin:3.0.1:manifest[m [1m(bundle-manifest)[m @ [36mzk-osgi[0;1m ---[m
[[1;33mWARNING[m] Manifest org.apromore:zk-osgi:bundle:8.6.0.1 : Export org.zkoss.zk.scripting.bsh,  has 1,  private references [bsh], 
[[1;34mINFO[m] 
[[1;34mINFO[m] [1m--- [0;32mmaven-resources-plugin:2.6:testResources[m [1m(default-testResources)[m @ [36mzk-osgi[0;1m ---[m
[[1;34mINFO[m] Using 'UTF-8' encoding to copy filtered resources.
[[1;34mINFO[m] skip non existing resourceDirectory /home/javier/ApromoreCE/ApromoreCore/Apromore-OSGI-Bundles/zk-osgi/src/test/resources
[[1;34mINFO[m] 
[[1;34mINFO[m] [1m--- [0;32mmaven-compiler-plugin:3.0:testCompile[m [1m(default-testCompile)[m @ [36mzk-osgi[0;1m ---[m
[[1;34mINFO[m] No sources to compile
[[1;34mINFO[m] 
[[1;34mINFO[m] [1m--- [0;32mmaven-surefire-plugin:2.14.1:test[m [1m(default-test)[m @ [36mzk-osgi[0;1m ---[m
[[1;34mINFO[m] No tests to run.
[[1;34mINFO[m] 
[[1;34mINFO[m] [1m--- [0;32mjacoco-maven-plugin:0.8.4:report[m [1m(report)[m @ [36mzk-osgi[0;1m ---[m
[[1;34mINFO[m] Skipping JaCoCo execution because property jacoco.skip is set.
[[1;34mINFO[m] 
[[1;34mINFO[m] [1m--- [0;32mmaven-bundle-plugin:3.0.1:bundle[m [1m(default-bundle)[m @ [36mzk-osgi[0;1m ---[m
[[1;33mWARNING[m] Bundle org.apromore:zk-osgi:bundle:8.6.0.1 : Export org.zkoss.zk.scripting.bsh,  has 1,  private references [bsh], 
[[1;34mINFO[m] 
[[1;34mINFO[m] [1m--- [0;32mmaven-surefire-plugin:2.14.1:test[m [1m(integration-test)[m @ [36mzk-osgi[0;1m ---[m
[[1;34mINFO[m] No tests to run.
[[1;34mINFO[m] 
[[1;34mINFO[m] [1m--- [0;32mmaven-source-plugin:2.2.1:jar-no-fork[m [1m(generate-sources)[m @ [36mzk-osgi[0;1m ---[m
[[1;34mINFO[m] Building jar: /home/javier/ApromoreCE/ApromoreCore/Apromore-OSGI-Bundles/zk-osgi/target/zk-osgi-8.6.0.1-sources.jar
[[1;34mINFO[m] 
[[1;34mINFO[m] [1m--- [0;32mmaven-checkstyle-plugin:2.10:checkstyle[m [1m(run-checkstyle)[m @ [36mzk-osgi[0;1m ---[m
[[1;34mINFO[m] 
[[1;34mINFO[m] [1m--- [0;32mjacoco-maven-plugin:0.8.4:check[m [1m(check)[m @ [36mzk-osgi[0;1m ---[m
[[1;34mINFO[m] Skipping JaCoCo execution because property jacoco.skip is set.
[[1;34mINFO[m] 
[[1;34mINFO[m] [1m--- [0;32mmaven-install-plugin:2.4:install[m [1m(default-install)[m @ [36mzk-osgi[0;1m ---[m
[[1;34mINFO[m] Installing /home/javier/ApromoreCE/ApromoreCore/Apromore-OSGI-Bundles/zk-osgi/target/zk-osgi-8.6.0.1.jar to /home/javier/.m2/repository/org/apromore/zk-osgi/8.6.0.1/zk-osgi-8.6.0.1.jar
[[1;34mINFO[m] Installing /home/javier/ApromoreCE/ApromoreCore/Apromore-OSGI-Bundles/zk-osgi/pom.xml to /home/javier/.m2/repository/org/apromore/zk-osgi/8.6.0.1/zk-osgi-8.6.0.1.pom
[[1;34mINFO[m] Installing /home/javier/ApromoreCE/ApromoreCore/Apromore-OSGI-Bundles/zk-osgi/target/zk-osgi-8.6.0.1-sources.jar to /home/javier/.m2/repository/org/apromore/zk-osgi/8.6.0.1/zk-osgi-8.6.0.1-sources.jar
[[1;34mINFO[m] 
[[1;34mINFO[m] [1m--- [0;32mmaven-bundle-plugin:3.0.1:install[m [1m(default-install)[m @ [36mzk-osgi[0;1m ---[m
[[1;34mINFO[m] Installing org/apromore/zk-osgi/8.6.0.1/zk-osgi-8.6.0.1.jar
[[1;34mINFO[m] Writing OBR metadata
[[1;34mINFO[m] 
[[1;34mINFO[m] [1m----------------------< [0;36morg.apromore:jgraph-osgi[0;1m >----------------------[m
[[1;34mINFO[m] [1mBuilding JGraph 5 OSGi bundle 1.0                               [16/124][m
[[1;34mINFO[m] [1m-------------------------------[ bundle ]-------------------------------[m
[[1;34mINFO[m] 
[[1;34mINFO[m] [1m--- [0;32mmaven-clean-plugin:2.5:clean[m [1m(default-clean)[m @ [36mjgraph-osgi[0;1m ---[m
[[1;34mINFO[m] Deleting /home/javier/ApromoreCE/ApromoreCore/Apromore-OSGI-Bundles/jgraph-osgi/target
[[1;34mINFO[m] Deleting /home/javier/ApromoreCE/ApromoreCore/Apromore-OSGI-Bundles/jgraph-osgi (includes = [surefire*], excludes = [])
[[1;34mINFO[m] 
[[1;34mINFO[m] [1m--- [0;32mmaven-enforcer-plugin:1.3:enforce[m [1m(enforce-banned-dependencies)[m @ [36mjgraph-osgi[0;1m ---[m
[[1;34mINFO[m] 
[[1;34mINFO[m] [1m--- [0;32mgit-commit-id-plugin:2.2.1:revision[m [1m(get-the-git-infos)[m @ [36mjgraph-osgi[0;1m ---[m
[[1;34mINFO[m] 
[[1;34mINFO[m] [1m--- [0;32mjacoco-maven-plugin:0.8.4:prepare-agent[m [1m(prepare-agent)[m @ [36mjgraph-osgi[0;1m ---[m
[[1;34mINFO[m] Skipping JaCoCo execution because property jacoco.skip is set.
[[1;34mINFO[m] argLine set to empty
[[1;34mINFO[m] 
[[1;34mINFO[m] [1m--- [0;32mmaven-resources-plugin:2.6:resources[m [1m(default-resources)[m @ [36mjgraph-osgi[0;1m ---[m
[[1;34mINFO[m] Using 'UTF-8' encoding to copy filtered resources.
[[1;34mINFO[m] skip non existing resourceDirectory /home/javier/ApromoreCE/ApromoreCore/Apromore-OSGI-Bundles/jgraph-osgi/src/main/resources
[[1;34mINFO[m] 
[[1;34mINFO[m] [1m--- [0;32mmaven-jxr-plugin:2.3:jxr[m [1m(default)[m @ [36mjgraph-osgi[0;1m ---[m
[[1;34mINFO[m] 
[[1;34mINFO[m] [1m--- [0;32mmaven-compiler-plugin:3.0:compile[m [1m(default-compile)[m @ [36mjgraph-osgi[0;1m ---[m
[[1;34mINFO[m] Changes detected - recompiling the module!
[[1;34mINFO[m] Compiling 110 source files to /home/javier/ApromoreCE/ApromoreCore/Apromore-OSGI-Bundles/jgraph-osgi/target/classes
[[1;34mINFO[m] 
[[1;34mINFO[m] [1m--- [0;32mmaven-bundle-plugin:3.0.1:manifest[m [1m(bundle-manifest)[m @ [36mjgraph-osgi[0;1m ---[m
[[1;34mINFO[m] 
[[1;34mINFO[m] [1m--- [0;32mmaven-resources-plugin:2.6:testResources[m [1m(default-testResources)[m @ [36mjgraph-osgi[0;1m ---[m
[[1;34mINFO[m] Using 'UTF-8' encoding to copy filtered resources.
[[1;34mINFO[m] skip non existing resourceDirectory /home/javier/ApromoreCE/ApromoreCore/Apromore-OSGI-Bundles/jgraph-osgi/src/test/resources
[[1;34mINFO[m] 
[[1;34mINFO[m] [1m--- [0;32mmaven-compiler-plugin:3.0:testCompile[m [1m(default-testCompile)[m @ [36mjgraph-osgi[0;1m ---[m
[[1;34mINFO[m] No sources to compile
[[1;34mINFO[m] 
[[1;34mINFO[m] [1m--- [0;32mmaven-surefire-plugin:2.14.1:test[m [1m(default-test)[m @ [36mjgraph-osgi[0;1m ---[m
[[1;34mINFO[m] No tests to run.
[[1;34mINFO[m] 
[[1;34mINFO[m] [1m--- [0;32mjacoco-maven-plugin:0.8.4:report[m [1m(report)[m @ [36mjgraph-osgi[0;1m ---[m
[[1;34mINFO[m] Skipping JaCoCo execution because property jacoco.skip is set.
[[1;34mINFO[m] 
[[1;34mINFO[m] [1m--- [0;32mmaven-bundle-plugin:3.0.1:bundle[m [1m(default-bundle)[m @ [36mjgraph-osgi[0;1m ---[m
[[1;34mINFO[m] 
[[1;34mINFO[m] [1m--- [0;32mmaven-surefire-plugin:2.14.1:test[m [1m(integration-test)[m @ [36mjgraph-osgi[0;1m ---[m
[[1;34mINFO[m] No tests to run.
[[1;34mINFO[m] 
[[1;34mINFO[m] [1m--- [0;32mmaven-source-plugin:2.2.1:jar-no-fork[m [1m(generate-sources)[m @ [36mjgraph-osgi[0;1m ---[m
[[1;34mINFO[m] Building jar: /home/javier/ApromoreCE/ApromoreCore/Apromore-OSGI-Bundles/jgraph-osgi/target/jgraph-osgi-1.0-sources.jar
[[1;34mINFO[m] 
[[1;34mINFO[m] [1m--- [0;32mmaven-checkstyle-plugin:2.10:checkstyle[m [1m(run-checkstyle)[m @ [36mjgraph-osgi[0;1m ---[m
[[1;34mINFO[m] 
[[1;34mINFO[m] [1m--- [0;32mjacoco-maven-plugin:0.8.4:check[m [1m(check)[m @ [36mjgraph-osgi[0;1m ---[m
[[1;34mINFO[m] Skipping JaCoCo execution because property jacoco.skip is set.
[[1;34mINFO[m] 
[[1;34mINFO[m] [1m--- [0;32mmaven-install-plugin:2.4:install[m [1m(default-install)[m @ [36mjgraph-osgi[0;1m ---[m
[[1;34mINFO[m] Installing /home/javier/ApromoreCE/ApromoreCore/Apromore-OSGI-Bundles/jgraph-osgi/target/jgraph-osgi-1.0.jar to /home/javier/.m2/repository/org/apromore/jgraph-osgi/1.0/jgraph-osgi-1.0.jar
[[1;34mINFO[m] Installing /home/javier/ApromoreCE/ApromoreCore/Apromore-OSGI-Bundles/jgraph-osgi/pom.xml to /home/javier/.m2/repository/org/apromore/jgraph-osgi/1.0/jgraph-osgi-1.0.pom
[[1;34mINFO[m] Installing /home/javier/ApromoreCE/ApromoreCore/Apromore-OSGI-Bundles/jgraph-osgi/target/jgraph-osgi-1.0-sources.jar to /home/javier/.m2/repository/org/apromore/jgraph-osgi/1.0/jgraph-osgi-1.0-sources.jar
[[1;34mINFO[m] 
[[1;34mINFO[m] [1m--- [0;32mmaven-bundle-plugin:3.0.1:install[m [1m(default-install)[m @ [36mjgraph-osgi[0;1m ---[m
[[1;34mINFO[m] Installing org/apromore/jgraph-osgi/1.0/jgraph-osgi-1.0.jar
[[1;34mINFO[m] Writing OBR metadata
[[1;34mINFO[m] 
[[1;34mINFO[m] [1m-------------------< [0;36morg.apromore:prom-models-osgi[0;1m >--------------------[m
[[1;34mINFO[m] [1mBuilding prom-models-osgi 1.0                                   [17/124][m
[[1;34mINFO[m] [1m-------------------------------[ bundle ]-------------------------------[m
[[1;34mINFO[m] 
[[1;34mINFO[m] [1m--- [0;32mmaven-clean-plugin:2.5:clean[m [1m(default-clean)[m @ [36mprom-models-osgi[0;1m ---[m
[[1;34mINFO[m] Deleting /home/javier/ApromoreCE/ApromoreCore/Apromore-OSGI-Bundles/prom-models-osgi/target
[[1;34mINFO[m] Deleting /home/javier/ApromoreCE/ApromoreCore/Apromore-OSGI-Bundles/prom-models-osgi (includes = [surefire*], excludes = [])
[[1;34mINFO[m] 
[[1;34mINFO[m] [1m--- [0;32mmaven-enforcer-plugin:1.3:enforce[m [1m(enforce-banned-dependencies)[m @ [36mprom-models-osgi[0;1m ---[m
[[1;34mINFO[m] 
[[1;34mINFO[m] [1m--- [0;32mgit-commit-id-plugin:2.2.1:revision[m [1m(get-the-git-infos)[m @ [36mprom-models-osgi[0;1m ---[m
[[1;34mINFO[m] 
[[1;34mINFO[m] [1m--- [0;32mjacoco-maven-plugin:0.8.4:prepare-agent[m [1m(prepare-agent)[m @ [36mprom-models-osgi[0;1m ---[m
[[1;34mINFO[m] Skipping JaCoCo execution because property jacoco.skip is set.
[[1;34mINFO[m] argLine set to empty
[[1;34mINFO[m] 
[[1;34mINFO[m] [1m--- [0;32mmaven-resources-plugin:2.6:resources[m [1m(default-resources)[m @ [36mprom-models-osgi[0;1m ---[m
[[1;34mINFO[m] Using 'UTF-8' encoding to copy filtered resources.
[[1;34mINFO[m] skip non existing resourceDirectory /home/javier/ApromoreCE/ApromoreCore/Apromore-OSGI-Bundles/prom-models-osgi/src/main/resources
[[1;34mINFO[m] 
[[1;34mINFO[m] [1m--- [0;32mmaven-jxr-plugin:2.3:jxr[m [1m(default)[m @ [36mprom-models-osgi[0;1m ---[m
[[1;34mINFO[m] 
[[1;34mINFO[m] [1m--- [0;32mmaven-compiler-plugin:3.0:compile[m [1m(default-compile)[m @ [36mprom-models-osgi[0;1m ---[m
[[1;34mINFO[m] Changes detected - recompiling the module!
[[1;34mINFO[m] Compiling 61 source files to /home/javier/ApromoreCE/ApromoreCore/Apromore-OSGI-Bundles/prom-models-osgi/target/classes
[[1;34mINFO[m] 
[[1;34mINFO[m] [1m--- [0;32mmaven-bundle-plugin:3.0.1:manifest[m [1m(bundle-manifest)[m @ [36mprom-models-osgi[0;1m ---[m
[[1;34mINFO[m] 
[[1;34mINFO[m] [1m--- [0;32mmaven-resources-plugin:2.6:testResources[m [1m(default-testResources)[m @ [36mprom-models-osgi[0;1m ---[m
[[1;34mINFO[m] Using 'UTF-8' encoding to copy filtered resources.
[[1;34mINFO[m] skip non existing resourceDirectory /home/javier/ApromoreCE/ApromoreCore/Apromore-OSGI-Bundles/prom-models-osgi/src/test/resources
[[1;34mINFO[m] 
[[1;34mINFO[m] [1m--- [0;32mmaven-compiler-plugin:3.0:testCompile[m [1m(default-testCompile)[m @ [36mprom-models-osgi[0;1m ---[m
[[1;34mINFO[m] No sources to compile
[[1;34mINFO[m] 
[[1;34mINFO[m] [1m--- [0;32mmaven-surefire-plugin:2.14.1:test[m [1m(default-test)[m @ [36mprom-models-osgi[0;1m ---[m
[[1;34mINFO[m] No tests to run.
[[1;34mINFO[m] 
[[1;34mINFO[m] [1m--- [0;32mjacoco-maven-plugin:0.8.4:report[m [1m(report)[m @ [36mprom-models-osgi[0;1m ---[m
[[1;34mINFO[m] Skipping JaCoCo execution because property jacoco.skip is set.
[[1;34mINFO[m] 
[[1;34mINFO[m] [1m--- [0;32mmaven-bundle-plugin:3.0.1:bundle[m [1m(default-bundle)[m @ [36mprom-models-osgi[0;1m ---[m
[[1;34mINFO[m] 
[[1;34mINFO[m] [1m--- [0;32mmaven-surefire-plugin:2.14.1:test[m [1m(integration-test)[m @ [36mprom-models-osgi[0;1m ---[m
[[1;34mINFO[m] No tests to run.
[[1;34mINFO[m] 
[[1;34mINFO[m] [1m--- [0;32mmaven-source-plugin:2.2.1:jar-no-fork[m [1m(generate-sources)[m @ [36mprom-models-osgi[0;1m ---[m
[[1;34mINFO[m] Building jar: /home/javier/ApromoreCE/ApromoreCore/Apromore-OSGI-Bundles/prom-models-osgi/target/prom-models-osgi-1.0-sources.jar
[[1;34mINFO[m] 
[[1;34mINFO[m] [1m--- [0;32mmaven-checkstyle-plugin:2.10:checkstyle[m [1m(run-checkstyle)[m @ [36mprom-models-osgi[0;1m ---[m
[[1;34mINFO[m] 
[[1;34mINFO[m] [1m--- [0;32mjacoco-maven-plugin:0.8.4:check[m [1m(check)[m @ [36mprom-models-osgi[0;1m ---[m
[[1;34mINFO[m] Skipping JaCoCo execution because property jacoco.skip is set.
[[1;34mINFO[m] 
[[1;34mINFO[m] [1m--- [0;32mmaven-install-plugin:2.4:install[m [1m(default-install)[m @ [36mprom-models-osgi[0;1m ---[m
[[1;34mINFO[m] Installing /home/javier/ApromoreCE/ApromoreCore/Apromore-OSGI-Bundles/prom-models-osgi/target/prom-models-osgi-1.0.jar to /home/javier/.m2/repository/org/apromore/prom-models-osgi/1.0/prom-models-osgi-1.0.jar
[[1;34mINFO[m] Installing /home/javier/ApromoreCE/ApromoreCore/Apromore-OSGI-Bundles/prom-models-osgi/pom.xml to /home/javier/.m2/repository/org/apromore/prom-models-osgi/1.0/prom-models-osgi-1.0.pom
[[1;34mINFO[m] Installing /home/javier/ApromoreCE/ApromoreCore/Apromore-OSGI-Bundles/prom-models-osgi/target/prom-models-osgi-1.0-sources.jar to /home/javier/.m2/repository/org/apromore/prom-models-osgi/1.0/prom-models-osgi-1.0-sources.jar
[[1;34mINFO[m] 
[[1;34mINFO[m] [1m--- [0;32mmaven-bundle-plugin:3.0.1:install[m [1m(default-install)[m @ [36mprom-models-osgi[0;1m ---[m
[[1;34mINFO[m] Installing org/apromore/prom-models-osgi/1.0/prom-models-osgi-1.0.jar
[[1;34mINFO[m] Writing OBR metadata
[[1;34mINFO[m] 
[[1;34mINFO[m] [1m-------------------< [0;36morg.apromore:prom-widgets-osgi[0;1m >-------------------[m
[[1;34mINFO[m] [1mBuilding prom-widgets-osgi 1.0                                  [18/124][m
[[1;34mINFO[m] [1m-------------------------------[ bundle ]-------------------------------[m
[[1;34mINFO[m] 
[[1;34mINFO[m] [1m--- [0;32mmaven-clean-plugin:2.5:clean[m [1m(default-clean)[m @ [36mprom-widgets-osgi[0;1m ---[m
[[1;34mINFO[m] Deleting /home/javier/ApromoreCE/ApromoreCore/Apromore-OSGI-Bundles/prom-widgets-osgi/target
[[1;34mINFO[m] Deleting /home/javier/ApromoreCE/ApromoreCore/Apromore-OSGI-Bundles/prom-widgets-osgi (includes = [surefire*], excludes = [])
[[1;34mINFO[m] 
[[1;34mINFO[m] [1m--- [0;32mmaven-enforcer-plugin:1.3:enforce[m [1m(enforce-banned-dependencies)[m @ [36mprom-widgets-osgi[0;1m ---[m
[[1;34mINFO[m] 
[[1;34mINFO[m] [1m--- [0;32mgit-commit-id-plugin:2.2.1:revision[m [1m(get-the-git-infos)[m @ [36mprom-widgets-osgi[0;1m ---[m
[[1;34mINFO[m] 
[[1;34mINFO[m] [1m--- [0;32mjacoco-maven-plugin:0.8.4:prepare-agent[m [1m(prepare-agent)[m @ [36mprom-widgets-osgi[0;1m ---[m
[[1;34mINFO[m] Skipping JaCoCo execution because property jacoco.skip is set.
[[1;34mINFO[m] argLine set to empty
[[1;34mINFO[m] 
[[1;34mINFO[m] [1m--- [0;32mmaven-resources-plugin:2.6:resources[m [1m(default-resources)[m @ [36mprom-widgets-osgi[0;1m ---[m
[[1;34mINFO[m] Using 'UTF-8' encoding to copy filtered resources.
[[1;34mINFO[m] skip non existing resourceDirectory /home/javier/ApromoreCE/ApromoreCore/Apromore-OSGI-Bundles/prom-widgets-osgi/src/main/resources
[[1;34mINFO[m] 
[[1;34mINFO[m] [1m--- [0;32mmaven-jxr-plugin:2.3:jxr[m [1m(default)[m @ [36mprom-widgets-osgi[0;1m ---[m
[[1;34mINFO[m] 
[[1;34mINFO[m] [1m--- [0;32mmaven-compiler-plugin:3.0:compile[m [1m(default-compile)[m @ [36mprom-widgets-osgi[0;1m ---[m
[[1;34mINFO[m] Changes detected - recompiling the module!
[[1;34mINFO[m] Compiling 23 source files to /home/javier/ApromoreCE/ApromoreCore/Apromore-OSGI-Bundles/prom-widgets-osgi/target/classes
[[1;34mINFO[m] 
[[1;34mINFO[m] [1m--- [0;32mmaven-bundle-plugin:3.0.1:manifest[m [1m(bundle-manifest)[m @ [36mprom-widgets-osgi[0;1m ---[m
[[1;34mINFO[m] 
[[1;34mINFO[m] [1m--- [0;32mmaven-resources-plugin:2.6:testResources[m [1m(default-testResources)[m @ [36mprom-widgets-osgi[0;1m ---[m
[[1;34mINFO[m] Using 'UTF-8' encoding to copy filtered resources.
[[1;34mINFO[m] skip non existing resourceDirectory /home/javier/ApromoreCE/ApromoreCore/Apromore-OSGI-Bundles/prom-widgets-osgi/src/test/resources
[[1;34mINFO[m] 
[[1;34mINFO[m] [1m--- [0;32mmaven-compiler-plugin:3.0:testCompile[m [1m(default-testCompile)[m @ [36mprom-widgets-osgi[0;1m ---[m
[[1;34mINFO[m] No sources to compile
[[1;34mINFO[m] 
[[1;34mINFO[m] [1m--- [0;32mmaven-surefire-plugin:2.14.1:test[m [1m(default-test)[m @ [36mprom-widgets-osgi[0;1m ---[m
[[1;34mINFO[m] No tests to run.
[[1;34mINFO[m] 
[[1;34mINFO[m] [1m--- [0;32mjacoco-maven-plugin:0.8.4:report[m [1m(report)[m @ [36mprom-widgets-osgi[0;1m ---[m
[[1;34mINFO[m] Skipping JaCoCo execution because property jacoco.skip is set.
[[1;34mINFO[m] 
[[1;34mINFO[m] [1m--- [0;32mmaven-bundle-plugin:3.0.1:bundle[m [1m(default-bundle)[m @ [36mprom-widgets-osgi[0;1m ---[m
[[1;34mINFO[m] 
[[1;34mINFO[m] [1m--- [0;32mmaven-surefire-plugin:2.14.1:test[m [1m(integration-test)[m @ [36mprom-widgets-osgi[0;1m ---[m
[[1;34mINFO[m] No tests to run.
[[1;34mINFO[m] 
[[1;34mINFO[m] [1m--- [0;32mmaven-source-plugin:2.2.1:jar-no-fork[m [1m(generate-sources)[m @ [36mprom-widgets-osgi[0;1m ---[m
[[1;34mINFO[m] Building jar: /home/javier/ApromoreCE/ApromoreCore/Apromore-OSGI-Bundles/prom-widgets-osgi/target/prom-widgets-osgi-1.0-sources.jar
[[1;34mINFO[m] 
[[1;34mINFO[m] [1m--- [0;32mmaven-checkstyle-plugin:2.10:checkstyle[m [1m(run-checkstyle)[m @ [36mprom-widgets-osgi[0;1m ---[m
[[1;34mINFO[m] 
[[1;34mINFO[m] [1m--- [0;32mjacoco-maven-plugin:0.8.4:check[m [1m(check)[m @ [36mprom-widgets-osgi[0;1m ---[m
[[1;34mINFO[m] Skipping JaCoCo execution because property jacoco.skip is set.
[[1;34mINFO[m] 
[[1;34mINFO[m] [1m--- [0;32mmaven-install-plugin:2.4:install[m [1m(default-install)[m @ [36mprom-widgets-osgi[0;1m ---[m
[[1;34mINFO[m] Installing /home/javier/ApromoreCE/ApromoreCore/Apromore-OSGI-Bundles/prom-widgets-osgi/target/prom-widgets-osgi-1.0.jar to /home/javier/.m2/repository/org/apromore/prom-widgets-osgi/1.0/prom-widgets-osgi-1.0.jar
[[1;34mINFO[m] Installing /home/javier/ApromoreCE/ApromoreCore/Apromore-OSGI-Bundles/prom-widgets-osgi/pom.xml to /home/javier/.m2/repository/org/apromore/prom-widgets-osgi/1.0/prom-widgets-osgi-1.0.pom
[[1;34mINFO[m] Installing /home/javier/ApromoreCE/ApromoreCore/Apromore-OSGI-Bundles/prom-widgets-osgi/target/prom-widgets-osgi-1.0-sources.jar to /home/javier/.m2/repository/org/apromore/prom-widgets-osgi/1.0/prom-widgets-osgi-1.0-sources.jar
[[1;34mINFO[m] 
[[1;34mINFO[m] [1m--- [0;32mmaven-bundle-plugin:3.0.1:install[m [1m(default-install)[m @ [36mprom-widgets-osgi[0;1m ---[m
[[1;34mINFO[m] Installing org/apromore/prom-widgets-osgi/1.0/prom-widgets-osgi-1.0.jar
[[1;34mINFO[m] Writing OBR metadata
[[1;34mINFO[m] 
[[1;34mINFO[m] [1m--------------------< [0;36morg.apromore:prom-bpmn-osgi[0;1m >---------------------[m
[[1;34mINFO[m] [1mBuilding prom-bpmn-osgi 1.0                                     [19/124][m
[[1;34mINFO[m] [1m-------------------------------[ bundle ]-------------------------------[m
[[1;34mINFO[m] 
[[1;34mINFO[m] [1m--- [0;32mmaven-clean-plugin:2.5:clean[m [1m(default-clean)[m @ [36mprom-bpmn-osgi[0;1m ---[m
[[1;34mINFO[m] Deleting /home/javier/ApromoreCE/ApromoreCore/Apromore-OSGI-Bundles/prom-bpmn-osgi/target
[[1;34mINFO[m] Deleting /home/javier/ApromoreCE/ApromoreCore/Apromore-OSGI-Bundles/prom-bpmn-osgi (includes = [surefire*], excludes = [])
[[1;34mINFO[m] 
[[1;34mINFO[m] [1m--- [0;32mmaven-enforcer-plugin:1.3:enforce[m [1m(enforce-banned-dependencies)[m @ [36mprom-bpmn-osgi[0;1m ---[m
[[1;34mINFO[m] 
[[1;34mINFO[m] [1m--- [0;32mgit-commit-id-plugin:2.2.1:revision[m [1m(get-the-git-infos)[m @ [36mprom-bpmn-osgi[0;1m ---[m
[[1;34mINFO[m] 
[[1;34mINFO[m] [1m--- [0;32mjacoco-maven-plugin:0.8.4:prepare-agent[m [1m(prepare-agent)[m @ [36mprom-bpmn-osgi[0;1m ---[m
[[1;34mINFO[m] Skipping JaCoCo execution because property jacoco.skip is set.
[[1;34mINFO[m] argLine set to empty
[[1;34mINFO[m] 
[[1;34mINFO[m] [1m--- [0;32mmaven-resources-plugin:2.6:resources[m [1m(default-resources)[m @ [36mprom-bpmn-osgi[0;1m ---[m
[[1;34mINFO[m] Using 'UTF-8' encoding to copy filtered resources.
[[1;34mINFO[m] skip non existing resourceDirectory /home/javier/ApromoreCE/ApromoreCore/Apromore-OSGI-Bundles/prom-bpmn-osgi/src/main/resources
[[1;34mINFO[m] 
[[1;34mINFO[m] [1m--- [0;32mmaven-jxr-plugin:2.3:jxr[m [1m(default)[m @ [36mprom-bpmn-osgi[0;1m ---[m
[[1;34mINFO[m] 
[[1;34mINFO[m] [1m--- [0;32mmaven-compiler-plugin:3.0:compile[m [1m(default-compile)[m @ [36mprom-bpmn-osgi[0;1m ---[m
[[1;34mINFO[m] Changes detected - recompiling the module!
[[1;34mINFO[m] Compiling 78 source files to /home/javier/ApromoreCE/ApromoreCore/Apromore-OSGI-Bundles/prom-bpmn-osgi/target/classes
[[1;34mINFO[m] 
[[1;34mINFO[m] [1m--- [0;32mmaven-bundle-plugin:3.0.1:manifest[m [1m(bundle-manifest)[m @ [36mprom-bpmn-osgi[0;1m ---[m
[[1;33mWARNING[m] Manifest org.apromore:prom-bpmn-osgi:bundle:1.0 : Export org.apromore.processmining.plugins.bpmn,  has 1,  private references [org.xmlpull.v1], 
[[1;33mWARNING[m] Manifest org.apromore:prom-bpmn-osgi:bundle:1.0 : Export org.apromore.processmining.plugins.bpmn.diagram,  has 1,  private references [org.xmlpull.v1], 
[[1;34mINFO[m] 
[[1;34mINFO[m] [1m--- [0;32mmaven-resources-plugin:2.6:testResources[m [1m(default-testResources)[m @ [36mprom-bpmn-osgi[0;1m ---[m
[[1;34mINFO[m] Using 'UTF-8' encoding to copy filtered resources.
[[1;34mINFO[m] skip non existing resourceDirectory /home/javier/ApromoreCE/ApromoreCore/Apromore-OSGI-Bundles/prom-bpmn-osgi/src/test/resources
[[1;34mINFO[m] 
[[1;34mINFO[m] [1m--- [0;32mmaven-compiler-plugin:3.0:testCompile[m [1m(default-testCompile)[m @ [36mprom-bpmn-osgi[0;1m ---[m
[[1;34mINFO[m] No sources to compile
[[1;34mINFO[m] 
[[1;34mINFO[m] [1m--- [0;32mmaven-surefire-plugin:2.14.1:test[m [1m(default-test)[m @ [36mprom-bpmn-osgi[0;1m ---[m
[[1;34mINFO[m] No tests to run.
[[1;34mINFO[m] 
[[1;34mINFO[m] [1m--- [0;32mjacoco-maven-plugin:0.8.4:report[m [1m(report)[m @ [36mprom-bpmn-osgi[0;1m ---[m
[[1;34mINFO[m] Skipping JaCoCo execution because property jacoco.skip is set.
[[1;34mINFO[m] 
[[1;34mINFO[m] [1m--- [0;32mmaven-bundle-plugin:3.0.1:bundle[m [1m(default-bundle)[m @ [36mprom-bpmn-osgi[0;1m ---[m
[[1;33mWARNING[m] Bundle org.apromore:prom-bpmn-osgi:bundle:1.0 : Export org.apromore.processmining.plugins.bpmn,  has 1,  private references [org.xmlpull.v1], 
[[1;33mWARNING[m] Bundle org.apromore:prom-bpmn-osgi:bundle:1.0 : Export org.apromore.processmining.plugins.bpmn.diagram,  has 1,  private references [org.xmlpull.v1], 
[[1;34mINFO[m] 
[[1;34mINFO[m] [1m--- [0;32mmaven-surefire-plugin:2.14.1:test[m [1m(integration-test)[m @ [36mprom-bpmn-osgi[0;1m ---[m
[[1;34mINFO[m] No tests to run.
[[1;34mINFO[m] 
[[1;34mINFO[m] [1m--- [0;32mmaven-source-plugin:2.2.1:jar-no-fork[m [1m(generate-sources)[m @ [36mprom-bpmn-osgi[0;1m ---[m
[[1;34mINFO[m] Building jar: /home/javier/ApromoreCE/ApromoreCore/Apromore-OSGI-Bundles/prom-bpmn-osgi/target/prom-bpmn-osgi-1.0-sources.jar
[[1;34mINFO[m] 
[[1;34mINFO[m] [1m--- [0;32mmaven-checkstyle-plugin:2.10:checkstyle[m [1m(run-checkstyle)[m @ [36mprom-bpmn-osgi[0;1m ---[m
[[1;34mINFO[m] 
[[1;34mINFO[m] [1m--- [0;32mjacoco-maven-plugin:0.8.4:check[m [1m(check)[m @ [36mprom-bpmn-osgi[0;1m ---[m
[[1;34mINFO[m] Skipping JaCoCo execution because property jacoco.skip is set.
[[1;34mINFO[m] 
[[1;34mINFO[m] [1m--- [0;32mmaven-install-plugin:2.4:install[m [1m(default-install)[m @ [36mprom-bpmn-osgi[0;1m ---[m
[[1;34mINFO[m] Installing /home/javier/ApromoreCE/ApromoreCore/Apromore-OSGI-Bundles/prom-bpmn-osgi/target/prom-bpmn-osgi-1.0.jar to /home/javier/.m2/repository/org/apromore/prom-bpmn-osgi/1.0/prom-bpmn-osgi-1.0.jar
[[1;34mINFO[m] Installing /home/javier/ApromoreCE/ApromoreCore/Apromore-OSGI-Bundles/prom-bpmn-osgi/pom.xml to /home/javier/.m2/repository/org/apromore/prom-bpmn-osgi/1.0/prom-bpmn-osgi-1.0.pom
[[1;34mINFO[m] Installing /home/javier/ApromoreCE/ApromoreCore/Apromore-OSGI-Bundles/prom-bpmn-osgi/target/prom-bpmn-osgi-1.0-sources.jar to /home/javier/.m2/repository/org/apromore/prom-bpmn-osgi/1.0/prom-bpmn-osgi-1.0-sources.jar
[[1;34mINFO[m] 
[[1;34mINFO[m] [1m--- [0;32mmaven-bundle-plugin:3.0.1:install[m [1m(default-install)[m @ [36mprom-bpmn-osgi[0;1m ---[m
[[1;34mINFO[m] Installing org/apromore/prom-bpmn-osgi/1.0/prom-bpmn-osgi-1.0.jar
[[1;34mINFO[m] Writing OBR metadata
[[1;34mINFO[m] 
[[1;34mINFO[m] [1m----------------------< [0;36morg.apromore:anf-schema[0;1m >-----------------------[m
[[1;34mINFO[m] [1mBuilding Apromore ANF Schema 1.1                                [20/124][m
[[1;34mINFO[m] [1m--------------------------------[ jar ]---------------------------------[m
[[1;34mINFO[m] 
[[1;34mINFO[m] [1m--- [0;32mmaven-clean-plugin:2.5:clean[m [1m(default-clean)[m @ [36manf-schema[0;1m ---[m
[[1;34mINFO[m] Deleting /home/javier/ApromoreCE/ApromoreCore/Apromore-Schema/anf-schema/target
[[1;34mINFO[m] Deleting /home/javier/ApromoreCE/ApromoreCore/Apromore-Schema/anf-schema (includes = [surefire*], excludes = [])
[[1;34mINFO[m] 
[[1;34mINFO[m] [1m--- [0;32mmaven-enforcer-plugin:1.3:enforce[m [1m(enforce-banned-dependencies)[m @ [36manf-schema[0;1m ---[m
[[1;34mINFO[m] 
[[1;34mINFO[m] [1m--- [0;32mgit-commit-id-plugin:2.2.1:revision[m [1m(get-the-git-infos)[m @ [36manf-schema[0;1m ---[m
[[1;34mINFO[m] 
[[1;34mINFO[m] [1m--- [0;32mjacoco-maven-plugin:0.8.4:prepare-agent[m [1m(prepare-agent)[m @ [36manf-schema[0;1m ---[m
[[1;34mINFO[m] Skipping JaCoCo execution because property jacoco.skip is set.
[[1;34mINFO[m] argLine set to empty
[[1;34mINFO[m] 
[[1;34mINFO[m] [1m--- [0;32mmaven-jaxb2-plugin:0.9.0:generate[m [1m(default)[m @ [36manf-schema[0;1m ---[m
[[1;34mINFO[m] Sources are not up-to-date; XJC execution will be executed.
[[1;34mINFO[m] 
[[1;34mINFO[m] [1m--- [0;32mbuild-helper-maven-plugin:1.8:add-source[m [1m(add-source)[m @ [36manf-schema[0;1m ---[m
[[1;34mINFO[m] Source directory: /home/javier/ApromoreCE/ApromoreCore/Apromore-Schema/anf-schema/target/generated-sources/src added.
[[1;34mINFO[m] 
[[1;34mINFO[m] [1m--- [0;32mmaven-resources-plugin:2.6:resources[m [1m(default-resources)[m @ [36manf-schema[0;1m ---[m
[[1;34mINFO[m] Using 'UTF-8' encoding to copy filtered resources.
[[1;34mINFO[m] Copying 1 resource
[[1;34mINFO[m] Copying 1 resource
[[1;34mINFO[m] 
[[1;34mINFO[m] [1m--- [0;32mmaven-jxr-plugin:2.3:jxr[m [1m(default)[m @ [36manf-schema[0;1m ---[m
[[1;34mINFO[m] 
[[1;34mINFO[m] [1m--- [0;32mmaven-compiler-plugin:3.0:compile[m [1m(default-compile)[m @ [36manf-schema[0;1m ---[m
[[1;34mINFO[m] Changes detected - recompiling the module!
[[1;34mINFO[m] Compiling 23 source files to /home/javier/ApromoreCE/ApromoreCore/Apromore-Schema/anf-schema/target/classes
[[1;34mINFO[m] 
[[1;34mINFO[m] [1m--- [0;32mmaven-bundle-plugin:3.0.1:manifest[m [1m(bundle-manifest)[m @ [36manf-schema[0;1m ---[m
[[1;34mINFO[m] 
[[1;34mINFO[m] [1m--- [0;32mmaven-resources-plugin:2.6:testResources[m [1m(default-testResources)[m @ [36manf-schema[0;1m ---[m
[[1;34mINFO[m] Using 'UTF-8' encoding to copy filtered resources.
[[1;34mINFO[m] skip non existing resourceDirectory /home/javier/ApromoreCE/ApromoreCore/Apromore-Schema/anf-schema/src/test/resources
[[1;34mINFO[m] 
[[1;34mINFO[m] [1m--- [0;32mmaven-compiler-plugin:3.0:testCompile[m [1m(default-testCompile)[m @ [36manf-schema[0;1m ---[m
[[1;34mINFO[m] No sources to compile
[[1;34mINFO[m] 
[[1;34mINFO[m] [1m--- [0;32mmaven-surefire-plugin:2.14.1:test[m [1m(default-test)[m @ [36manf-schema[0;1m ---[m
[[1;34mINFO[m] No tests to run.
[[1;34mINFO[m] 
[[1;34mINFO[m] [1m--- [0;32mjacoco-maven-plugin:0.8.4:report[m [1m(report)[m @ [36manf-schema[0;1m ---[m
[[1;34mINFO[m] Skipping JaCoCo execution because property jacoco.skip is set.
[[1;34mINFO[m] 
[[1;34mINFO[m] [1m--- [0;32mmaven-jar-plugin:2.3.2:jar[m [1m(default-jar)[m @ [36manf-schema[0;1m ---[m
[[1;34mINFO[m] Building jar: /home/javier/ApromoreCE/ApromoreCore/Apromore-Schema/anf-schema/target/anf-schema-1.1.jar
[[1;34mINFO[m] 
[[1;34mINFO[m] [1m--- [0;32mmaven-surefire-plugin:2.14.1:test[m [1m(integration-test)[m @ [36manf-schema[0;1m ---[m
[[1;34mINFO[m] No tests to run.
[[1;34mINFO[m] 
[[1;34mINFO[m] [1m--- [0;32mmaven-source-plugin:2.2.1:jar-no-fork[m [1m(generate-sources)[m @ [36manf-schema[0;1m ---[m
[[1;34mINFO[m] Building jar: /home/javier/ApromoreCE/ApromoreCore/Apromore-Schema/anf-schema/target/anf-schema-1.1-sources.jar
[[1;34mINFO[m] 
[[1;34mINFO[m] [1m--- [0;32mmaven-checkstyle-plugin:2.10:checkstyle[m [1m(run-checkstyle)[m @ [36manf-schema[0;1m ---[m
[[1;34mINFO[m] 
[[1;34mINFO[m] [1m--- [0;32mjacoco-maven-plugin:0.8.4:check[m [1m(check)[m @ [36manf-schema[0;1m ---[m
[[1;34mINFO[m] Skipping JaCoCo execution because property jacoco.skip is set.
[[1;34mINFO[m] 
[[1;34mINFO[m] [1m--- [0;32mmaven-install-plugin:2.4:install[m [1m(default-install)[m @ [36manf-schema[0;1m ---[m
[[1;34mINFO[m] Installing /home/javier/ApromoreCE/ApromoreCore/Apromore-Schema/anf-schema/target/anf-schema-1.1.jar to /home/javier/.m2/repository/org/apromore/anf-schema/1.1/anf-schema-1.1.jar
[[1;34mINFO[m] Installing /home/javier/ApromoreCE/ApromoreCore/Apromore-Schema/anf-schema/pom.xml to /home/javier/.m2/repository/org/apromore/anf-schema/1.1/anf-schema-1.1.pom
[[1;34mINFO[m] Installing /home/javier/ApromoreCE/ApromoreCore/Apromore-Schema/anf-schema/target/anf-schema-1.1-sources.jar to /home/javier/.m2/repository/org/apromore/anf-schema/1.1/anf-schema-1.1-sources.jar
[[1;34mINFO[m] 
[[1;34mINFO[m] [1m-------------------< [0;36morg.apromore.plugin:plugin-api[0;1m >-------------------[m
[[1;34mINFO[m] [1mBuilding Apromore Plugin API 1.1                                [21/124][m
[[1;34mINFO[m] [1m--------------------------------[ jar ]---------------------------------[m
[[1;34mINFO[m] 
[[1;34mINFO[m] [1m--- [0;32mmaven-clean-plugin:2.5:clean[m [1m(default-clean)[m @ [36mplugin-api[0;1m ---[m
[[1;34mINFO[m] Deleting /home/javier/ApromoreCE/ApromoreCore/Apromore-Plugins/plugin-core/core/api/target
[[1;34mINFO[m] Deleting /home/javier/ApromoreCE/ApromoreCore/Apromore-Plugins/plugin-core/core/api (includes = [surefire*], excludes = [])
[[1;34mINFO[m] 
[[1;34mINFO[m] [1m--- [0;32mmaven-enforcer-plugin:1.3:enforce[m [1m(enforce-banned-dependencies)[m @ [36mplugin-api[0;1m ---[m
[[1;34mINFO[m] 
[[1;34mINFO[m] [1m--- [0;32mgit-commit-id-plugin:2.2.1:revision[m [1m(get-the-git-infos)[m @ [36mplugin-api[0;1m ---[m
[[1;34mINFO[m] 
[[1;34mINFO[m] [1m--- [0;32mjacoco-maven-plugin:0.8.4:prepare-agent[m [1m(prepare-agent)[m @ [36mplugin-api[0;1m ---[m
[[1;34mINFO[m] Skipping JaCoCo execution because property jacoco.skip is set.
[[1;34mINFO[m] argLine set to empty
[[1;34mINFO[m] 
[[1;34mINFO[m] [1m--- [0;32mmaven-resources-plugin:2.6:resources[m [1m(default-resources)[m @ [36mplugin-api[0;1m ---[m
[[1;34mINFO[m] Using 'UTF-8' encoding to copy filtered resources.
[[1;34mINFO[m] skip non existing resourceDirectory /home/javier/ApromoreCE/ApromoreCore/Apromore-Plugins/plugin-core/core/api/src/main/resources
[[1;34mINFO[m] 
[[1;34mINFO[m] [1m--- [0;32mmaven-jxr-plugin:2.3:jxr[m [1m(default)[m @ [36mplugin-api[0;1m ---[m
[[1;34mINFO[m] 
[[1;34mINFO[m] [1m--- [0;32mmaven-compiler-plugin:3.0:compile[m [1m(default-compile)[m @ [36mplugin-api[0;1m ---[m
[[1;34mINFO[m] Changes detected - recompiling the module!
[[1;34mINFO[m] Compiling 18 source files to /home/javier/ApromoreCE/ApromoreCore/Apromore-Plugins/plugin-core/core/api/target/classes
[[1;34mINFO[m] 
[[1;34mINFO[m] [1m--- [0;32mmaven-bundle-plugin:3.0.1:manifest[m [1m(bundle-manifest)[m @ [36mplugin-api[0;1m ---[m
[[1;34mINFO[m] 
[[1;34mINFO[m] [1m--- [0;32mmaven-resources-plugin:2.6:testResources[m [1m(default-testResources)[m @ [36mplugin-api[0;1m ---[m
[[1;34mINFO[m] Using 'UTF-8' encoding to copy filtered resources.
[[1;34mINFO[m] Copying 1 resource
[[1;34mINFO[m] 
[[1;34mINFO[m] [1m--- [0;32mmaven-compiler-plugin:3.0:testCompile[m [1m(default-testCompile)[m @ [36mplugin-api[0;1m ---[m
[[1;34mINFO[m] Changes detected - recompiling the module!
[[1;34mINFO[m] Compiling 8 source files to /home/javier/ApromoreCE/ApromoreCore/Apromore-Plugins/plugin-core/core/api/target/test-classes
[[1;34mINFO[m] 
[[1;34mINFO[m] [1m--- [0;32mmaven-surefire-plugin:2.14.1:test[m [1m(default-test)[m @ [36mplugin-api[0;1m ---[m
[[1;34mINFO[m] Surefire report directory: /home/javier/ApromoreCE/ApromoreCore/Apromore-Plugins/plugin-core/core/api/target/surefire-reports

-------------------------------------------------------
 T E S T S
-------------------------------------------------------
OpenJDK 64-Bit Server VM warning: ignoring option MaxPermSize=1024m; support was removed in 8.0
Running org.apromore.plugin.DefaultPluginUnitTest
Tests run: 10, Failures: 0, Errors: 0, Skipped: 0, Time elapsed: 0.23 sec
Running org.apromore.plugin.DefaultPropertyAwarePluginUnitTest
Tests run: 5, Failures: 0, Errors: 0, Skipped: 0, Time elapsed: 0.005 sec
Running org.apromore.plugin.impl.PluginRequestImplUnitTest
Tests run: 3, Failures: 0, Errors: 0, Skipped: 0, Time elapsed: 0.007 sec
Running org.apromore.plugin.impl.PluginResultImplUnitTest
22:33:22.289 [main] DEBUG org.apromore.plugin.PluginResultImpl - test
22:33:22.291 [main] DEBUG org.apromore.plugin.PluginResultImpl - test
22:33:22.292 [main] DEBUG org.apromore.plugin.PluginResultImpl - test 1
22:33:22.292 [main] DEBUG org.apromore.plugin.PluginResultImpl - test
22:33:22.292 [main] DEBUG org.apromore.plugin.PluginResultImpl - test2
Tests run: 3, Failures: 0, Errors: 0, Skipped: 0, Time elapsed: 0.009 sec
Running org.apromore.plugin.property.BooleanParameterUnitTest
Tests run: 1, Failures: 0, Errors: 0, Skipped: 0, Time elapsed: 0.002 sec
Running org.apromore.plugin.property.CategoryParameterUnitTest
Tests run: 1, Failures: 0, Errors: 0, Skipped: 0, Time elapsed: 0.001 sec
Running org.apromore.plugin.property.DefaultParameterUnitTest
Tests run: 6, Failures: 0, Errors: 0, Skipped: 0, Time elapsed: 0.007 sec
Running org.apromore.plugin.property.StringParameterUnitTest
Tests run: 1, Failures: 0, Errors: 0, Skipped: 0, Time elapsed: 0 sec

Results :

Tests run: 30, Failures: 0, Errors: 0, Skipped: 0

[[1;34mINFO[m] 
[[1;34mINFO[m] [1m--- [0;32mjacoco-maven-plugin:0.8.4:report[m [1m(report)[m @ [36mplugin-api[0;1m ---[m
[[1;34mINFO[m] Skipping JaCoCo execution because property jacoco.skip is set.
[[1;34mINFO[m] 
[[1;34mINFO[m] [1m--- [0;32mmaven-jar-plugin:2.3.2:jar[m [1m(default-jar)[m @ [36mplugin-api[0;1m ---[m
[[1;34mINFO[m] Building jar: /home/javier/ApromoreCE/ApromoreCore/Apromore-Plugins/plugin-core/core/api/target/plugin-api-1.1.jar
[[1;34mINFO[m] 
[[1;34mINFO[m] [1m--- [0;32mmaven-surefire-plugin:2.14.1:test[m [1m(integration-test)[m @ [36mplugin-api[0;1m ---[m
[[1;34mINFO[m] 
[[1;34mINFO[m] [1m--- [0;32mmaven-source-plugin:2.2.1:jar-no-fork[m [1m(generate-sources)[m @ [36mplugin-api[0;1m ---[m
[[1;34mINFO[m] Building jar: /home/javier/ApromoreCE/ApromoreCore/Apromore-Plugins/plugin-core/core/api/target/plugin-api-1.1-sources.jar
[[1;34mINFO[m] 
[[1;34mINFO[m] [1m--- [0;32mmaven-checkstyle-plugin:2.10:checkstyle[m [1m(run-checkstyle)[m @ [36mplugin-api[0;1m ---[m
[[1;34mINFO[m] 
[[1;34mINFO[m] [1m--- [0;32mjacoco-maven-plugin:0.8.4:check[m [1m(check)[m @ [36mplugin-api[0;1m ---[m
[[1;34mINFO[m] Skipping JaCoCo execution because property jacoco.skip is set.
[[1;34mINFO[m] 
[[1;34mINFO[m] [1m--- [0;32mmaven-install-plugin:2.4:install[m [1m(default-install)[m @ [36mplugin-api[0;1m ---[m
[[1;34mINFO[m] Installing /home/javier/ApromoreCE/ApromoreCore/Apromore-Plugins/plugin-core/core/api/target/plugin-api-1.1.jar to /home/javier/.m2/repository/org/apromore/plugin/plugin-api/1.1/plugin-api-1.1.jar
[[1;34mINFO[m] Installing /home/javier/ApromoreCE/ApromoreCore/Apromore-Plugins/plugin-core/core/api/pom.xml to /home/javier/.m2/repository/org/apromore/plugin/plugin-api/1.1/plugin-api-1.1.pom
[[1;34mINFO[m] Installing /home/javier/ApromoreCE/ApromoreCore/Apromore-Plugins/plugin-core/core/api/target/plugin-api-1.1-sources.jar to /home/javier/.m2/repository/org/apromore/plugin/plugin-api/1.1/plugin-api-1.1-sources.jar
[[1;34mINFO[m] 
[[1;34mINFO[m] [1m-----------------< [0;36morg.apromore.plugin:canoniser-api[0;1m >------------------[m
[[1;34mINFO[m] [1mBuilding Apromore Canoniser API 1.1                             [22/124][m
[[1;34mINFO[m] [1m--------------------------------[ jar ]---------------------------------[m
[[1;34mINFO[m] 
[[1;34mINFO[m] [1m--- [0;32mmaven-clean-plugin:2.5:clean[m [1m(default-clean)[m @ [36mcanoniser-api[0;1m ---[m
[[1;34mINFO[m] Deleting /home/javier/ApromoreCE/ApromoreCore/Apromore-Plugins/plugin-canoniser/core/api/target
[[1;34mINFO[m] Deleting /home/javier/ApromoreCE/ApromoreCore/Apromore-Plugins/plugin-canoniser/core/api (includes = [surefire*], excludes = [])
[[1;34mINFO[m] 
[[1;34mINFO[m] [1m--- [0;32mmaven-enforcer-plugin:1.3:enforce[m [1m(enforce-banned-dependencies)[m @ [36mcanoniser-api[0;1m ---[m
[[1;34mINFO[m] 
[[1;34mINFO[m] [1m--- [0;32mgit-commit-id-plugin:2.2.1:revision[m [1m(get-the-git-infos)[m @ [36mcanoniser-api[0;1m ---[m
[[1;34mINFO[m] 
[[1;34mINFO[m] [1m--- [0;32mjacoco-maven-plugin:0.8.4:prepare-agent[m [1m(prepare-agent)[m @ [36mcanoniser-api[0;1m ---[m
[[1;34mINFO[m] Skipping JaCoCo execution because property jacoco.skip is set.
[[1;34mINFO[m] argLine set to empty
[[1;34mINFO[m] 
[[1;34mINFO[m] [1m--- [0;32mmaven-resources-plugin:2.6:resources[m [1m(default-resources)[m @ [36mcanoniser-api[0;1m ---[m
[[1;34mINFO[m] Using 'UTF-8' encoding to copy filtered resources.
[[1;34mINFO[m] skip non existing resourceDirectory /home/javier/ApromoreCE/ApromoreCore/Apromore-Plugins/plugin-canoniser/core/api/src/main/resources
[[1;34mINFO[m] 
[[1;34mINFO[m] [1m--- [0;32mmaven-jxr-plugin:2.3:jxr[m [1m(default)[m @ [36mcanoniser-api[0;1m ---[m
[[1;34mINFO[m] 
[[1;34mINFO[m] [1m--- [0;32mmaven-compiler-plugin:3.0:compile[m [1m(default-compile)[m @ [36mcanoniser-api[0;1m ---[m
[[1;34mINFO[m] Changes detected - recompiling the module!
[[1;34mINFO[m] Compiling 6 source files to /home/javier/ApromoreCE/ApromoreCore/Apromore-Plugins/plugin-canoniser/core/api/target/classes
[[1;34mINFO[m] 
[[1;34mINFO[m] [1m--- [0;32mmaven-bundle-plugin:3.0.1:manifest[m [1m(bundle-manifest)[m @ [36mcanoniser-api[0;1m ---[m
[[1;34mINFO[m] 
[[1;34mINFO[m] [1m--- [0;32mmaven-resources-plugin:2.6:testResources[m [1m(default-testResources)[m @ [36mcanoniser-api[0;1m ---[m
[[1;34mINFO[m] Using 'UTF-8' encoding to copy filtered resources.
[[1;34mINFO[m] skip non existing resourceDirectory /home/javier/ApromoreCE/ApromoreCore/Apromore-Plugins/plugin-canoniser/core/api/src/test/resources
[[1;34mINFO[m] 
[[1;34mINFO[m] [1m--- [0;32mmaven-compiler-plugin:3.0:testCompile[m [1m(default-testCompile)[m @ [36mcanoniser-api[0;1m ---[m
[[1;34mINFO[m] Changes detected - recompiling the module!
[[1;34mINFO[m] Compiling 1 source file to /home/javier/ApromoreCE/ApromoreCore/Apromore-Plugins/plugin-canoniser/core/api/target/test-classes
[[1;34mINFO[m] 
[[1;34mINFO[m] [1m--- [0;32mmaven-surefire-plugin:2.14.1:test[m [1m(default-test)[m @ [36mcanoniser-api[0;1m ---[m
[[1;34mINFO[m] Surefire report directory: /home/javier/ApromoreCE/ApromoreCore/Apromore-Plugins/plugin-canoniser/core/api/target/surefire-reports

-------------------------------------------------------
 T E S T S
-------------------------------------------------------
OpenJDK 64-Bit Server VM warning: ignoring option MaxPermSize=1024m; support was removed in 8.0
Running org.apromore.canoniser.DefaultAbstractCanoniserUnitTest
Tests run: 1, Failures: 0, Errors: 0, Skipped: 0, Time elapsed: 0.129 sec

Results :

Tests run: 1, Failures: 0, Errors: 0, Skipped: 0

[[1;34mINFO[m] 
[[1;34mINFO[m] [1m--- [0;32mjacoco-maven-plugin:0.8.4:report[m [1m(report)[m @ [36mcanoniser-api[0;1m ---[m
[[1;34mINFO[m] Skipping JaCoCo execution because property jacoco.skip is set.
[[1;34mINFO[m] 
[[1;34mINFO[m] [1m--- [0;32mmaven-jar-plugin:2.3.2:jar[m [1m(default-jar)[m @ [36mcanoniser-api[0;1m ---[m
[[1;34mINFO[m] Building jar: /home/javier/ApromoreCE/ApromoreCore/Apromore-Plugins/plugin-canoniser/core/api/target/canoniser-api-1.1.jar
[[1;34mINFO[m] 
[[1;34mINFO[m] [1m--- [0;32mmaven-surefire-plugin:2.14.1:test[m [1m(integration-test)[m @ [36mcanoniser-api[0;1m ---[m
[[1;34mINFO[m] 
[[1;34mINFO[m] [1m--- [0;32mmaven-source-plugin:2.2.1:jar-no-fork[m [1m(generate-sources)[m @ [36mcanoniser-api[0;1m ---[m
[[1;34mINFO[m] Building jar: /home/javier/ApromoreCE/ApromoreCore/Apromore-Plugins/plugin-canoniser/core/api/target/canoniser-api-1.1-sources.jar
[[1;34mINFO[m] 
[[1;34mINFO[m] [1m--- [0;32mmaven-checkstyle-plugin:2.10:checkstyle[m [1m(run-checkstyle)[m @ [36mcanoniser-api[0;1m ---[m
[[1;34mINFO[m] 
[[1;34mINFO[m] [1m--- [0;32mjacoco-maven-plugin:0.8.4:check[m [1m(check)[m @ [36mcanoniser-api[0;1m ---[m
[[1;34mINFO[m] Skipping JaCoCo execution because property jacoco.skip is set.
[[1;34mINFO[m] 
[[1;34mINFO[m] [1m--- [0;32mmaven-install-plugin:2.4:install[m [1m(default-install)[m @ [36mcanoniser-api[0;1m ---[m
[[1;34mINFO[m] Installing /home/javier/ApromoreCE/ApromoreCore/Apromore-Plugins/plugin-canoniser/core/api/target/canoniser-api-1.1.jar to /home/javier/.m2/repository/org/apromore/plugin/canoniser-api/1.1/canoniser-api-1.1.jar
[[1;34mINFO[m] Installing /home/javier/ApromoreCE/ApromoreCore/Apromore-Plugins/plugin-canoniser/core/api/pom.xml to /home/javier/.m2/repository/org/apromore/plugin/canoniser-api/1.1/canoniser-api-1.1.pom
[[1;34mINFO[m] Installing /home/javier/ApromoreCE/ApromoreCore/Apromore-Plugins/plugin-canoniser/core/api/target/canoniser-api-1.1-sources.jar to /home/javier/.m2/repository/org/apromore/plugin/canoniser-api/1.1/canoniser-api-1.1-sources.jar
[[1;34mINFO[m] 
[[1;34mINFO[m] [1m-------------------< [0;36morg.apromore:manager-ws-model[0;1m >--------------------[m
[[1;34mINFO[m] [1mBuilding Apromore Manager WS Models 1.1                         [23/124][m
[[1;34mINFO[m] [1m--------------------------------[ jar ]---------------------------------[m
[[1;34mINFO[m] 
[[1;34mINFO[m] [1m--- [0;32mmaven-clean-plugin:2.5:clean[m [1m(default-clean)[m @ [36mmanager-ws-model[0;1m ---[m
[[1;34mINFO[m] Deleting /home/javier/ApromoreCE/ApromoreCore/Apromore-Clients/manager-ws-model/target
[[1;34mINFO[m] Deleting /home/javier/ApromoreCE/ApromoreCore/Apromore-Clients/manager-ws-model (includes = [surefire*], excludes = [])
[[1;34mINFO[m] 
[[1;34mINFO[m] [1m--- [0;32mmaven-enforcer-plugin:1.3:enforce[m [1m(enforce-banned-dependencies)[m @ [36mmanager-ws-model[0;1m ---[m
[[1;34mINFO[m] 
[[1;34mINFO[m] [1m--- [0;32mgit-commit-id-plugin:2.2.1:revision[m [1m(get-the-git-infos)[m @ [36mmanager-ws-model[0;1m ---[m
[[1;34mINFO[m] 
[[1;34mINFO[m] [1m--- [0;32mjacoco-maven-plugin:0.8.4:prepare-agent[m [1m(prepare-agent)[m @ [36mmanager-ws-model[0;1m ---[m
[[1;34mINFO[m] Skipping JaCoCo execution because property jacoco.skip is set.
[[1;34mINFO[m] argLine set to empty
[[1;34mINFO[m] 
[[1;34mINFO[m] [1m--- [0;32mmaven-jaxb2-plugin:0.9.0:generate[m [1m(New Model)[m @ [36mmanager-ws-model[0;1m ---[m
[[1;34mINFO[m] Sources are not up-to-date; XJC execution will be executed.
[[1;34mINFO[m] 
[[1;34mINFO[m] [1m--- [0;32mbuild-helper-maven-plugin:1.8:add-source[m [1m(add-source)[m @ [36mmanager-ws-model[0;1m ---[m
[[1;34mINFO[m] Source directory: /home/javier/ApromoreCE/ApromoreCore/Apromore-Clients/manager-ws-model/target/generated-sources/xjc added.
[[1;34mINFO[m] 
[[1;34mINFO[m] [1m--- [0;32mmaven-resources-plugin:2.6:resources[m [1m(default-resources)[m @ [36mmanager-ws-model[0;1m ---[m
[[1;34mINFO[m] Using 'UTF-8' encoding to copy filtered resources.
[[1;34mINFO[m] Copying 1 resource
[[1;34mINFO[m] Copying 1 resource
[[1;34mINFO[m] 
[[1;34mINFO[m] [1m--- [0;32mmaven-jxr-plugin:2.3:jxr[m [1m(default)[m @ [36mmanager-ws-model[0;1m ---[m
[[1;34mINFO[m] 
[[1;34mINFO[m] [1m--- [0;32mmaven-compiler-plugin:3.0:compile[m [1m(default-compile)[m @ [36mmanager-ws-model[0;1m ---[m
[[1;34mINFO[m] Changes detected - recompiling the module!
[[1;34mINFO[m] Compiling 226 source files to /home/javier/ApromoreCE/ApromoreCore/Apromore-Clients/manager-ws-model/target/classes
[[1;34mINFO[m] 
[[1;34mINFO[m] [1m--- [0;32mmaven-bundle-plugin:3.0.1:manifest[m [1m(bundle-manifest)[m @ [36mmanager-ws-model[0;1m ---[m
[[1;33mWARNING[m] Manifest org.apromore:manager-ws-model:jar:1.1 : Export org.apromore.model,  has 2,  private references [org.jvnet.jaxb2_commons.locator, org.jvnet.jaxb2_commons.lang], 
[[1;34mINFO[m] 
[[1;34mINFO[m] [1m--- [0;32mmaven-resources-plugin:2.6:testResources[m [1m(default-testResources)[m @ [36mmanager-ws-model[0;1m ---[m
[[1;34mINFO[m] Using 'UTF-8' encoding to copy filtered resources.
[[1;34mINFO[m] skip non existing resourceDirectory /home/javier/ApromoreCE/ApromoreCore/Apromore-Clients/manager-ws-model/src/test/resources
[[1;34mINFO[m] 
[[1;34mINFO[m] [1m--- [0;32mmaven-compiler-plugin:3.0:testCompile[m [1m(default-testCompile)[m @ [36mmanager-ws-model[0;1m ---[m
[[1;34mINFO[m] Changes detected - recompiling the module!
[[1;34mINFO[m] Compiling 1 source file to /home/javier/ApromoreCE/ApromoreCore/Apromore-Clients/manager-ws-model/target/test-classes
[[1;34mINFO[m] 
[[1;34mINFO[m] [1m--- [0;32mmaven-surefire-plugin:2.14.1:test[m [1m(default-test)[m @ [36mmanager-ws-model[0;1m ---[m
[[1;34mINFO[m] Surefire report directory: /home/javier/ApromoreCE/ApromoreCore/Apromore-Clients/manager-ws-model/target/surefire-reports

-------------------------------------------------------
 T E S T S
-------------------------------------------------------
OpenJDK 64-Bit Server VM warning: ignoring option MaxPermSize=1024m; support was removed in 8.0
Running org.apromore.helper.VersionUnitTest
Tests run: 11, Failures: 0, Errors: 0, Skipped: 0, Time elapsed: 0.025 sec

Results :

Tests run: 11, Failures: 0, Errors: 0, Skipped: 0

[[1;34mINFO[m] 
[[1;34mINFO[m] [1m--- [0;32mjacoco-maven-plugin:0.8.4:report[m [1m(report)[m @ [36mmanager-ws-model[0;1m ---[m
[[1;34mINFO[m] Skipping JaCoCo execution because property jacoco.skip is set.
[[1;34mINFO[m] 
[[1;34mINFO[m] [1m--- [0;32mmaven-jar-plugin:2.3.2:jar[m [1m(default-jar)[m @ [36mmanager-ws-model[0;1m ---[m
[[1;34mINFO[m] Building jar: /home/javier/ApromoreCE/ApromoreCore/Apromore-Clients/manager-ws-model/target/manager-ws-model.jar
[[1;34mINFO[m] META-INF/maven/org.apromore/manager-ws-model/pom.xml already added, skipping
[[1;34mINFO[m] META-INF/maven/org.apromore/manager-ws-model/pom.properties already added, skipping
[[1;34mINFO[m] 
[[1;34mINFO[m] [1m--- [0;32mmaven-surefire-plugin:2.14.1:test[m [1m(integration-test)[m @ [36mmanager-ws-model[0;1m ---[m
[[1;34mINFO[m] 
[[1;34mINFO[m] [1m--- [0;32mmaven-source-plugin:2.2.1:jar-no-fork[m [1m(generate-sources)[m @ [36mmanager-ws-model[0;1m ---[m
[[1;34mINFO[m] Building jar: /home/javier/ApromoreCE/ApromoreCore/Apromore-Clients/manager-ws-model/target/manager-ws-model-sources.jar
[[1;34mINFO[m] 
[[1;34mINFO[m] [1m--- [0;32mmaven-checkstyle-plugin:2.10:checkstyle[m [1m(run-checkstyle)[m @ [36mmanager-ws-model[0;1m ---[m
[[1;34mINFO[m] 
[[1;34mINFO[m] [1m--- [0;32mjacoco-maven-plugin:0.8.4:check[m [1m(check)[m @ [36mmanager-ws-model[0;1m ---[m
[[1;34mINFO[m] Skipping JaCoCo execution because property jacoco.skip is set.
[[1;34mINFO[m] 
[[1;34mINFO[m] [1m--- [0;32mmaven-install-plugin:2.4:install[m [1m(default-install)[m @ [36mmanager-ws-model[0;1m ---[m
[[1;34mINFO[m] Installing /home/javier/ApromoreCE/ApromoreCore/Apromore-Clients/manager-ws-model/target/manager-ws-model.jar to /home/javier/.m2/repository/org/apromore/manager-ws-model/1.1/manager-ws-model-1.1.jar
[[1;34mINFO[m] Installing /home/javier/ApromoreCE/ApromoreCore/Apromore-Clients/manager-ws-model/pom.xml to /home/javier/.m2/repository/org/apromore/manager-ws-model/1.1/manager-ws-model-1.1.pom
[[1;34mINFO[m] Installing /home/javier/ApromoreCE/ApromoreCore/Apromore-Clients/manager-ws-model/target/manager-ws-model-sources.jar to /home/javier/.m2/repository/org/apromore/manager-ws-model/1.1/manager-ws-model-1.1-sources.jar
[[1;34mINFO[m] 
[[1;34mINFO[m] [1m---------------< [0;36morg.apromore.plugin:portal-plugin-api[0;1m >----------------[m
[[1;34mINFO[m] [1mBuilding Apromore Portal Plugin API 1.1                         [24/124][m
[[1;34mINFO[m] [1m-------------------------------[ bundle ]-------------------------------[m
[[1;34mINFO[m] 
[[1;34mINFO[m] [1m--- [0;32mmaven-clean-plugin:2.5:clean[m [1m(default-clean)[m @ [36mportal-plugin-api[0;1m ---[m
[[1;34mINFO[m] Deleting /home/javier/ApromoreCE/ApromoreCore/Apromore-Plugins/plugin-core/portal/api/target
[[1;34mINFO[m] Deleting /home/javier/ApromoreCE/ApromoreCore/Apromore-Plugins/plugin-core/portal/api (includes = [surefire*], excludes = [])
[[1;34mINFO[m] 
[[1;34mINFO[m] [1m--- [0;32mmaven-enforcer-plugin:1.3:enforce[m [1m(enforce-banned-dependencies)[m @ [36mportal-plugin-api[0;1m ---[m
[[1;34mINFO[m] 
[[1;34mINFO[m] [1m--- [0;32mgit-commit-id-plugin:2.2.1:revision[m [1m(get-the-git-infos)[m @ [36mportal-plugin-api[0;1m ---[m
[[1;34mINFO[m] 
[[1;34mINFO[m] [1m--- [0;32mjacoco-maven-plugin:0.8.4:prepare-agent[m [1m(prepare-agent)[m @ [36mportal-plugin-api[0;1m ---[m
[[1;34mINFO[m] Skipping JaCoCo execution because property jacoco.skip is set.
[[1;34mINFO[m] argLine set to empty
[[1;34mINFO[m] 
[[1;34mINFO[m] [1m--- [0;32mmaven-resources-plugin:2.6:resources[m [1m(default-resources)[m @ [36mportal-plugin-api[0;1m ---[m
[[1;34mINFO[m] Using 'UTF-8' encoding to copy filtered resources.
[[1;34mINFO[m] Copying 2 resources
[[1;34mINFO[m] 
[[1;34mINFO[m] [1m--- [0;32mmaven-jxr-plugin:2.3:jxr[m [1m(default)[m @ [36mportal-plugin-api[0;1m ---[m
[[1;34mINFO[m] 
[[1;34mINFO[m] [1m--- [0;32mmaven-compiler-plugin:3.0:compile[m [1m(default-compile)[m @ [36mportal-plugin-api[0;1m ---[m
[[1;34mINFO[m] Changes detected - recompiling the module!
[[1;34mINFO[m] Compiling 10 source files to /home/javier/ApromoreCE/ApromoreCore/Apromore-Plugins/plugin-core/portal/api/target/classes
[[1;34mINFO[m] 
[[1;34mINFO[m] [1m--- [0;32mmaven-bundle-plugin:3.0.1:manifest[m [1m(bundle-manifest)[m @ [36mportal-plugin-api[0;1m ---[m
[[1;34mINFO[m] 
[[1;34mINFO[m] [1m--- [0;32mmaven-resources-plugin:2.6:testResources[m [1m(default-testResources)[m @ [36mportal-plugin-api[0;1m ---[m
[[1;34mINFO[m] Using 'UTF-8' encoding to copy filtered resources.
[[1;34mINFO[m] skip non existing resourceDirectory /home/javier/ApromoreCE/ApromoreCore/Apromore-Plugins/plugin-core/portal/api/src/test/resources
[[1;34mINFO[m] 
[[1;34mINFO[m] [1m--- [0;32mmaven-compiler-plugin:3.0:testCompile[m [1m(default-testCompile)[m @ [36mportal-plugin-api[0;1m ---[m
[[1;34mINFO[m] No sources to compile
[[1;34mINFO[m] 
[[1;34mINFO[m] [1m--- [0;32mmaven-surefire-plugin:2.14.1:test[m [1m(default-test)[m @ [36mportal-plugin-api[0;1m ---[m
[[1;34mINFO[m] No tests to run.
[[1;34mINFO[m] 
[[1;34mINFO[m] [1m--- [0;32mjacoco-maven-plugin:0.8.4:report[m [1m(report)[m @ [36mportal-plugin-api[0;1m ---[m
[[1;34mINFO[m] Skipping JaCoCo execution because property jacoco.skip is set.
[[1;34mINFO[m] 
[[1;34mINFO[m] [1m--- [0;32mmaven-bundle-plugin:3.0.1:bundle[m [1m(default-bundle)[m @ [36mportal-plugin-api[0;1m ---[m
[[1;34mINFO[m] 
[[1;34mINFO[m] [1m--- [0;32mmaven-surefire-plugin:2.14.1:test[m [1m(integration-test)[m @ [36mportal-plugin-api[0;1m ---[m
[[1;34mINFO[m] No tests to run.
[[1;34mINFO[m] 
[[1;34mINFO[m] [1m--- [0;32mmaven-source-plugin:2.2.1:jar-no-fork[m [1m(generate-sources)[m @ [36mportal-plugin-api[0;1m ---[m
[[1;34mINFO[m] Building jar: /home/javier/ApromoreCE/ApromoreCore/Apromore-Plugins/plugin-core/portal/api/target/portal-plugin-api-1.1-sources.jar
[[1;34mINFO[m] 
[[1;34mINFO[m] [1m--- [0;32mmaven-checkstyle-plugin:2.10:checkstyle[m [1m(run-checkstyle)[m @ [36mportal-plugin-api[0;1m ---[m
[[1;34mINFO[m] 
[[1;34mINFO[m] [1m--- [0;32mjacoco-maven-plugin:0.8.4:check[m [1m(check)[m @ [36mportal-plugin-api[0;1m ---[m
[[1;34mINFO[m] Skipping JaCoCo execution because property jacoco.skip is set.
[[1;34mINFO[m] 
[[1;34mINFO[m] [1m--- [0;32mmaven-install-plugin:2.4:install[m [1m(default-install)[m @ [36mportal-plugin-api[0;1m ---[m
[[1;34mINFO[m] Installing /home/javier/ApromoreCE/ApromoreCore/Apromore-Plugins/plugin-core/portal/api/target/portal-plugin-api-1.1.jar to /home/javier/.m2/repository/org/apromore/plugin/portal-plugin-api/1.1/portal-plugin-api-1.1.jar
[[1;34mINFO[m] Installing /home/javier/ApromoreCE/ApromoreCore/Apromore-Plugins/plugin-core/portal/api/pom.xml to /home/javier/.m2/repository/org/apromore/plugin/portal-plugin-api/1.1/portal-plugin-api-1.1.pom
[[1;34mINFO[m] Installing /home/javier/ApromoreCE/ApromoreCore/Apromore-Plugins/plugin-core/portal/api/target/portal-plugin-api-1.1-sources.jar to /home/javier/.m2/repository/org/apromore/plugin/portal-plugin-api/1.1/portal-plugin-api-1.1-sources.jar
[[1;34mINFO[m] 
[[1;34mINFO[m] [1m--- [0;32mmaven-bundle-plugin:3.0.1:install[m [1m(default-install)[m @ [36mportal-plugin-api[0;1m ---[m
[[1;34mINFO[m] Installing org/apromore/plugin/portal-plugin-api/1.1/portal-plugin-api-1.1.jar
[[1;34mINFO[m] Writing OBR metadata
[[1;34mINFO[m] 
[[1;34mINFO[m] [1m---------------< [0;36morg.apromore.plugin:portal-custom-gui[0;1m >----------------[m
[[1;34mINFO[m] [1mBuilding portal-custom-gui 1.1.0                                [25/124][m
[[1;34mINFO[m] [1m-------------------------------[ bundle ]-------------------------------[m
[[1;34mINFO[m] 
[[1;34mINFO[m] [1m--- [0;32mmaven-clean-plugin:2.5:clean[m [1m(default-clean)[m @ [36mportal-custom-gui[0;1m ---[m
[[1;34mINFO[m] Deleting /home/javier/ApromoreCE/ApromoreCore/Apromore-Plugins/plugin-templates/portal-custom-gui/target
[[1;34mINFO[m] Deleting /home/javier/ApromoreCE/ApromoreCore/Apromore-Plugins/plugin-templates/portal-custom-gui (includes = [surefire*], excludes = [])
[[1;34mINFO[m] 
[[1;34mINFO[m] [1m--- [0;32mmaven-enforcer-plugin:1.3:enforce[m [1m(enforce-banned-dependencies)[m @ [36mportal-custom-gui[0;1m ---[m
[[1;34mINFO[m] 
[[1;34mINFO[m] [1m--- [0;32mgit-commit-id-plugin:2.2.1:revision[m [1m(get-the-git-infos)[m @ [36mportal-custom-gui[0;1m ---[m
[[1;34mINFO[m] 
[[1;34mINFO[m] [1m--- [0;32mjacoco-maven-plugin:0.8.4:prepare-agent[m [1m(prepare-agent)[m @ [36mportal-custom-gui[0;1m ---[m
[[1;34mINFO[m] Skipping JaCoCo execution because property jacoco.skip is set.
[[1;34mINFO[m] argLine set to empty
[[1;34mINFO[m] 
[[1;34mINFO[m] [1m--- [0;32mmaven-resources-plugin:2.6:resources[m [1m(default-resources)[m @ [36mportal-custom-gui[0;1m ---[m
[[1;34mINFO[m] Using 'UTF-8' encoding to copy filtered resources.
[[1;34mINFO[m] Copying 1 resource
[[1;34mINFO[m] 
[[1;34mINFO[m] [1m--- [0;32mmaven-jxr-plugin:2.3:jxr[m [1m(default)[m @ [36mportal-custom-gui[0;1m ---[m
[[1;34mINFO[m] 
[[1;34mINFO[m] [1m--- [0;32mmaven-compiler-plugin:3.0:compile[m [1m(default-compile)[m @ [36mportal-custom-gui[0;1m ---[m
[[1;34mINFO[m] Changes detected - recompiling the module!
[[1;34mINFO[m] Compiling 9 source files to /home/javier/ApromoreCE/ApromoreCore/Apromore-Plugins/plugin-templates/portal-custom-gui/target/classes
[[1;34mINFO[m] 
[[1;34mINFO[m] [1m--- [0;32mmaven-bundle-plugin:3.0.1:manifest[m [1m(bundle-manifest)[m @ [36mportal-custom-gui[0;1m ---[m
[[1;33mWARNING[m] Manifest org.apromore.plugin:portal-custom-gui:bundle:1.1.0 : No sub JAR or directory resources
[[1;33mWARNING[m] Manifest org.apromore.plugin:portal-custom-gui:bundle:1.1.0 : Bundle-ClassPath uses a directory 'img' as well as '.'. This means bnd does not know if a directory is a package.
[[1;34mINFO[m] 
[[1;34mINFO[m] [1m--- [0;32mmaven-resources-plugin:2.6:testResources[m [1m(default-testResources)[m @ [36mportal-custom-gui[0;1m ---[m
[[1;34mINFO[m] Using 'UTF-8' encoding to copy filtered resources.
[[1;34mINFO[m] skip non existing resourceDirectory /home/javier/ApromoreCE/ApromoreCore/Apromore-Plugins/plugin-templates/portal-custom-gui/src/test/resources
[[1;34mINFO[m] 
[[1;34mINFO[m] [1m--- [0;32mmaven-compiler-plugin:3.0:testCompile[m [1m(default-testCompile)[m @ [36mportal-custom-gui[0;1m ---[m
[[1;34mINFO[m] No sources to compile
[[1;34mINFO[m] 
[[1;34mINFO[m] [1m--- [0;32mmaven-surefire-plugin:2.14.1:test[m [1m(default-test)[m @ [36mportal-custom-gui[0;1m ---[m
[[1;34mINFO[m] No tests to run.
[[1;34mINFO[m] 
[[1;34mINFO[m] [1m--- [0;32mjacoco-maven-plugin:0.8.4:report[m [1m(report)[m @ [36mportal-custom-gui[0;1m ---[m
[[1;34mINFO[m] Skipping JaCoCo execution because property jacoco.skip is set.
[[1;34mINFO[m] 
[[1;34mINFO[m] [1m--- [0;32mmaven-bundle-plugin:3.0.1:bundle[m [1m(default-bundle)[m @ [36mportal-custom-gui[0;1m ---[m
[[1;33mWARNING[m] Bundle org.apromore.plugin:portal-custom-gui:bundle:1.1.0 : No sub JAR or directory resources
[[1;33mWARNING[m] Bundle org.apromore.plugin:portal-custom-gui:bundle:1.1.0 : Bundle-ClassPath uses a directory 'img' as well as '.'. This means bnd does not know if a directory is a package.
[[1;34mINFO[m] 
[[1;34mINFO[m] [1m--- [0;32mmaven-surefire-plugin:2.14.1:test[m [1m(integration-test)[m @ [36mportal-custom-gui[0;1m ---[m
[[1;34mINFO[m] No tests to run.
[[1;34mINFO[m] 
[[1;34mINFO[m] [1m--- [0;32mmaven-source-plugin:2.2.1:jar-no-fork[m [1m(generate-sources)[m @ [36mportal-custom-gui[0;1m ---[m
[[1;34mINFO[m] Building jar: /home/javier/ApromoreCE/ApromoreCore/Apromore-Plugins/plugin-templates/portal-custom-gui/target/portal-custom-gui-1.1.0-sources.jar
[[1;34mINFO[m] 
[[1;34mINFO[m] [1m--- [0;32mmaven-checkstyle-plugin:2.10:checkstyle[m [1m(run-checkstyle)[m @ [36mportal-custom-gui[0;1m ---[m
[[1;34mINFO[m] 
[[1;34mINFO[m] [1m--- [0;32mjacoco-maven-plugin:0.8.4:check[m [1m(check)[m @ [36mportal-custom-gui[0;1m ---[m
[[1;34mINFO[m] Skipping JaCoCo execution because property jacoco.skip is set.
[[1;34mINFO[m] 
[[1;34mINFO[m] [1m--- [0;32mmaven-install-plugin:2.4:install[m [1m(default-install)[m @ [36mportal-custom-gui[0;1m ---[m
[[1;34mINFO[m] Installing /home/javier/ApromoreCE/ApromoreCore/Apromore-Plugins/plugin-templates/portal-custom-gui/target/portal-custom-gui-1.1.0.jar to /home/javier/.m2/repository/org/apromore/plugin/portal-custom-gui/1.1.0/portal-custom-gui-1.1.0.jar
[[1;34mINFO[m] Installing /home/javier/ApromoreCE/ApromoreCore/Apromore-Plugins/plugin-templates/portal-custom-gui/pom.xml to /home/javier/.m2/repository/org/apromore/plugin/portal-custom-gui/1.1.0/portal-custom-gui-1.1.0.pom
[[1;34mINFO[m] Installing /home/javier/ApromoreCE/ApromoreCore/Apromore-Plugins/plugin-templates/portal-custom-gui/target/portal-custom-gui-1.1.0-sources.jar to /home/javier/.m2/repository/org/apromore/plugin/portal-custom-gui/1.1.0/portal-custom-gui-1.1.0-sources.jar
[[1;34mINFO[m] 
[[1;34mINFO[m] [1m--- [0;32mmaven-bundle-plugin:3.0.1:install[m [1m(default-install)[m @ [36mportal-custom-gui[0;1m ---[m
[[1;34mINFO[m] Installing org/apromore/plugin/portal-custom-gui/1.1.0/portal-custom-gui-1.1.0.jar
[[1;34mINFO[m] Writing OBR metadata
[[1;34mINFO[m] 
[[1;34mINFO[m] [1m-------------------< [0;36morg.apromore:manager-security[0;1m >--------------------[m
[[1;34mINFO[m] [1mBuilding Apromore Manager Security Handler 1.1                  [26/124][m
[[1;34mINFO[m] [1m--------------------------------[ jar ]---------------------------------[m
[[1;34mINFO[m] 
[[1;34mINFO[m] [1m--- [0;32mmaven-clean-plugin:2.5:clean[m [1m(default-clean)[m @ [36mmanager-security[0;1m ---[m
[[1;34mINFO[m] Deleting /home/javier/ApromoreCE/ApromoreCore/Apromore-Clients/manager-security/target
[[1;34mINFO[m] Deleting /home/javier/ApromoreCE/ApromoreCore/Apromore-Clients/manager-security (includes = [surefire*], excludes = [])
[[1;34mINFO[m] 
[[1;34mINFO[m] [1m--- [0;32mmaven-enforcer-plugin:1.3:enforce[m [1m(enforce-banned-dependencies)[m @ [36mmanager-security[0;1m ---[m
[[1;34mINFO[m] 
[[1;34mINFO[m] [1m--- [0;32mgit-commit-id-plugin:2.2.1:revision[m [1m(get-the-git-infos)[m @ [36mmanager-security[0;1m ---[m
[[1;34mINFO[m] 
[[1;34mINFO[m] [1m--- [0;32mjacoco-maven-plugin:0.8.4:prepare-agent[m [1m(prepare-agent)[m @ [36mmanager-security[0;1m ---[m
[[1;34mINFO[m] Skipping JaCoCo execution because property jacoco.skip is set.
[[1;34mINFO[m] argLine set to empty
[[1;34mINFO[m] 
[[1;34mINFO[m] [1m--- [0;32mmaven-resources-plugin:2.6:resources[m [1m(default-resources)[m @ [36mmanager-security[0;1m ---[m
[[1;34mINFO[m] Using 'UTF-8' encoding to copy filtered resources.
[[1;34mINFO[m] skip non existing resourceDirectory /home/javier/ApromoreCE/ApromoreCore/Apromore-Clients/manager-security/src/main/resources
[[1;34mINFO[m] 
[[1;34mINFO[m] [1m--- [0;32mmaven-jxr-plugin:2.3:jxr[m [1m(default)[m @ [36mmanager-security[0;1m ---[m
[[1;34mINFO[m] 
[[1;34mINFO[m] [1m--- [0;32mmaven-compiler-plugin:3.0:compile[m [1m(default-compile)[m @ [36mmanager-security[0;1m ---[m
[[1;34mINFO[m] Changes detected - recompiling the module!
[[1;34mINFO[m] Compiling 16 source files to /home/javier/ApromoreCE/ApromoreCore/Apromore-Clients/manager-security/target/classes
[[1;34mINFO[m] 
[[1;34mINFO[m] [1m--- [0;32mmaven-bundle-plugin:3.0.1:manifest[m [1m(bundle-manifest)[m @ [36mmanager-security[0;1m ---[m
[[1;34mINFO[m] 
[[1;34mINFO[m] [1m--- [0;32mmaven-resources-plugin:2.6:testResources[m [1m(default-testResources)[m @ [36mmanager-security[0;1m ---[m
[[1;34mINFO[m] Using 'UTF-8' encoding to copy filtered resources.
[[1;34mINFO[m] skip non existing resourceDirectory /home/javier/ApromoreCE/ApromoreCore/Apromore-Clients/manager-security/src/test/resources
[[1;34mINFO[m] 
[[1;34mINFO[m] [1m--- [0;32mmaven-compiler-plugin:3.0:testCompile[m [1m(default-testCompile)[m @ [36mmanager-security[0;1m ---[m
[[1;34mINFO[m] No sources to compile
[[1;34mINFO[m] 
[[1;34mINFO[m] [1m--- [0;32mmaven-surefire-plugin:2.14.1:test[m [1m(default-test)[m @ [36mmanager-security[0;1m ---[m
[[1;34mINFO[m] No tests to run.
[[1;34mINFO[m] 
[[1;34mINFO[m] [1m--- [0;32mjacoco-maven-plugin:0.8.4:report[m [1m(report)[m @ [36mmanager-security[0;1m ---[m
[[1;34mINFO[m] Skipping JaCoCo execution because property jacoco.skip is set.
[[1;34mINFO[m] 
[[1;34mINFO[m] [1m--- [0;32mmaven-jar-plugin:2.3.2:jar[m [1m(default-jar)[m @ [36mmanager-security[0;1m ---[m
[[1;34mINFO[m] Building jar: /home/javier/ApromoreCE/ApromoreCore/Apromore-Clients/manager-security/target/manager-security.jar
[[1;34mINFO[m] META-INF/maven/org.apromore/manager-security/pom.xml already added, skipping
[[1;34mINFO[m] META-INF/maven/org.apromore/manager-security/pom.properties already added, skipping
[[1;34mINFO[m] 
[[1;34mINFO[m] [1m--- [0;32mmaven-surefire-plugin:2.14.1:test[m [1m(integration-test)[m @ [36mmanager-security[0;1m ---[m
[[1;34mINFO[m] No tests to run.
[[1;34mINFO[m] 
[[1;34mINFO[m] [1m--- [0;32mmaven-source-plugin:2.2.1:jar-no-fork[m [1m(generate-sources)[m @ [36mmanager-security[0;1m ---[m
[[1;34mINFO[m] Building jar: /home/javier/ApromoreCE/ApromoreCore/Apromore-Clients/manager-security/target/manager-security-sources.jar
[[1;34mINFO[m] 
[[1;34mINFO[m] [1m--- [0;32mmaven-checkstyle-plugin:2.10:checkstyle[m [1m(run-checkstyle)[m @ [36mmanager-security[0;1m ---[m
[[1;34mINFO[m] 
[[1;34mINFO[m] [1m--- [0;32mjacoco-maven-plugin:0.8.4:check[m [1m(check)[m @ [36mmanager-security[0;1m ---[m
[[1;34mINFO[m] Skipping JaCoCo execution because property jacoco.skip is set.
[[1;34mINFO[m] 
[[1;34mINFO[m] [1m--- [0;32mmaven-install-plugin:2.4:install[m [1m(default-install)[m @ [36mmanager-security[0;1m ---[m
[[1;34mINFO[m] Installing /home/javier/ApromoreCE/ApromoreCore/Apromore-Clients/manager-security/target/manager-security.jar to /home/javier/.m2/repository/org/apromore/manager-security/1.1/manager-security-1.1.jar
[[1;34mINFO[m] Installing /home/javier/ApromoreCE/ApromoreCore/Apromore-Clients/manager-security/pom.xml to /home/javier/.m2/repository/org/apromore/manager-security/1.1/manager-security-1.1.pom
[[1;34mINFO[m] Installing /home/javier/ApromoreCE/ApromoreCore/Apromore-Clients/manager-security/target/manager-security-sources.jar to /home/javier/.m2/repository/org/apromore/manager-security/1.1/manager-security-1.1-sources.jar
[[1;34mINFO[m] 
[[1;34mINFO[m] [1m-----------------< [0;36morg.apromore.plugin:annotation-api[0;1m >-----------------[m
[[1;34mINFO[m] [1mBuilding Apromore Annotation Pre Processor API 1.1              [27/124][m
[[1;34mINFO[m] [1m--------------------------------[ jar ]---------------------------------[m
[[1;34mINFO[m] 
[[1;34mINFO[m] [1m--- [0;32mmaven-clean-plugin:2.5:clean[m [1m(default-clean)[m @ [36mannotation-api[0;1m ---[m
[[1;34mINFO[m] Deleting /home/javier/ApromoreCE/ApromoreCore/Apromore-Plugins/plugin-annotation/core/api/target
[[1;34mINFO[m] Deleting /home/javier/ApromoreCE/ApromoreCore/Apromore-Plugins/plugin-annotation/core/api (includes = [surefire*], excludes = [])
[[1;34mINFO[m] 
[[1;34mINFO[m] [1m--- [0;32mmaven-enforcer-plugin:1.3:enforce[m [1m(enforce-banned-dependencies)[m @ [36mannotation-api[0;1m ---[m
[[1;34mINFO[m] 
[[1;34mINFO[m] [1m--- [0;32mgit-commit-id-plugin:2.2.1:revision[m [1m(get-the-git-infos)[m @ [36mannotation-api[0;1m ---[m
[[1;34mINFO[m] 
[[1;34mINFO[m] [1m--- [0;32mjacoco-maven-plugin:0.8.4:prepare-agent[m [1m(prepare-agent)[m @ [36mannotation-api[0;1m ---[m
[[1;34mINFO[m] Skipping JaCoCo execution because property jacoco.skip is set.
[[1;34mINFO[m] argLine set to empty
[[1;34mINFO[m] 
[[1;34mINFO[m] [1m--- [0;32mmaven-resources-plugin:2.6:resources[m [1m(default-resources)[m @ [36mannotation-api[0;1m ---[m
[[1;34mINFO[m] Using 'UTF-8' encoding to copy filtered resources.
[[1;34mINFO[m] skip non existing resourceDirectory /home/javier/ApromoreCE/ApromoreCore/Apromore-Plugins/plugin-annotation/core/api/src/main/resources
[[1;34mINFO[m] 
[[1;34mINFO[m] [1m--- [0;32mmaven-jxr-plugin:2.3:jxr[m [1m(default)[m @ [36mannotation-api[0;1m ---[m
[[1;34mINFO[m] 
[[1;34mINFO[m] [1m--- [0;32mmaven-compiler-plugin:3.0:compile[m [1m(default-compile)[m @ [36mannotation-api[0;1m ---[m
[[1;34mINFO[m] Changes detected - recompiling the module!
[[1;34mINFO[m] Compiling 5 source files to /home/javier/ApromoreCE/ApromoreCore/Apromore-Plugins/plugin-annotation/core/api/target/classes
[[1;34mINFO[m] 
[[1;34mINFO[m] [1m--- [0;32mmaven-bundle-plugin:3.0.1:manifest[m [1m(bundle-manifest)[m @ [36mannotation-api[0;1m ---[m
[[1;34mINFO[m] 
[[1;34mINFO[m] [1m--- [0;32mmaven-resources-plugin:2.6:testResources[m [1m(default-testResources)[m @ [36mannotation-api[0;1m ---[m
[[1;34mINFO[m] Using 'UTF-8' encoding to copy filtered resources.
[[1;34mINFO[m] skip non existing resourceDirectory /home/javier/ApromoreCE/ApromoreCore/Apromore-Plugins/plugin-annotation/core/api/src/test/resources
[[1;34mINFO[m] 
[[1;34mINFO[m] [1m--- [0;32mmaven-compiler-plugin:3.0:testCompile[m [1m(default-testCompile)[m @ [36mannotation-api[0;1m ---[m
[[1;34mINFO[m] No sources to compile
[[1;34mINFO[m] 
[[1;34mINFO[m] [1m--- [0;32mmaven-surefire-plugin:2.14.1:test[m [1m(default-test)[m @ [36mannotation-api[0;1m ---[m
[[1;34mINFO[m] No tests to run.
[[1;34mINFO[m] 
[[1;34mINFO[m] [1m--- [0;32mjacoco-maven-plugin:0.8.4:report[m [1m(report)[m @ [36mannotation-api[0;1m ---[m
[[1;34mINFO[m] Skipping JaCoCo execution because property jacoco.skip is set.
[[1;34mINFO[m] 
[[1;34mINFO[m] [1m--- [0;32mmaven-jar-plugin:2.3.2:jar[m [1m(default-jar)[m @ [36mannotation-api[0;1m ---[m
[[1;34mINFO[m] Building jar: /home/javier/ApromoreCE/ApromoreCore/Apromore-Plugins/plugin-annotation/core/api/target/annotation-api-1.1.jar
[[1;34mINFO[m] 
[[1;34mINFO[m] [1m--- [0;32mmaven-surefire-plugin:2.14.1:test[m [1m(integration-test)[m @ [36mannotation-api[0;1m ---[m
[[1;34mINFO[m] No tests to run.
[[1;34mINFO[m] 
[[1;34mINFO[m] [1m--- [0;32mmaven-source-plugin:2.2.1:jar-no-fork[m [1m(generate-sources)[m @ [36mannotation-api[0;1m ---[m
[[1;34mINFO[m] Building jar: /home/javier/ApromoreCE/ApromoreCore/Apromore-Plugins/plugin-annotation/core/api/target/annotation-api-1.1-sources.jar
[[1;34mINFO[m] 
[[1;34mINFO[m] [1m--- [0;32mmaven-checkstyle-plugin:2.10:checkstyle[m [1m(run-checkstyle)[m @ [36mannotation-api[0;1m ---[m
[[1;34mINFO[m] 
[[1;34mINFO[m] [1m--- [0;32mjacoco-maven-plugin:0.8.4:check[m [1m(check)[m @ [36mannotation-api[0;1m ---[m
[[1;34mINFO[m] Skipping JaCoCo execution because property jacoco.skip is set.
[[1;34mINFO[m] 
[[1;34mINFO[m] [1m--- [0;32mmaven-install-plugin:2.4:install[m [1m(default-install)[m @ [36mannotation-api[0;1m ---[m
[[1;34mINFO[m] Installing /home/javier/ApromoreCE/ApromoreCore/Apromore-Plugins/plugin-annotation/core/api/target/annotation-api-1.1.jar to /home/javier/.m2/repository/org/apromore/plugin/annotation-api/1.1/annotation-api-1.1.jar
[[1;34mINFO[m] Installing /home/javier/ApromoreCE/ApromoreCore/Apromore-Plugins/plugin-annotation/core/api/pom.xml to /home/javier/.m2/repository/org/apromore/plugin/annotation-api/1.1/annotation-api-1.1.pom
[[1;34mINFO[m] Installing /home/javier/ApromoreCE/ApromoreCore/Apromore-Plugins/plugin-annotation/core/api/target/annotation-api-1.1-sources.jar to /home/javier/.m2/repository/org/apromore/plugin/annotation-api/1.1/annotation-api-1.1-sources.jar
[[1;34mINFO[m] 
[[1;34mINFO[m] [1m-----------------< [0;36morg.apromore.plugin:deployment-api[0;1m >-----------------[m
[[1;34mINFO[m] [1mBuilding Apromore Deployment Plugin API 1.1                     [28/124][m
[[1;34mINFO[m] [1m--------------------------------[ jar ]---------------------------------[m
[[1;34mINFO[m] 
[[1;34mINFO[m] [1m--- [0;32mmaven-clean-plugin:2.5:clean[m [1m(default-clean)[m @ [36mdeployment-api[0;1m ---[m
[[1;34mINFO[m] Deleting /home/javier/ApromoreCE/ApromoreCore/Apromore-Plugins/plugin-deployment/core/api/target
[[1;34mINFO[m] Deleting /home/javier/ApromoreCE/ApromoreCore/Apromore-Plugins/plugin-deployment/core/api (includes = [surefire*], excludes = [])
[[1;34mINFO[m] 
[[1;34mINFO[m] [1m--- [0;32mmaven-enforcer-plugin:1.3:enforce[m [1m(enforce-banned-dependencies)[m @ [36mdeployment-api[0;1m ---[m
[[1;34mINFO[m] 
[[1;34mINFO[m] [1m--- [0;32mgit-commit-id-plugin:2.2.1:revision[m [1m(get-the-git-infos)[m @ [36mdeployment-api[0;1m ---[m
[[1;34mINFO[m] 
[[1;34mINFO[m] [1m--- [0;32mjacoco-maven-plugin:0.8.4:prepare-agent[m [1m(prepare-agent)[m @ [36mdeployment-api[0;1m ---[m
[[1;34mINFO[m] Skipping JaCoCo execution because property jacoco.skip is set.
[[1;34mINFO[m] argLine set to empty
[[1;34mINFO[m] 
[[1;34mINFO[m] [1m--- [0;32mmaven-resources-plugin:2.6:resources[m [1m(default-resources)[m @ [36mdeployment-api[0;1m ---[m
[[1;34mINFO[m] Using 'UTF-8' encoding to copy filtered resources.
[[1;34mINFO[m] skip non existing resourceDirectory /home/javier/ApromoreCE/ApromoreCore/Apromore-Plugins/plugin-deployment/core/api/src/main/resources
[[1;34mINFO[m] 
[[1;34mINFO[m] [1m--- [0;32mmaven-jxr-plugin:2.3:jxr[m [1m(default)[m @ [36mdeployment-api[0;1m ---[m
[[1;34mINFO[m] 
[[1;34mINFO[m] [1m--- [0;32mmaven-compiler-plugin:3.0:compile[m [1m(default-compile)[m @ [36mdeployment-api[0;1m ---[m
[[1;34mINFO[m] Changes detected - recompiling the module!
[[1;34mINFO[m] Compiling 4 source files to /home/javier/ApromoreCE/ApromoreCore/Apromore-Plugins/plugin-deployment/core/api/target/classes
[[1;34mINFO[m] 
[[1;34mINFO[m] [1m--- [0;32mmaven-bundle-plugin:3.0.1:manifest[m [1m(bundle-manifest)[m @ [36mdeployment-api[0;1m ---[m
[[1;34mINFO[m] 
[[1;34mINFO[m] [1m--- [0;32mmaven-resources-plugin:2.6:testResources[m [1m(default-testResources)[m @ [36mdeployment-api[0;1m ---[m
[[1;34mINFO[m] Using 'UTF-8' encoding to copy filtered resources.
[[1;34mINFO[m] skip non existing resourceDirectory /home/javier/ApromoreCE/ApromoreCore/Apromore-Plugins/plugin-deployment/core/api/src/test/resources
[[1;34mINFO[m] 
[[1;34mINFO[m] [1m--- [0;32mmaven-compiler-plugin:3.0:testCompile[m [1m(default-testCompile)[m @ [36mdeployment-api[0;1m ---[m
[[1;34mINFO[m] Changes detected - recompiling the module!
[[1;34mINFO[m] Compiling 1 source file to /home/javier/ApromoreCE/ApromoreCore/Apromore-Plugins/plugin-deployment/core/api/target/test-classes
[[1;34mINFO[m] 
[[1;34mINFO[m] [1m--- [0;32mmaven-surefire-plugin:2.14.1:test[m [1m(default-test)[m @ [36mdeployment-api[0;1m ---[m
[[1;34mINFO[m] Surefire report directory: /home/javier/ApromoreCE/ApromoreCore/Apromore-Plugins/plugin-deployment/core/api/target/surefire-reports

-------------------------------------------------------
 T E S T S
-------------------------------------------------------
OpenJDK 64-Bit Server VM warning: ignoring option MaxPermSize=1024m; support was removed in 8.0
Running org.apromore.plugin.deployment.DefaultDeploymentPluginUnitTest
Tests run: 1, Failures: 0, Errors: 0, Skipped: 0, Time elapsed: 0.129 sec

Results :

Tests run: 1, Failures: 0, Errors: 0, Skipped: 0

[[1;34mINFO[m] 
[[1;34mINFO[m] [1m--- [0;32mjacoco-maven-plugin:0.8.4:report[m [1m(report)[m @ [36mdeployment-api[0;1m ---[m
[[1;34mINFO[m] Skipping JaCoCo execution because property jacoco.skip is set.
[[1;34mINFO[m] 
[[1;34mINFO[m] [1m--- [0;32mmaven-jar-plugin:2.3.2:jar[m [1m(default-jar)[m @ [36mdeployment-api[0;1m ---[m
[[1;34mINFO[m] Building jar: /home/javier/ApromoreCE/ApromoreCore/Apromore-Plugins/plugin-deployment/core/api/target/deployment-api-1.1.jar
[[1;34mINFO[m] 
[[1;34mINFO[m] [1m--- [0;32mmaven-surefire-plugin:2.14.1:test[m [1m(integration-test)[m @ [36mdeployment-api[0;1m ---[m
[[1;34mINFO[m] 
[[1;34mINFO[m] [1m--- [0;32mmaven-source-plugin:2.2.1:jar-no-fork[m [1m(generate-sources)[m @ [36mdeployment-api[0;1m ---[m
[[1;34mINFO[m] Building jar: /home/javier/ApromoreCE/ApromoreCore/Apromore-Plugins/plugin-deployment/core/api/target/deployment-api-1.1-sources.jar
[[1;34mINFO[m] 
[[1;34mINFO[m] [1m--- [0;32mmaven-checkstyle-plugin:2.10:checkstyle[m [1m(run-checkstyle)[m @ [36mdeployment-api[0;1m ---[m
[[1;34mINFO[m] 
[[1;34mINFO[m] [1m--- [0;32mjacoco-maven-plugin:0.8.4:check[m [1m(check)[m @ [36mdeployment-api[0;1m ---[m
[[1;34mINFO[m] Skipping JaCoCo execution because property jacoco.skip is set.
[[1;34mINFO[m] 
[[1;34mINFO[m] [1m--- [0;32mmaven-install-plugin:2.4:install[m [1m(default-install)[m @ [36mdeployment-api[0;1m ---[m
[[1;34mINFO[m] Installing /home/javier/ApromoreCE/ApromoreCore/Apromore-Plugins/plugin-deployment/core/api/target/deployment-api-1.1.jar to /home/javier/.m2/repository/org/apromore/plugin/deployment-api/1.1/deployment-api-1.1.jar
[[1;34mINFO[m] Installing /home/javier/ApromoreCE/ApromoreCore/Apromore-Plugins/plugin-deployment/core/api/pom.xml to /home/javier/.m2/repository/org/apromore/plugin/deployment-api/1.1/deployment-api-1.1.pom
[[1;34mINFO[m] Installing /home/javier/ApromoreCE/ApromoreCore/Apromore-Plugins/plugin-deployment/core/api/target/deployment-api-1.1-sources.jar to /home/javier/.m2/repository/org/apromore/plugin/deployment-api/1.1/deployment-api-1.1-sources.jar
[[1;34mINFO[m] 
[[1;34mINFO[m] [1m--------------< [0;36morg.apromore.plugin:event-log-plugin-api[0;1m >--------------[m
[[1;34mINFO[m] [1mBuilding Event log store service plugin API 1.1                 [29/124][m
[[1;34mINFO[m] [1m-------------------------------[ bundle ]-------------------------------[m
[[1;34mINFO[m] 
[[1;34mINFO[m] [1m--- [0;32mmaven-clean-plugin:2.5:clean[m [1m(default-clean)[m @ [36mevent-log-plugin-api[0;1m ---[m
[[1;34mINFO[m] Deleting /home/javier/ApromoreCE/ApromoreCore/Event-Log-Plugin-API/target
[[1;34mINFO[m] Deleting /home/javier/ApromoreCE/ApromoreCore/Event-Log-Plugin-API (includes = [surefire*], excludes = [])
[[1;34mINFO[m] 
[[1;34mINFO[m] [1m--- [0;32mmaven-enforcer-plugin:1.3:enforce[m [1m(enforce-banned-dependencies)[m @ [36mevent-log-plugin-api[0;1m ---[m
[[1;34mINFO[m] 
[[1;34mINFO[m] [1m--- [0;32mgit-commit-id-plugin:2.2.1:revision[m [1m(get-the-git-infos)[m @ [36mevent-log-plugin-api[0;1m ---[m
[[1;34mINFO[m] 
[[1;34mINFO[m] [1m--- [0;32mjacoco-maven-plugin:0.8.4:prepare-agent[m [1m(prepare-agent)[m @ [36mevent-log-plugin-api[0;1m ---[m
[[1;34mINFO[m] Skipping JaCoCo execution because property jacoco.skip is set.
[[1;34mINFO[m] argLine set to empty
[[1;34mINFO[m] 
[[1;34mINFO[m] [1m--- [0;32mmaven-resources-plugin:2.6:resources[m [1m(default-resources)[m @ [36mevent-log-plugin-api[0;1m ---[m
[[1;34mINFO[m] Using 'UTF-8' encoding to copy filtered resources.
[[1;34mINFO[m] skip non existing resourceDirectory /home/javier/ApromoreCE/ApromoreCore/Event-Log-Plugin-API/src/main/resources
[[1;34mINFO[m] 
[[1;34mINFO[m] [1m--- [0;32mmaven-jxr-plugin:2.3:jxr[m [1m(default)[m @ [36mevent-log-plugin-api[0;1m ---[m
[[1;34mINFO[m] 
[[1;34mINFO[m] [1m--- [0;32mmaven-compiler-plugin:3.0:compile[m [1m(default-compile)[m @ [36mevent-log-plugin-api[0;1m ---[m
[[1;34mINFO[m] Changes detected - recompiling the module!
[[1;34mINFO[m] Compiling 1 source file to /home/javier/ApromoreCE/ApromoreCore/Event-Log-Plugin-API/target/classes
[[1;34mINFO[m] 
[[1;34mINFO[m] [1m--- [0;32mmaven-bundle-plugin:3.0.1:manifest[m [1m(bundle-manifest)[m @ [36mevent-log-plugin-api[0;1m ---[m
[[1;34mINFO[m] 
[[1;34mINFO[m] [1m--- [0;32mmaven-resources-plugin:2.6:testResources[m [1m(default-testResources)[m @ [36mevent-log-plugin-api[0;1m ---[m
[[1;34mINFO[m] Using 'UTF-8' encoding to copy filtered resources.
[[1;34mINFO[m] skip non existing resourceDirectory /home/javier/ApromoreCE/ApromoreCore/Event-Log-Plugin-API/src/test/resources
[[1;34mINFO[m] 
[[1;34mINFO[m] [1m--- [0;32mmaven-compiler-plugin:3.0:testCompile[m [1m(default-testCompile)[m @ [36mevent-log-plugin-api[0;1m ---[m
[[1;34mINFO[m] No sources to compile
[[1;34mINFO[m] 
[[1;34mINFO[m] [1m--- [0;32mmaven-surefire-plugin:2.14.1:test[m [1m(default-test)[m @ [36mevent-log-plugin-api[0;1m ---[m
[[1;34mINFO[m] No tests to run.
[[1;34mINFO[m] 
[[1;34mINFO[m] [1m--- [0;32mjacoco-maven-plugin:0.8.4:report[m [1m(report)[m @ [36mevent-log-plugin-api[0;1m ---[m
[[1;34mINFO[m] Skipping JaCoCo execution because property jacoco.skip is set.
[[1;34mINFO[m] 
[[1;34mINFO[m] [1m--- [0;32mmaven-bundle-plugin:3.0.1:bundle[m [1m(default-bundle)[m @ [36mevent-log-plugin-api[0;1m ---[m
[[1;34mINFO[m] 
[[1;34mINFO[m] [1m--- [0;32mmaven-surefire-plugin:2.14.1:test[m [1m(integration-test)[m @ [36mevent-log-plugin-api[0;1m ---[m
[[1;34mINFO[m] No tests to run.
[[1;34mINFO[m] 
[[1;34mINFO[m] [1m--- [0;32mmaven-source-plugin:2.2.1:jar-no-fork[m [1m(generate-sources)[m @ [36mevent-log-plugin-api[0;1m ---[m
[[1;34mINFO[m] Building jar: /home/javier/ApromoreCE/ApromoreCore/Event-Log-Plugin-API/target/event-log-plugin-api-1.1-sources.jar
[[1;34mINFO[m] 
[[1;34mINFO[m] [1m--- [0;32mmaven-checkstyle-plugin:2.10:checkstyle[m [1m(run-checkstyle)[m @ [36mevent-log-plugin-api[0;1m ---[m
[[1;34mINFO[m] 
[[1;34mINFO[m] [1m--- [0;32mjacoco-maven-plugin:0.8.4:check[m [1m(check)[m @ [36mevent-log-plugin-api[0;1m ---[m
[[1;34mINFO[m] Skipping JaCoCo execution because property jacoco.skip is set.
[[1;34mINFO[m] 
[[1;34mINFO[m] [1m--- [0;32mmaven-install-plugin:2.4:install[m [1m(default-install)[m @ [36mevent-log-plugin-api[0;1m ---[m
[[1;34mINFO[m] Installing /home/javier/ApromoreCE/ApromoreCore/Event-Log-Plugin-API/target/event-log-plugin-api-1.1.jar to /home/javier/.m2/repository/org/apromore/plugin/event-log-plugin-api/1.1/event-log-plugin-api-1.1.jar
[[1;34mINFO[m] Installing /home/javier/ApromoreCE/ApromoreCore/Event-Log-Plugin-API/pom.xml to /home/javier/.m2/repository/org/apromore/plugin/event-log-plugin-api/1.1/event-log-plugin-api-1.1.pom
[[1;34mINFO[m] Installing /home/javier/ApromoreCE/ApromoreCore/Event-Log-Plugin-API/target/event-log-plugin-api-1.1-sources.jar to /home/javier/.m2/repository/org/apromore/plugin/event-log-plugin-api/1.1/event-log-plugin-api-1.1-sources.jar
[[1;34mINFO[m] 
[[1;34mINFO[m] [1m--- [0;32mmaven-bundle-plugin:3.0.1:install[m [1m(default-install)[m @ [36mevent-log-plugin-api[0;1m ---[m
[[1;34mINFO[m] Installing org/apromore/plugin/event-log-plugin-api/1.1/event-log-plugin-api-1.1.jar
[[1;34mINFO[m] Writing OBR metadata
[[1;34mINFO[m] 
[[1;34mINFO[m] [1m---------------< [0;36morg.apromore.plugin:process-plugin-api[0;1m >---------------[m
[[1;34mINFO[m] [1mBuilding Process store service plugin API 1.1                   [30/124][m
[[1;34mINFO[m] [1m-------------------------------[ bundle ]-------------------------------[m
[[1;34mINFO[m] 
[[1;34mINFO[m] [1m--- [0;32mmaven-clean-plugin:2.5:clean[m [1m(default-clean)[m @ [36mprocess-plugin-api[0;1m ---[m
[[1;34mINFO[m] Deleting /home/javier/ApromoreCE/ApromoreCore/Process-Plugin-API/target
[[1;34mINFO[m] Deleting /home/javier/ApromoreCE/ApromoreCore/Process-Plugin-API (includes = [surefire*], excludes = [])
[[1;34mINFO[m] 
[[1;34mINFO[m] [1m--- [0;32mmaven-enforcer-plugin:1.3:enforce[m [1m(enforce-banned-dependencies)[m @ [36mprocess-plugin-api[0;1m ---[m
[[1;34mINFO[m] 
[[1;34mINFO[m] [1m--- [0;32mgit-commit-id-plugin:2.2.1:revision[m [1m(get-the-git-infos)[m @ [36mprocess-plugin-api[0;1m ---[m
[[1;34mINFO[m] 
[[1;34mINFO[m] [1m--- [0;32mjacoco-maven-plugin:0.8.4:prepare-agent[m [1m(prepare-agent)[m @ [36mprocess-plugin-api[0;1m ---[m
[[1;34mINFO[m] Skipping JaCoCo execution because property jacoco.skip is set.
[[1;34mINFO[m] argLine set to empty
[[1;34mINFO[m] 
[[1;34mINFO[m] [1m--- [0;32mmaven-resources-plugin:2.6:resources[m [1m(default-resources)[m @ [36mprocess-plugin-api[0;1m ---[m
[[1;34mINFO[m] Using 'UTF-8' encoding to copy filtered resources.
[[1;34mINFO[m] skip non existing resourceDirectory /home/javier/ApromoreCE/ApromoreCore/Process-Plugin-API/src/main/resources
[[1;34mINFO[m] 
[[1;34mINFO[m] [1m--- [0;32mmaven-jxr-plugin:2.3:jxr[m [1m(default)[m @ [36mprocess-plugin-api[0;1m ---[m
[[1;34mINFO[m] 
[[1;34mINFO[m] [1m--- [0;32mmaven-compiler-plugin:3.0:compile[m [1m(default-compile)[m @ [36mprocess-plugin-api[0;1m ---[m
[[1;34mINFO[m] Changes detected - recompiling the module!
[[1;34mINFO[m] Compiling 1 source file to /home/javier/ApromoreCE/ApromoreCore/Process-Plugin-API/target/classes
[[1;34mINFO[m] 
[[1;34mINFO[m] [1m--- [0;32mmaven-bundle-plugin:2.3.7:manifest[m [1m(bundle-manifest)[m @ [36mprocess-plugin-api[0;1m ---[m
[[1;34mINFO[m] 
[[1;34mINFO[m] [1m--- [0;32mmaven-resources-plugin:2.6:testResources[m [1m(default-testResources)[m @ [36mprocess-plugin-api[0;1m ---[m
[[1;34mINFO[m] Using 'UTF-8' encoding to copy filtered resources.
[[1;34mINFO[m] skip non existing resourceDirectory /home/javier/ApromoreCE/ApromoreCore/Process-Plugin-API/src/test/resources
[[1;34mINFO[m] 
[[1;34mINFO[m] [1m--- [0;32mmaven-compiler-plugin:3.0:testCompile[m [1m(default-testCompile)[m @ [36mprocess-plugin-api[0;1m ---[m
[[1;34mINFO[m] No sources to compile
[[1;34mINFO[m] 
[[1;34mINFO[m] [1m--- [0;32mmaven-surefire-plugin:2.14.1:test[m [1m(default-test)[m @ [36mprocess-plugin-api[0;1m ---[m
[[1;34mINFO[m] No tests to run.
[[1;34mINFO[m] 
[[1;34mINFO[m] [1m--- [0;32mjacoco-maven-plugin:0.8.4:report[m [1m(report)[m @ [36mprocess-plugin-api[0;1m ---[m
[[1;34mINFO[m] Skipping JaCoCo execution because property jacoco.skip is set.
[[1;34mINFO[m] 
[[1;34mINFO[m] [1m--- [0;32mmaven-bundle-plugin:2.3.7:bundle[m [1m(default-bundle)[m @ [36mprocess-plugin-api[0;1m ---[m
[[1;34mINFO[m] 
[[1;34mINFO[m] [1m--- [0;32mmaven-surefire-plugin:2.14.1:test[m [1m(integration-test)[m @ [36mprocess-plugin-api[0;1m ---[m
[[1;34mINFO[m] No tests to run.
[[1;34mINFO[m] 
[[1;34mINFO[m] [1m--- [0;32mmaven-source-plugin:2.2.1:jar-no-fork[m [1m(generate-sources)[m @ [36mprocess-plugin-api[0;1m ---[m
[[1;34mINFO[m] Building jar: /home/javier/ApromoreCE/ApromoreCore/Process-Plugin-API/target/process-plugin-api-1.1-sources.jar
[[1;34mINFO[m] 
[[1;34mINFO[m] [1m--- [0;32mmaven-checkstyle-plugin:2.10:checkstyle[m [1m(run-checkstyle)[m @ [36mprocess-plugin-api[0;1m ---[m
[[1;34mINFO[m] 
[[1;34mINFO[m] [1m--- [0;32mjacoco-maven-plugin:0.8.4:check[m [1m(check)[m @ [36mprocess-plugin-api[0;1m ---[m
[[1;34mINFO[m] Skipping JaCoCo execution because property jacoco.skip is set.
[[1;34mINFO[m] 
[[1;34mINFO[m] [1m--- [0;32mmaven-install-plugin:2.4:install[m [1m(default-install)[m @ [36mprocess-plugin-api[0;1m ---[m
[[1;34mINFO[m] Installing /home/javier/ApromoreCE/ApromoreCore/Process-Plugin-API/target/process-plugin-api-1.1.jar to /home/javier/.m2/repository/org/apromore/plugin/process-plugin-api/1.1/process-plugin-api-1.1.jar
[[1;34mINFO[m] Installing /home/javier/ApromoreCE/ApromoreCore/Process-Plugin-API/pom.xml to /home/javier/.m2/repository/org/apromore/plugin/process-plugin-api/1.1/process-plugin-api-1.1.pom
[[1;34mINFO[m] Installing /home/javier/ApromoreCE/ApromoreCore/Process-Plugin-API/target/process-plugin-api-1.1-sources.jar to /home/javier/.m2/repository/org/apromore/plugin/process-plugin-api/1.1/process-plugin-api-1.1-sources.jar
[[1;34mINFO[m] 
[[1;34mINFO[m] [1m--- [0;32mmaven-bundle-plugin:2.3.7:install[m [1m(default-install)[m @ [36mprocess-plugin-api[0;1m ---[m
[[1;34mINFO[m] Installing org/apromore/plugin/process-plugin-api/1.1/process-plugin-api-1.1.jar
[[1;34mINFO[m] Writing OBR metadata
[[1;34mINFO[m] 
[[1;34mINFO[m] [1m----------------------< [0;36morg.apromore:test-tools[0;1m >-----------------------[m
[[1;34mINFO[m] [1mBuilding Apromore Testing Tools 1.1                             [31/124][m
[[1;34mINFO[m] [1m--------------------------------[ jar ]---------------------------------[m
[[1;34mINFO[m] 
[[1;34mINFO[m] [1m--- [0;32mmaven-clean-plugin:2.5:clean[m [1m(default-clean)[m @ [36mtest-tools[0;1m ---[m
[[1;34mINFO[m] Deleting /home/javier/ApromoreCE/ApromoreCore/Apromore-Extras/Test-Tools/target
[[1;34mINFO[m] 
[[1;34mINFO[m] [1m--- [0;32mmaven-resources-plugin:2.6:resources[m [1m(default-resources)[m @ [36mtest-tools[0;1m ---[m
[[1;33mWARNING[m] Using platform encoding (UTF-8 actually) to copy filtered resources, i.e. build is platform dependent!
[[1;34mINFO[m] skip non existing resourceDirectory /home/javier/ApromoreCE/ApromoreCore/Apromore-Extras/Test-Tools/src/main/resources
[[1;34mINFO[m] 
[[1;34mINFO[m] [1m--- [0;32mmaven-compiler-plugin:3.1:compile[m [1m(default-compile)[m @ [36mtest-tools[0;1m ---[m
[[1;34mINFO[m] Changes detected - recompiling the module!
[[1;33mWARNING[m] File encoding has not been set, using platform encoding UTF-8, i.e. build is platform dependent!
[[1;34mINFO[m] Compiling 2 source files to /home/javier/ApromoreCE/ApromoreCore/Apromore-Extras/Test-Tools/target/classes
[[1;33mWARNING[m] /home/javier/ApromoreCE/ApromoreCore/Apromore-Extras/Test-Tools/src/main/java/org/apromore/test/heuristic/JavaBeanHeuristic.java: /home/javier/ApromoreCE/ApromoreCore/Apromore-Extras/Test-Tools/src/main/java/org/apromore/test/heuristic/JavaBeanHeuristic.java uses unchecked or unsafe operations.
[[1;33mWARNING[m] /home/javier/ApromoreCE/ApromoreCore/Apromore-Extras/Test-Tools/src/main/java/org/apromore/test/heuristic/JavaBeanHeuristic.java: Recompile with -Xlint:unchecked for details.
[[1;34mINFO[m] 
[[1;34mINFO[m] [1m--- [0;32mmaven-resources-plugin:2.6:testResources[m [1m(default-testResources)[m @ [36mtest-tools[0;1m ---[m
[[1;33mWARNING[m] Using platform encoding (UTF-8 actually) to copy filtered resources, i.e. build is platform dependent!
[[1;34mINFO[m] skip non existing resourceDirectory /home/javier/ApromoreCE/ApromoreCore/Apromore-Extras/Test-Tools/src/test/resources
[[1;34mINFO[m] 
[[1;34mINFO[m] [1m--- [0;32mmaven-compiler-plugin:3.1:testCompile[m [1m(default-testCompile)[m @ [36mtest-tools[0;1m ---[m
[[1;34mINFO[m] No sources to compile
[[1;34mINFO[m] 
[[1;34mINFO[m] [1m--- [0;32mmaven-surefire-plugin:2.12.4:test[m [1m(default-test)[m @ [36mtest-tools[0;1m ---[m
[[1;34mINFO[m] No tests to run.
[[1;34mINFO[m] 
[[1;34mINFO[m] [1m--- [0;32mmaven-jar-plugin:2.4:jar[m [1m(default-jar)[m @ [36mtest-tools[0;1m ---[m
[[1;34mINFO[m] Building jar: /home/javier/ApromoreCE/ApromoreCore/Apromore-Extras/Test-Tools/target/test-tools-1.1.jar
[[1;34mINFO[m] 
[[1;34mINFO[m] [1m--- [0;32mmaven-install-plugin:2.4:install[m [1m(default-install)[m @ [36mtest-tools[0;1m ---[m
[[1;34mINFO[m] Installing /home/javier/ApromoreCE/ApromoreCore/Apromore-Extras/Test-Tools/target/test-tools-1.1.jar to /home/javier/.m2/repository/org/apromore/test-tools/1.1/test-tools-1.1.jar
[[1;34mINFO[m] Installing /home/javier/ApromoreCE/ApromoreCore/Apromore-Extras/Test-Tools/pom.xml to /home/javier/.m2/repository/org/apromore/test-tools/1.1/test-tools-1.1.pom
[[1;34mINFO[m] 
[[1;34mINFO[m] [1m--------------< [0;36morg.apromore.plugin:plugin-api-provider[0;1m >---------------[m
[[1;34mINFO[m] [1mBuilding Apromore Plugin API Provider 1.1                       [32/124][m
[[1;34mINFO[m] [1m--------------------------------[ jar ]---------------------------------[m
[[1;34mINFO[m] 
[[1;34mINFO[m] [1m--- [0;32mmaven-clean-plugin:2.5:clean[m [1m(default-clean)[m @ [36mplugin-api-provider[0;1m ---[m
[[1;34mINFO[m] Deleting /home/javier/ApromoreCE/ApromoreCore/Apromore-Plugins/plugin-core/core/provider/target
[[1;34mINFO[m] Deleting /home/javier/ApromoreCE/ApromoreCore/Apromore-Plugins/plugin-core/core/provider (includes = [surefire*], excludes = [])
[[1;34mINFO[m] 
[[1;34mINFO[m] [1m--- [0;32mmaven-enforcer-plugin:1.3:enforce[m [1m(enforce-banned-dependencies)[m @ [36mplugin-api-provider[0;1m ---[m
[[1;34mINFO[m] 
[[1;34mINFO[m] [1m--- [0;32mgit-commit-id-plugin:2.2.1:revision[m [1m(get-the-git-infos)[m @ [36mplugin-api-provider[0;1m ---[m
[[1;34mINFO[m] 
[[1;34mINFO[m] [1m--- [0;32mjacoco-maven-plugin:0.8.4:prepare-agent[m [1m(prepare-agent)[m @ [36mplugin-api-provider[0;1m ---[m
[[1;34mINFO[m] Skipping JaCoCo execution because property jacoco.skip is set.
[[1;34mINFO[m] argLine set to empty
[[1;34mINFO[m] 
[[1;34mINFO[m] [1m--- [0;32mmaven-resources-plugin:2.6:resources[m [1m(default-resources)[m @ [36mplugin-api-provider[0;1m ---[m
[[1;34mINFO[m] Using 'UTF-8' encoding to copy filtered resources.
[[1;34mINFO[m] Copying 1 resource
[[1;34mINFO[m] 
[[1;34mINFO[m] [1m--- [0;32mmaven-jxr-plugin:2.3:jxr[m [1m(default)[m @ [36mplugin-api-provider[0;1m ---[m
[[1;34mINFO[m] 
[[1;34mINFO[m] [1m--- [0;32mmaven-compiler-plugin:3.0:compile[m [1m(default-compile)[m @ [36mplugin-api-provider[0;1m ---[m
[[1;34mINFO[m] Changes detected - recompiling the module!
[[1;34mINFO[m] Compiling 1 source file to /home/javier/ApromoreCE/ApromoreCore/Apromore-Plugins/plugin-core/core/provider/target/classes
[[1;34mINFO[m] 
[[1;34mINFO[m] [1m--- [0;32mmaven-bundle-plugin:3.0.1:manifest[m [1m(bundle-manifest)[m @ [36mplugin-api-provider[0;1m ---[m
[[1;34mINFO[m] 
[[1;34mINFO[m] [1m--- [0;32mmaven-resources-plugin:2.6:testResources[m [1m(default-testResources)[m @ [36mplugin-api-provider[0;1m ---[m
[[1;34mINFO[m] Using 'UTF-8' encoding to copy filtered resources.
[[1;34mINFO[m] skip non existing resourceDirectory /home/javier/ApromoreCE/ApromoreCore/Apromore-Plugins/plugin-core/core/provider/src/test/resources
[[1;34mINFO[m] 
[[1;34mINFO[m] [1m--- [0;32mmaven-compiler-plugin:3.0:testCompile[m [1m(default-testCompile)[m @ [36mplugin-api-provider[0;1m ---[m
[[1;34mINFO[m] Changes detected - recompiling the module!
[[1;34mINFO[m] Compiling 2 source files to /home/javier/ApromoreCE/ApromoreCore/Apromore-Plugins/plugin-core/core/provider/target/test-classes
[[1;34mINFO[m] 
[[1;34mINFO[m] [1m--- [0;32mmaven-surefire-plugin:2.14.1:test[m [1m(default-test)[m @ [36mplugin-api-provider[0;1m ---[m
[[1;34mINFO[m] Surefire report directory: /home/javier/ApromoreCE/ApromoreCore/Apromore-Plugins/plugin-core/core/provider/target/surefire-reports

-------------------------------------------------------
 T E S T S
-------------------------------------------------------
OpenJDK 64-Bit Server VM warning: ignoring option MaxPermSize=1024m; support was removed in 8.0
Running org.apromore.plugin.provider.impl.PluginProviderImplUnitTest
Tests run: 1, Failures: 0, Errors: 0, Skipped: 0, Time elapsed: 0.084 sec

Results :

Tests run: 1, Failures: 0, Errors: 0, Skipped: 0

[[1;34mINFO[m] 
[[1;34mINFO[m] [1m--- [0;32mjacoco-maven-plugin:0.8.4:report[m [1m(report)[m @ [36mplugin-api-provider[0;1m ---[m
[[1;34mINFO[m] Skipping JaCoCo execution because property jacoco.skip is set.
[[1;34mINFO[m] 
[[1;34mINFO[m] [1m--- [0;32mmaven-jar-plugin:2.3.2:jar[m [1m(default-jar)[m @ [36mplugin-api-provider[0;1m ---[m
[[1;34mINFO[m] Building jar: /home/javier/ApromoreCE/ApromoreCore/Apromore-Plugins/plugin-core/core/provider/target/plugin-api-provider-1.1.jar
[[1;34mINFO[m] 
[[1;34mINFO[m] [1m--- [0;32mmaven-surefire-plugin:2.14.1:test[m [1m(integration-test)[m @ [36mplugin-api-provider[0;1m ---[m
[[1;34mINFO[m] 
[[1;34mINFO[m] [1m--- [0;32mmaven-source-plugin:2.2.1:jar-no-fork[m [1m(generate-sources)[m @ [36mplugin-api-provider[0;1m ---[m
[[1;34mINFO[m] Building jar: /home/javier/ApromoreCE/ApromoreCore/Apromore-Plugins/plugin-core/core/provider/target/plugin-api-provider-1.1-sources.jar
[[1;34mINFO[m] 
[[1;34mINFO[m] [1m--- [0;32mmaven-checkstyle-plugin:2.10:checkstyle[m [1m(run-checkstyle)[m @ [36mplugin-api-provider[0;1m ---[m
[[1;34mINFO[m] 
[[1;34mINFO[m] [1m--- [0;32mjacoco-maven-plugin:0.8.4:check[m [1m(check)[m @ [36mplugin-api-provider[0;1m ---[m
[[1;34mINFO[m] Skipping JaCoCo execution because property jacoco.skip is set.
[[1;34mINFO[m] 
[[1;34mINFO[m] [1m--- [0;32mmaven-install-plugin:2.4:install[m [1m(default-install)[m @ [36mplugin-api-provider[0;1m ---[m
[[1;34mINFO[m] Installing /home/javier/ApromoreCE/ApromoreCore/Apromore-Plugins/plugin-core/core/provider/target/plugin-api-provider-1.1.jar to /home/javier/.m2/repository/org/apromore/plugin/plugin-api-provider/1.1/plugin-api-provider-1.1.jar
[[1;34mINFO[m] Installing /home/javier/ApromoreCE/ApromoreCore/Apromore-Plugins/plugin-core/core/provider/pom.xml to /home/javier/.m2/repository/org/apromore/plugin/plugin-api-provider/1.1/plugin-api-provider-1.1.pom
[[1;34mINFO[m] Installing /home/javier/ApromoreCE/ApromoreCore/Apromore-Plugins/plugin-core/core/provider/target/plugin-api-provider-1.1-sources.jar to /home/javier/.m2/repository/org/apromore/plugin/plugin-api-provider/1.1/plugin-api-provider-1.1-sources.jar
[[1;34mINFO[m] 
[[1;34mINFO[m] [1m-------------< [0;36morg.apromore.plugin:canoniser-api-provider[0;1m >-------------[m
[[1;34mINFO[m] [1mBuilding Apromore Canoniser API Provider 1.1                    [33/124][m
[[1;34mINFO[m] [1m--------------------------------[ jar ]---------------------------------[m
[[1;34mINFO[m] 
[[1;34mINFO[m] [1m--- [0;32mmaven-clean-plugin:2.5:clean[m [1m(default-clean)[m @ [36mcanoniser-api-provider[0;1m ---[m
[[1;34mINFO[m] Deleting /home/javier/ApromoreCE/ApromoreCore/Apromore-Plugins/plugin-canoniser/core/provider/target
[[1;34mINFO[m] Deleting /home/javier/ApromoreCE/ApromoreCore/Apromore-Plugins/plugin-canoniser/core/provider (includes = [surefire*], excludes = [])
[[1;34mINFO[m] 
[[1;34mINFO[m] [1m--- [0;32mmaven-enforcer-plugin:1.3:enforce[m [1m(enforce-banned-dependencies)[m @ [36mcanoniser-api-provider[0;1m ---[m
[[1;34mINFO[m] 
[[1;34mINFO[m] [1m--- [0;32mgit-commit-id-plugin:2.2.1:revision[m [1m(get-the-git-infos)[m @ [36mcanoniser-api-provider[0;1m ---[m
[[1;34mINFO[m] 
[[1;34mINFO[m] [1m--- [0;32mjacoco-maven-plugin:0.8.4:prepare-agent[m [1m(prepare-agent)[m @ [36mcanoniser-api-provider[0;1m ---[m
[[1;34mINFO[m] Skipping JaCoCo execution because property jacoco.skip is set.
[[1;34mINFO[m] argLine set to empty
[[1;34mINFO[m] 
[[1;34mINFO[m] [1m--- [0;32mmaven-resources-plugin:2.6:resources[m [1m(default-resources)[m @ [36mcanoniser-api-provider[0;1m ---[m
[[1;34mINFO[m] Using 'UTF-8' encoding to copy filtered resources.
[[1;34mINFO[m] Copying 1 resource
[[1;34mINFO[m] 
[[1;34mINFO[m] [1m--- [0;32mmaven-jxr-plugin:2.3:jxr[m [1m(default)[m @ [36mcanoniser-api-provider[0;1m ---[m
[[1;34mINFO[m] 
[[1;34mINFO[m] [1m--- [0;32mmaven-compiler-plugin:3.0:compile[m [1m(default-compile)[m @ [36mcanoniser-api-provider[0;1m ---[m
[[1;34mINFO[m] Changes detected - recompiling the module!
[[1;34mINFO[m] Compiling 1 source file to /home/javier/ApromoreCE/ApromoreCore/Apromore-Plugins/plugin-canoniser/core/provider/target/classes
[[1;34mINFO[m] 
[[1;34mINFO[m] [1m--- [0;32mmaven-bundle-plugin:3.0.1:manifest[m [1m(bundle-manifest)[m @ [36mcanoniser-api-provider[0;1m ---[m
[[1;34mINFO[m] 
[[1;34mINFO[m] [1m--- [0;32mmaven-resources-plugin:2.6:testResources[m [1m(default-testResources)[m @ [36mcanoniser-api-provider[0;1m ---[m
[[1;34mINFO[m] Using 'UTF-8' encoding to copy filtered resources.
[[1;34mINFO[m] skip non existing resourceDirectory /home/javier/ApromoreCE/ApromoreCore/Apromore-Plugins/plugin-canoniser/core/provider/src/test/resources
[[1;34mINFO[m] 
[[1;34mINFO[m] [1m--- [0;32mmaven-compiler-plugin:3.0:testCompile[m [1m(default-testCompile)[m @ [36mcanoniser-api-provider[0;1m ---[m
[[1;34mINFO[m] Changes detected - recompiling the module!
[[1;34mINFO[m] Compiling 2 source files to /home/javier/ApromoreCE/ApromoreCore/Apromore-Plugins/plugin-canoniser/core/provider/target/test-classes
[[1;34mINFO[m] 
[[1;34mINFO[m] [1m--- [0;32mmaven-surefire-plugin:2.14.1:test[m [1m(default-test)[m @ [36mcanoniser-api-provider[0;1m ---[m
[[1;34mINFO[m] Surefire report directory: /home/javier/ApromoreCE/ApromoreCore/Apromore-Plugins/plugin-canoniser/core/provider/target/surefire-reports

-------------------------------------------------------
 T E S T S
-------------------------------------------------------
OpenJDK 64-Bit Server VM warning: ignoring option MaxPermSize=1024m; support was removed in 8.0
Running org.apromore.canoniser.provider.impl.CanoniserProviderUnitTest
Tests run: 5, Failures: 0, Errors: 0, Skipped: 0, Time elapsed: 0.161 sec

Results :

Tests run: 5, Failures: 0, Errors: 0, Skipped: 0

[[1;34mINFO[m] 
[[1;34mINFO[m] [1m--- [0;32mjacoco-maven-plugin:0.8.4:report[m [1m(report)[m @ [36mcanoniser-api-provider[0;1m ---[m
[[1;34mINFO[m] Skipping JaCoCo execution because property jacoco.skip is set.
[[1;34mINFO[m] 
[[1;34mINFO[m] [1m--- [0;32mmaven-jar-plugin:2.3.2:jar[m [1m(default-jar)[m @ [36mcanoniser-api-provider[0;1m ---[m
[[1;34mINFO[m] Building jar: /home/javier/ApromoreCE/ApromoreCore/Apromore-Plugins/plugin-canoniser/core/provider/target/canoniser-api-provider-1.1.jar
[[1;34mINFO[m] 
[[1;34mINFO[m] [1m--- [0;32mmaven-surefire-plugin:2.14.1:test[m [1m(integration-test)[m @ [36mcanoniser-api-provider[0;1m ---[m
[[1;34mINFO[m] 
[[1;34mINFO[m] [1m--- [0;32mmaven-source-plugin:2.2.1:jar-no-fork[m [1m(generate-sources)[m @ [36mcanoniser-api-provider[0;1m ---[m
[[1;34mINFO[m] Building jar: /home/javier/ApromoreCE/ApromoreCore/Apromore-Plugins/plugin-canoniser/core/provider/target/canoniser-api-provider-1.1-sources.jar
[[1;34mINFO[m] 
[[1;34mINFO[m] [1m--- [0;32mmaven-checkstyle-plugin:2.10:checkstyle[m [1m(run-checkstyle)[m @ [36mcanoniser-api-provider[0;1m ---[m
[[1;34mINFO[m] 
[[1;34mINFO[m] [1m--- [0;32mjacoco-maven-plugin:0.8.4:check[m [1m(check)[m @ [36mcanoniser-api-provider[0;1m ---[m
[[1;34mINFO[m] Skipping JaCoCo execution because property jacoco.skip is set.
[[1;34mINFO[m] 
[[1;34mINFO[m] [1m--- [0;32mmaven-install-plugin:2.4:install[m [1m(default-install)[m @ [36mcanoniser-api-provider[0;1m ---[m
[[1;34mINFO[m] Installing /home/javier/ApromoreCE/ApromoreCore/Apromore-Plugins/plugin-canoniser/core/provider/target/canoniser-api-provider-1.1.jar to /home/javier/.m2/repository/org/apromore/plugin/canoniser-api-provider/1.1/canoniser-api-provider-1.1.jar
[[1;34mINFO[m] Installing /home/javier/ApromoreCE/ApromoreCore/Apromore-Plugins/plugin-canoniser/core/provider/pom.xml to /home/javier/.m2/repository/org/apromore/plugin/canoniser-api-provider/1.1/canoniser-api-provider-1.1.pom
[[1;34mINFO[m] Installing /home/javier/ApromoreCE/ApromoreCore/Apromore-Plugins/plugin-canoniser/core/provider/target/canoniser-api-provider-1.1-sources.jar to /home/javier/.m2/repository/org/apromore/plugin/canoniser-api-provider/1.1/canoniser-api-provider-1.1-sources.jar
[[1;34mINFO[m] 
[[1;34mINFO[m] [1m------------< [0;36morg.apromore.plugin:annotation-api-provider[0;1m >-------------[m
[[1;34mINFO[m] [1mBuilding Apromore Annotation Pre Processor API Provider 1.1     [34/124][m
[[1;34mINFO[m] [1m--------------------------------[ jar ]---------------------------------[m
[[1;34mINFO[m] 
[[1;34mINFO[m] [1m--- [0;32mmaven-clean-plugin:2.5:clean[m [1m(default-clean)[m @ [36mannotation-api-provider[0;1m ---[m
[[1;34mINFO[m] Deleting /home/javier/ApromoreCE/ApromoreCore/Apromore-Plugins/plugin-annotation/core/provider/target
[[1;34mINFO[m] Deleting /home/javier/ApromoreCE/ApromoreCore/Apromore-Plugins/plugin-annotation/core/provider (includes = [surefire*], excludes = [])
[[1;34mINFO[m] 
[[1;34mINFO[m] [1m--- [0;32mmaven-enforcer-plugin:1.3:enforce[m [1m(enforce-banned-dependencies)[m @ [36mannotation-api-provider[0;1m ---[m
[[1;34mINFO[m] 
[[1;34mINFO[m] [1m--- [0;32mgit-commit-id-plugin:2.2.1:revision[m [1m(get-the-git-infos)[m @ [36mannotation-api-provider[0;1m ---[m
[[1;34mINFO[m] 
[[1;34mINFO[m] [1m--- [0;32mjacoco-maven-plugin:0.8.4:prepare-agent[m [1m(prepare-agent)[m @ [36mannotation-api-provider[0;1m ---[m
[[1;34mINFO[m] Skipping JaCoCo execution because property jacoco.skip is set.
[[1;34mINFO[m] argLine set to empty
[[1;34mINFO[m] 
[[1;34mINFO[m] [1m--- [0;32mmaven-resources-plugin:2.6:resources[m [1m(default-resources)[m @ [36mannotation-api-provider[0;1m ---[m
[[1;34mINFO[m] Using 'UTF-8' encoding to copy filtered resources.
[[1;34mINFO[m] Copying 1 resource
[[1;34mINFO[m] 
[[1;34mINFO[m] [1m--- [0;32mmaven-jxr-plugin:2.3:jxr[m [1m(default)[m @ [36mannotation-api-provider[0;1m ---[m
[[1;34mINFO[m] 
[[1;34mINFO[m] [1m--- [0;32mmaven-compiler-plugin:3.0:compile[m [1m(default-compile)[m @ [36mannotation-api-provider[0;1m ---[m
[[1;34mINFO[m] Changes detected - recompiling the module!
[[1;34mINFO[m] Compiling 1 source file to /home/javier/ApromoreCE/ApromoreCore/Apromore-Plugins/plugin-annotation/core/provider/target/classes
[[1;34mINFO[m] 
[[1;34mINFO[m] [1m--- [0;32mmaven-bundle-plugin:3.0.1:manifest[m [1m(bundle-manifest)[m @ [36mannotation-api-provider[0;1m ---[m
[[1;34mINFO[m] 
[[1;34mINFO[m] [1m--- [0;32mmaven-resources-plugin:2.6:testResources[m [1m(default-testResources)[m @ [36mannotation-api-provider[0;1m ---[m
[[1;34mINFO[m] Using 'UTF-8' encoding to copy filtered resources.
[[1;34mINFO[m] skip non existing resourceDirectory /home/javier/ApromoreCE/ApromoreCore/Apromore-Plugins/plugin-annotation/core/provider/src/test/resources
[[1;34mINFO[m] 
[[1;34mINFO[m] [1m--- [0;32mmaven-compiler-plugin:3.0:testCompile[m [1m(default-testCompile)[m @ [36mannotation-api-provider[0;1m ---[m
[[1;34mINFO[m] Changes detected - recompiling the module!
[[1;34mINFO[m] Compiling 2 source files to /home/javier/ApromoreCE/ApromoreCore/Apromore-Plugins/plugin-annotation/core/provider/target/test-classes
[[1;34mINFO[m] 
[[1;34mINFO[m] [1m--- [0;32mmaven-surefire-plugin:2.14.1:test[m [1m(default-test)[m @ [36mannotation-api-provider[0;1m ---[m
[[1;34mINFO[m] Surefire report directory: /home/javier/ApromoreCE/ApromoreCore/Apromore-Plugins/plugin-annotation/core/provider/target/surefire-reports

-------------------------------------------------------
 T E S T S
-------------------------------------------------------
OpenJDK 64-Bit Server VM warning: ignoring option MaxPermSize=1024m; support was removed in 8.0
Running org.apromore.annotation.provider.impl.AnnotationProcessorProviderUnitTest
Tests run: 5, Failures: 0, Errors: 0, Skipped: 0, Time elapsed: 0.158 sec

Results :

Tests run: 5, Failures: 0, Errors: 0, Skipped: 0

[[1;34mINFO[m] 
[[1;34mINFO[m] [1m--- [0;32mjacoco-maven-plugin:0.8.4:report[m [1m(report)[m @ [36mannotation-api-provider[0;1m ---[m
[[1;34mINFO[m] Skipping JaCoCo execution because property jacoco.skip is set.
[[1;34mINFO[m] 
[[1;34mINFO[m] [1m--- [0;32mmaven-jar-plugin:2.3.2:jar[m [1m(default-jar)[m @ [36mannotation-api-provider[0;1m ---[m
[[1;34mINFO[m] Building jar: /home/javier/ApromoreCE/ApromoreCore/Apromore-Plugins/plugin-annotation/core/provider/target/annotation-api-provider-1.1.jar
[[1;34mINFO[m] 
[[1;34mINFO[m] [1m--- [0;32mmaven-surefire-plugin:2.14.1:test[m [1m(integration-test)[m @ [36mannotation-api-provider[0;1m ---[m
[[1;34mINFO[m] 
[[1;34mINFO[m] [1m--- [0;32mmaven-source-plugin:2.2.1:jar-no-fork[m [1m(generate-sources)[m @ [36mannotation-api-provider[0;1m ---[m
[[1;34mINFO[m] Building jar: /home/javier/ApromoreCE/ApromoreCore/Apromore-Plugins/plugin-annotation/core/provider/target/annotation-api-provider-1.1-sources.jar
[[1;34mINFO[m] 
[[1;34mINFO[m] [1m--- [0;32mmaven-checkstyle-plugin:2.10:checkstyle[m [1m(run-checkstyle)[m @ [36mannotation-api-provider[0;1m ---[m
[[1;34mINFO[m] 
[[1;34mINFO[m] [1m--- [0;32mjacoco-maven-plugin:0.8.4:check[m [1m(check)[m @ [36mannotation-api-provider[0;1m ---[m
[[1;34mINFO[m] Skipping JaCoCo execution because property jacoco.skip is set.
[[1;34mINFO[m] 
[[1;34mINFO[m] [1m--- [0;32mmaven-install-plugin:2.4:install[m [1m(default-install)[m @ [36mannotation-api-provider[0;1m ---[m
[[1;34mINFO[m] Installing /home/javier/ApromoreCE/ApromoreCore/Apromore-Plugins/plugin-annotation/core/provider/target/annotation-api-provider-1.1.jar to /home/javier/.m2/repository/org/apromore/plugin/annotation-api-provider/1.1/annotation-api-provider-1.1.jar
[[1;34mINFO[m] Installing /home/javier/ApromoreCE/ApromoreCore/Apromore-Plugins/plugin-annotation/core/provider/pom.xml to /home/javier/.m2/repository/org/apromore/plugin/annotation-api-provider/1.1/annotation-api-provider-1.1.pom
[[1;34mINFO[m] Installing /home/javier/ApromoreCE/ApromoreCore/Apromore-Plugins/plugin-annotation/core/provider/target/annotation-api-provider-1.1-sources.jar to /home/javier/.m2/repository/org/apromore/plugin/annotation-api-provider/1.1/annotation-api-provider-1.1-sources.jar
[[1;34mINFO[m] 
[[1;34mINFO[m] [1m------------< [0;36morg.apromore.plugin:deployment-api-provider[0;1m >-------------[m
[[1;34mINFO[m] [1mBuilding Apromore Deployment Plugin API Provider 1.1            [35/124][m
[[1;34mINFO[m] [1m--------------------------------[ jar ]---------------------------------[m
[[1;34mINFO[m] 
[[1;34mINFO[m] [1m--- [0;32mmaven-clean-plugin:2.5:clean[m [1m(default-clean)[m @ [36mdeployment-api-provider[0;1m ---[m
[[1;34mINFO[m] Deleting /home/javier/ApromoreCE/ApromoreCore/Apromore-Plugins/plugin-deployment/core/provider/target
[[1;34mINFO[m] Deleting /home/javier/ApromoreCE/ApromoreCore/Apromore-Plugins/plugin-deployment/core/provider (includes = [surefire*], excludes = [])
[[1;34mINFO[m] 
[[1;34mINFO[m] [1m--- [0;32mmaven-enforcer-plugin:1.3:enforce[m [1m(enforce-banned-dependencies)[m @ [36mdeployment-api-provider[0;1m ---[m
[[1;34mINFO[m] 
[[1;34mINFO[m] [1m--- [0;32mgit-commit-id-plugin:2.2.1:revision[m [1m(get-the-git-infos)[m @ [36mdeployment-api-provider[0;1m ---[m
[[1;34mINFO[m] 
[[1;34mINFO[m] [1m--- [0;32mjacoco-maven-plugin:0.8.4:prepare-agent[m [1m(prepare-agent)[m @ [36mdeployment-api-provider[0;1m ---[m
[[1;34mINFO[m] Skipping JaCoCo execution because property jacoco.skip is set.
[[1;34mINFO[m] argLine set to empty
[[1;34mINFO[m] 
[[1;34mINFO[m] [1m--- [0;32mmaven-resources-plugin:2.6:resources[m [1m(default-resources)[m @ [36mdeployment-api-provider[0;1m ---[m
[[1;34mINFO[m] Using 'UTF-8' encoding to copy filtered resources.
[[1;34mINFO[m] Copying 1 resource
[[1;34mINFO[m] 
[[1;34mINFO[m] [1m--- [0;32mmaven-jxr-plugin:2.3:jxr[m [1m(default)[m @ [36mdeployment-api-provider[0;1m ---[m
[[1;34mINFO[m] 
[[1;34mINFO[m] [1m--- [0;32mmaven-compiler-plugin:3.0:compile[m [1m(default-compile)[m @ [36mdeployment-api-provider[0;1m ---[m
[[1;34mINFO[m] Changes detected - recompiling the module!
[[1;34mINFO[m] Compiling 1 source file to /home/javier/ApromoreCE/ApromoreCore/Apromore-Plugins/plugin-deployment/core/provider/target/classes
[[1;34mINFO[m] 
[[1;34mINFO[m] [1m--- [0;32mmaven-bundle-plugin:3.0.1:manifest[m [1m(bundle-manifest)[m @ [36mdeployment-api-provider[0;1m ---[m
[[1;34mINFO[m] 
[[1;34mINFO[m] [1m--- [0;32mmaven-resources-plugin:2.6:testResources[m [1m(default-testResources)[m @ [36mdeployment-api-provider[0;1m ---[m
[[1;34mINFO[m] Using 'UTF-8' encoding to copy filtered resources.
[[1;34mINFO[m] skip non existing resourceDirectory /home/javier/ApromoreCE/ApromoreCore/Apromore-Plugins/plugin-deployment/core/provider/src/test/resources
[[1;34mINFO[m] 
[[1;34mINFO[m] [1m--- [0;32mmaven-compiler-plugin:3.0:testCompile[m [1m(default-testCompile)[m @ [36mdeployment-api-provider[0;1m ---[m
[[1;34mINFO[m] Changes detected - recompiling the module!
[[1;34mINFO[m] Compiling 2 source files to /home/javier/ApromoreCE/ApromoreCore/Apromore-Plugins/plugin-deployment/core/provider/target/test-classes
[[1;34mINFO[m] 
[[1;34mINFO[m] [1m--- [0;32mmaven-surefire-plugin:2.14.1:test[m [1m(default-test)[m @ [36mdeployment-api-provider[0;1m ---[m
[[1;34mINFO[m] Surefire report directory: /home/javier/ApromoreCE/ApromoreCore/Apromore-Plugins/plugin-deployment/core/provider/target/surefire-reports

-------------------------------------------------------
 T E S T S
-------------------------------------------------------
OpenJDK 64-Bit Server VM warning: ignoring option MaxPermSize=1024m; support was removed in 8.0
Running org.apromore.plugin.deployment.DeploymentPluginProviderUnitTest
Tests run: 4, Failures: 0, Errors: 0, Skipped: 0, Time elapsed: 0.105 sec

Results :

Tests run: 4, Failures: 0, Errors: 0, Skipped: 0

[[1;34mINFO[m] 
[[1;34mINFO[m] [1m--- [0;32mjacoco-maven-plugin:0.8.4:report[m [1m(report)[m @ [36mdeployment-api-provider[0;1m ---[m
[[1;34mINFO[m] Skipping JaCoCo execution because property jacoco.skip is set.
[[1;34mINFO[m] 
[[1;34mINFO[m] [1m--- [0;32mmaven-jar-plugin:2.3.2:jar[m [1m(default-jar)[m @ [36mdeployment-api-provider[0;1m ---[m
[[1;34mINFO[m] Building jar: /home/javier/ApromoreCE/ApromoreCore/Apromore-Plugins/plugin-deployment/core/provider/target/deployment-api-provider-1.1.jar
[[1;34mINFO[m] 
[[1;34mINFO[m] [1m--- [0;32mmaven-surefire-plugin:2.14.1:test[m [1m(integration-test)[m @ [36mdeployment-api-provider[0;1m ---[m
[[1;34mINFO[m] 
[[1;34mINFO[m] [1m--- [0;32mmaven-source-plugin:2.2.1:jar-no-fork[m [1m(generate-sources)[m @ [36mdeployment-api-provider[0;1m ---[m
[[1;34mINFO[m] Building jar: /home/javier/ApromoreCE/ApromoreCore/Apromore-Plugins/plugin-deployment/core/provider/target/deployment-api-provider-1.1-sources.jar
[[1;34mINFO[m] 
[[1;34mINFO[m] [1m--- [0;32mmaven-checkstyle-plugin:2.10:checkstyle[m [1m(run-checkstyle)[m @ [36mdeployment-api-provider[0;1m ---[m
[[1;34mINFO[m] 
[[1;34mINFO[m] [1m--- [0;32mjacoco-maven-plugin:0.8.4:check[m [1m(check)[m @ [36mdeployment-api-provider[0;1m ---[m
[[1;34mINFO[m] Skipping JaCoCo execution because property jacoco.skip is set.
[[1;34mINFO[m] 
[[1;34mINFO[m] [1m--- [0;32mmaven-install-plugin:2.4:install[m [1m(default-install)[m @ [36mdeployment-api-provider[0;1m ---[m
[[1;34mINFO[m] Installing /home/javier/ApromoreCE/ApromoreCore/Apromore-Plugins/plugin-deployment/core/provider/target/deployment-api-provider-1.1.jar to /home/javier/.m2/repository/org/apromore/plugin/deployment-api-provider/1.1/deployment-api-provider-1.1.jar
[[1;34mINFO[m] Installing /home/javier/ApromoreCE/ApromoreCore/Apromore-Plugins/plugin-deployment/core/provider/pom.xml to /home/javier/.m2/repository/org/apromore/plugin/deployment-api-provider/1.1/deployment-api-provider-1.1.pom
[[1;34mINFO[m] Installing /home/javier/ApromoreCE/ApromoreCore/Apromore-Plugins/plugin-deployment/core/provider/target/deployment-api-provider-1.1-sources.jar to /home/javier/.m2/repository/org/apromore/plugin/deployment-api-provider/1.1/deployment-api-provider-1.1-sources.jar
[[1;34mINFO[m] 
[[1;34mINFO[m] [1m------------------------< [0;36morg.apromore:apmlog[0;1m >-------------------------[m
[[1;34mINFO[m] [1mBuilding The APMLogModule Project 1.0.0                         [36/124][m
[[1;34mINFO[m] [1m--------------------------------[ jar ]---------------------------------[m
[[1;34mINFO[m] 
[[1;34mINFO[m] [1m--- [0;32mmaven-clean-plugin:2.5:clean[m [1m(default-clean)[m @ [36mapmlog[0;1m ---[m
[[1;34mINFO[m] Deleting /home/javier/ApromoreCE/ApromoreCore/Apromore-Extras/APMLogModule/target
[[1;34mINFO[m] Deleting /home/javier/ApromoreCE/ApromoreCore/Apromore-Extras/APMLogModule (includes = [surefire*], excludes = [])
[[1;34mINFO[m] 
[[1;34mINFO[m] [1m--- [0;32mmaven-enforcer-plugin:1.3:enforce[m [1m(enforce-banned-dependencies)[m @ [36mapmlog[0;1m ---[m
[[1;34mINFO[m] 
[[1;34mINFO[m] [1m--- [0;32mgit-commit-id-plugin:2.2.1:revision[m [1m(get-the-git-infos)[m @ [36mapmlog[0;1m ---[m
[[1;34mINFO[m] 
[[1;34mINFO[m] [1m--- [0;32mjacoco-maven-plugin:0.8.4:prepare-agent[m [1m(prepare-agent)[m @ [36mapmlog[0;1m ---[m
[[1;34mINFO[m] Skipping JaCoCo execution because property jacoco.skip is set.
[[1;34mINFO[m] argLine set to empty
[[1;34mINFO[m] 
[[1;34mINFO[m] [1m--- [0;32mmaven-resources-plugin:2.6:resources[m [1m(default-resources)[m @ [36mapmlog[0;1m ---[m
[[1;34mINFO[m] Using 'UTF-8' encoding to copy filtered resources.
[[1;34mINFO[m] Copying 1 resource
[[1;34mINFO[m] 
[[1;34mINFO[m] [1m--- [0;32mmaven-jxr-plugin:2.3:jxr[m [1m(default)[m @ [36mapmlog[0;1m ---[m
[[1;34mINFO[m] 
[[1;34mINFO[m] [1m--- [0;32mmaven-compiler-plugin:3.0:compile[m [1m(default-compile)[m @ [36mapmlog[0;1m ---[m
[[1;34mINFO[m] Changes detected - recompiling the module!
[[1;34mINFO[m] Compiling 46 source files to /home/javier/ApromoreCE/ApromoreCore/Apromore-Extras/APMLogModule/target/classes
[[1;34mINFO[m] 
[[1;34mINFO[m] [1m--- [0;32mmaven-bundle-plugin:3.0.1:manifest[m [1m(bundle-manifest)[m @ [36mapmlog[0;1m ---[m
[[1;34mINFO[m] 
[[1;34mINFO[m] [1m--- [0;32mmaven-resources-plugin:2.6:testResources[m [1m(default-testResources)[m @ [36mapmlog[0;1m ---[m
[[1;34mINFO[m] Using 'UTF-8' encoding to copy filtered resources.
[[1;34mINFO[m] Copying 1 resource
[[1;34mINFO[m] 
[[1;34mINFO[m] [1m--- [0;32mmaven-compiler-plugin:3.0:testCompile[m [1m(default-testCompile)[m @ [36mapmlog[0;1m ---[m
[[1;34mINFO[m] Changes detected - recompiling the module!
[[1;34mINFO[m] Compiling 1 source file to /home/javier/ApromoreCE/ApromoreCore/Apromore-Extras/APMLogModule/target/test-classes
[[1;34mINFO[m] 
[[1;34mINFO[m] [1m--- [0;32mmaven-surefire-plugin:2.14.1:test[m [1m(default-test)[m @ [36mapmlog[0;1m ---[m
[[1;34mINFO[m] Surefire report directory: /home/javier/ApromoreCE/ApromoreCore/Apromore-Extras/APMLogModule/target/surefire-reports

-------------------------------------------------------
 T E S T S
-------------------------------------------------------
OpenJDK 64-Bit Server VM warning: ignoring option MaxPermSize=1024m; support was removed in 8.0
Running org.apromore.apmlog.APMLogUnitTest
Tests run: 1, Failures: 0, Errors: 0, Skipped: 1, Time elapsed: 0.028 sec

Results :

Tests run: 1, Failures: 0, Errors: 0, Skipped: 1

[[1;34mINFO[m] 
[[1;34mINFO[m] [1m--- [0;32mjacoco-maven-plugin:0.8.4:report[m [1m(report)[m @ [36mapmlog[0;1m ---[m
[[1;34mINFO[m] Skipping JaCoCo execution because property jacoco.skip is set.
[[1;34mINFO[m] 
[[1;34mINFO[m] [1m--- [0;32mmaven-jar-plugin:2.3.2:jar[m [1m(default-jar)[m @ [36mapmlog[0;1m ---[m
[[1;34mINFO[m] Building jar: /home/javier/ApromoreCE/ApromoreCore/Apromore-Extras/APMLogModule/target/apmlog-1.0.0.jar
[[1;34mINFO[m] 
[[1;34mINFO[m] [1m--- [0;32mmaven-surefire-plugin:2.14.1:test[m [1m(integration-test)[m @ [36mapmlog[0;1m ---[m
[[1;34mINFO[m] 
[[1;34mINFO[m] [1m--- [0;32mmaven-source-plugin:2.2.1:jar-no-fork[m [1m(generate-sources)[m @ [36mapmlog[0;1m ---[m
[[1;34mINFO[m] Building jar: /home/javier/ApromoreCE/ApromoreCore/Apromore-Extras/APMLogModule/target/apmlog-1.0.0-sources.jar
[[1;34mINFO[m] 
[[1;34mINFO[m] [1m--- [0;32mmaven-checkstyle-plugin:2.10:checkstyle[m [1m(run-checkstyle)[m @ [36mapmlog[0;1m ---[m
[[1;34mINFO[m] 
[[1;34mINFO[m] [1m--- [0;32mjacoco-maven-plugin:0.8.4:check[m [1m(check)[m @ [36mapmlog[0;1m ---[m
[[1;34mINFO[m] Skipping JaCoCo execution because property jacoco.skip is set.
[[1;34mINFO[m] 
[[1;34mINFO[m] [1m--- [0;32mmaven-install-plugin:2.4:install[m [1m(default-install)[m @ [36mapmlog[0;1m ---[m
[[1;34mINFO[m] Installing /home/javier/ApromoreCE/ApromoreCore/Apromore-Extras/APMLogModule/target/apmlog-1.0.0.jar to /home/javier/.m2/repository/org/apromore/apmlog/1.0.0/apmlog-1.0.0.jar
[[1;34mINFO[m] Installing /home/javier/ApromoreCE/ApromoreCore/Apromore-Extras/APMLogModule/pom.xml to /home/javier/.m2/repository/org/apromore/apmlog/1.0.0/apmlog-1.0.0.pom
[[1;34mINFO[m] Installing /home/javier/ApromoreCE/ApromoreCore/Apromore-Extras/APMLogModule/target/apmlog-1.0.0-sources.jar to /home/javier/.m2/repository/org/apromore/apmlog/1.0.0/apmlog-1.0.0-sources.jar
[[1;34mINFO[m] 
[[1;34mINFO[m] [1m-------------------< [0;36morg.apromore:apromore-manager[0;1m >--------------------[m
[[1;34mINFO[m] [1mBuilding Apromore Manager 1.1                                   [37/124][m
[[1;34mINFO[m] [1m-------------------------------[ bundle ]-------------------------------[m
[[1;34mINFO[m] 
[[1;34mINFO[m] [1m--- [0;32mmaven-clean-plugin:2.5:clean[m [1m(default-clean)[m @ [36mapromore-manager[0;1m ---[m
[[1;34mINFO[m] Deleting /home/javier/ApromoreCE/ApromoreCore/Apromore-Core-Components/Apromore-Manager/target
[[1;34mINFO[m] Deleting /home/javier/ApromoreCE/ApromoreCore/Apromore-Core-Components/Apromore-Manager (includes = [surefire*], excludes = [])
[[1;34mINFO[m] 
[[1;34mINFO[m] [1m--- [0;32mmaven-enforcer-plugin:1.3:enforce[m [1m(enforce-banned-dependencies)[m @ [36mapromore-manager[0;1m ---[m
[[1;34mINFO[m] 
[[1;34mINFO[m] [1m--- [0;32mgit-commit-id-plugin:2.2.1:revision[m [1m(get-the-git-infos)[m @ [36mapromore-manager[0;1m ---[m
[[1;34mINFO[m] 
[[1;34mINFO[m] [1m--- [0;32mjacoco-maven-plugin:0.8.4:prepare-agent[m [1m(prepare-agent)[m @ [36mapromore-manager[0;1m ---[m
[[1;34mINFO[m] Skipping JaCoCo execution because property jacoco.skip is set.
[[1;34mINFO[m] argLine set to empty
[[1;34mINFO[m] 
[[1;34mINFO[m] [1m--- [0;32mmaven-resources-plugin:2.6:resources[m [1m(default-resources)[m @ [36mapromore-manager[0;1m ---[m
[[1;34mINFO[m] Using 'UTF-8' encoding to copy filtered resources.
[[1;34mINFO[m] Copying 18 resources
[[1;34mINFO[m] 
[[1;34mINFO[m] [1m--- [0;32mmaven-jxr-plugin:2.3:jxr[m [1m(default)[m @ [36mapromore-manager[0;1m ---[m
[[1;34mINFO[m] 
[[1;34mINFO[m] [1m--- [0;32mmaven-compiler-plugin:3.0:compile[m [1m(default-compile)[m @ [36mapromore-manager[0;1m ---[m
[[1;34mINFO[m] Changes detected - recompiling the module!
[[1;34mINFO[m] Compiling 308 source files to /home/javier/ApromoreCE/ApromoreCore/Apromore-Core-Components/Apromore-Manager/target/classes
[[1;34mINFO[m] 
[[1;34mINFO[m] [1m--- [0;32mmaven-bundle-plugin:3.0.1:manifest[m [1m(bundle-manifest)[m @ [36mapromore-manager[0;1m ---[m
[[1;33mWARNING[m] Manifest org.apromore:apromore-manager:bundle:1.1 : Export org.apromore.service.impl,  has 1,  private references [org.apromore.aop], 
[[1;34mINFO[m] 
[[1;34mINFO[m] [1m>>> [0;32mexec-maven-plugin:1.2.1:java[m [1m(weave-classes)[0;1m > [0;1mvalidate[m @ [36mapromore-manager[0;1m >>>[m
[[1;34mINFO[m] 
[[1;34mINFO[m] [1m--- [0;32mmaven-enforcer-plugin:1.3:enforce[m [1m(enforce-banned-dependencies)[m @ [36mapromore-manager[0;1m ---[m
[[1;34mINFO[m] 
[[1;34mINFO[m] [1m<<< [0;32mexec-maven-plugin:1.2.1:java[m [1m(weave-classes)[0;1m < [0;1mvalidate[m @ [36mapromore-manager[0;1m <<<[m
[[1;34mINFO[m] 
[[1;34mINFO[m] 
[[1;34mINFO[m] [1m--- [0;32mexec-maven-plugin:1.2.1:java[m [1m(weave-classes)[m @ [36mapromore-manager[0;1m ---[m
[[1;34mINFO[m] 
[[1;34mINFO[m] [1m--- [0;32mmaven-resources-plugin:2.6:testResources[m [1m(default-testResources)[m @ [36mapromore-manager[0;1m ---[m
[[1;34mINFO[m] Using 'UTF-8' encoding to copy filtered resources.
[[1;34mINFO[m] Copying 77 resources
[[1;34mINFO[m] 
[[1;34mINFO[m] [1m--- [0;32mmaven-compiler-plugin:3.0:testCompile[m [1m(default-testCompile)[m @ [36mapromore-manager[0;1m ---[m
[[1;34mINFO[m] Changes detected - recompiling the module!
[[1;34mINFO[m] Compiling 46 source files to /home/javier/ApromoreCE/ApromoreCore/Apromore-Core-Components/Apromore-Manager/target/test-classes
[[1;34mINFO[m] 
[[1;34mINFO[m] [1m--- [0;32mmaven-surefire-plugin:2.14.1:test[m [1m(default-test)[m @ [36mapromore-manager[0;1m ---[m
[[1;34mINFO[m] Surefire report directory: /home/javier/ApromoreCE/ApromoreCore/Apromore-Core-Components/Apromore-Manager/target/surefire-reports

-------------------------------------------------------
 T E S T S
-------------------------------------------------------
OpenJDK 64-Bit Server VM warning: ignoring option MaxPermSize=1024m; support was removed in 8.0
Running org.apromore.exception.ExportFormatExceptionUnitTest
22:33:55,954 |-INFO in ch.qos.logback.classic.LoggerContext[default] - Could NOT find resource [logback.groovy]
22:33:55,954 |-INFO in ch.qos.logback.classic.LoggerContext[default] - Found resource [logback-test.xml] at [file:/home/javier/ApromoreCE/ApromoreCore/Apromore-Core-Components/Apromore-Manager/target/test-classes/logback-test.xml]
22:33:56,053 |-INFO in ch.qos.logback.classic.joran.action.ConfigurationAction - Setting ReconfigureOnChangeFilter scanning period to 30 seconds
22:33:56,053 |-INFO in ReconfigureOnChangeFilter{invocationCounter=0} - Will scan for changes in [[/home/javier/ApromoreCE/ApromoreCore/Apromore-Core-Components/Apromore-Manager/target/test-classes/logback-test.xml]] every 30 seconds. 
22:33:56,054 |-INFO in ch.qos.logback.classic.joran.action.ConfigurationAction - Adding ReconfigureOnChangeFilter as a turbo filter
22:33:56,061 |-INFO in ch.qos.logback.classic.joran.action.LoggerContextListenerAction - Adding LoggerContextListener of type [ch.qos.logback.classic.jul.LevelChangePropagator] to the object stack
22:33:56,072 |-INFO in ch.qos.logback.classic.jul.LevelChangePropagator@627551fb - Propagating DEBUG level on Logger[ROOT] onto the JUL framework
22:33:56,073 |-INFO in ch.qos.logback.classic.joran.action.LoggerContextListenerAction - Starting LoggerContextListener
22:33:56,074 |-INFO in ch.qos.logback.core.joran.action.AppenderAction - About to instantiate appender of type [ch.qos.logback.core.ConsoleAppender]
22:33:56,077 |-INFO in ch.qos.logback.core.joran.action.AppenderAction - Naming appender as [console]
22:33:56,081 |-INFO in ch.qos.logback.core.joran.action.NestedComplexPropertyIA - Assuming default type [ch.qos.logback.classic.encoder.PatternLayoutEncoder] for [encoder] property
22:33:56,104 |-INFO in ch.qos.logback.core.joran.action.AppenderAction - About to instantiate appender of type [ch.qos.logback.core.rolling.RollingFileAppender]
22:33:56,107 |-INFO in ch.qos.logback.core.joran.action.AppenderAction - Naming appender as [jpalogfile]
22:33:56,120 |-INFO in ch.qos.logback.core.rolling.FixedWindowRollingPolicy@87f383f - Will use zip compression
22:33:56,124 |-INFO in ch.qos.logback.core.joran.action.NestedComplexPropertyIA - Assuming default type [ch.qos.logback.classic.encoder.PatternLayoutEncoder] for [encoder] property
22:33:56,128 |-INFO in ch.qos.logback.core.rolling.RollingFileAppender[jpalogfile] - Active log file name: ./target/apromore-test.log
22:33:56,128 |-INFO in ch.qos.logback.core.rolling.RollingFileAppender[jpalogfile] - File property is set to [./target/apromore-test.log]
22:33:56,131 |-INFO in ch.qos.logback.classic.joran.action.LoggerAction - Setting level of logger [org.apromore] to INFO
22:33:56,131 |-INFO in ch.qos.logback.classic.jul.LevelChangePropagator@627551fb - Propagating INFO level on Logger[org.apromore] onto the JUL framework
22:33:56,131 |-INFO in ch.qos.logback.classic.joran.action.LoggerAction - Setting level of logger [com.jolbox.bonecp] to ERROR
22:33:56,131 |-INFO in ch.qos.logback.classic.jul.LevelChangePropagator@627551fb - Propagating ERROR level on Logger[com.jolbox.bonecp] onto the JUL framework
22:33:56,132 |-INFO in ch.qos.logback.classic.joran.action.LoggerAction - Setting level of logger [org.eclipse.persistence] to ERROR
22:33:56,132 |-INFO in ch.qos.logback.classic.jul.LevelChangePropagator@627551fb - Propagating ERROR level on Logger[org.eclipse.persistence] onto the JUL framework
22:33:56,132 |-INFO in ch.qos.logback.classic.joran.action.LoggerAction - Setting level of logger [org.springframework] to ERROR
22:33:56,133 |-INFO in ch.qos.logback.classic.jul.LevelChangePropagator@627551fb - Propagating ERROR level on Logger[org.springframework] onto the JUL framework
22:33:56,133 |-INFO in ch.qos.logback.classic.joran.action.LoggerAction - Setting level of logger [org.springframework.beans.factory] to ERROR
22:33:56,133 |-INFO in ch.qos.logback.classic.jul.LevelChangePropagator@627551fb - Propagating ERROR level on Logger[org.springframework.beans.factory] onto the JUL framework
22:33:56,133 |-INFO in ch.qos.logback.classic.joran.action.LoggerAction - Setting level of logger [org.springframework.orm] to ERROR
22:33:56,133 |-INFO in ch.qos.logback.classic.jul.LevelChangePropagator@627551fb - Propagating ERROR level on Logger[org.springframework.orm] onto the JUL framework
22:33:56,133 |-INFO in ch.qos.logback.core.joran.action.AppenderRefAction - Attaching appender named [jpalogfile] to Logger[org.springframework.orm]
22:33:56,133 |-INFO in ch.qos.logback.classic.joran.action.LoggerAction - Setting level of logger [org.springframework.jdbc] to ERROR
22:33:56,134 |-INFO in ch.qos.logback.classic.jul.LevelChangePropagator@627551fb - Propagating ERROR level on Logger[org.springframework.jdbc] onto the JUL framework
22:33:56,134 |-INFO in ch.qos.logback.core.joran.action.AppenderRefAction - Attaching appender named [jpalogfile] to Logger[org.springframework.jdbc]
22:33:56,134 |-INFO in ch.qos.logback.classic.joran.action.LoggerAction - Setting level of logger [org.springframework.transaction] to ERROR
22:33:56,134 |-INFO in ch.qos.logback.classic.jul.LevelChangePropagator@627551fb - Propagating ERROR level on Logger[org.springframework.transaction] onto the JUL framework
22:33:56,134 |-INFO in ch.qos.logback.core.joran.action.AppenderRefAction - Attaching appender named [jpalogfile] to Logger[org.springframework.transaction]
22:33:56,134 |-INFO in ch.qos.logback.classic.joran.action.RootLoggerAction - Setting level of ROOT logger to INFO
22:33:56,136 |-INFO in ch.qos.logback.classic.jul.LevelChangePropagator@627551fb - Propagating INFO level on Logger[ROOT] onto the JUL framework
22:33:56,138 |-INFO in ch.qos.logback.core.joran.action.AppenderRefAction - Attaching appender named [console] to Logger[ROOT]
22:33:56,138 |-INFO in ch.qos.logback.classic.joran.action.ConfigurationAction - End of configuration.
22:33:56,139 |-INFO in ch.qos.logback.classic.joran.JoranConfigurator@33723e30 - Registering current configuration as safe fallback point
Tests run: 2, Failures: 0, Errors: 0, Skipped: 0, Time elapsed: 0.285 sec
Running org.apromore.exception.NativeFormatNotFoundExceptionUnitTest
Tests run: 2, Failures: 0, Errors: 0, Skipped: 0, Time elapsed: 0.001 sec
Running org.apromore.exception.UserNotFoundExceptionUnitTest
Tests run: 2, Failures: 0, Errors: 0, Skipped: 0, Time elapsed: 0.002 sec
Running org.apromore.mapper.DomainMapperUnitTest
Tests run: 1, Failures: 0, Errors: 0, Skipped: 0, Time elapsed: 0.013 sec
Running org.apromore.mapper.NativeTypeMapperUnitTest
Tests run: 1, Failures: 0, Errors: 0, Skipped: 0, Time elapsed: 0.001 sec
Running org.apromore.mapper.SearchHistoryMapperUnitTest
Tests run: 1, Failures: 0, Errors: 0, Skipped: 0, Time elapsed: 0.002 sec
Running org.apromore.mapper.UserMapperUnitTest
Tests run: 3, Failures: 0, Errors: 0, Skipped: 0, Time elapsed: 0.011 sec
Running org.apromore.service.helper.GraphHelperUnitTest
Tests run: 1, Failures: 0, Errors: 0, Skipped: 1, Time elapsed: 0.002 sec
Running org.apromore.service.impl.CanoniserServiceImplUnitTest
Tests run: 2, Failures: 0, Errors: 0, Skipped: 0, Time elapsed: 0.043 sec
Running org.apromore.service.impl.DeploymentServiceImplUnitTest
Tests run: 1, Failures: 0, Errors: 0, Skipped: 1, Time elapsed: 0 sec
Running org.apromore.service.impl.DomainServiceImplUnitTest
Tests run: 1, Failures: 0, Errors: 0, Skipped: 0, Time elapsed: 0.009 sec
Running org.apromore.service.impl.FormatServiceImplUnitTest
Tests run: 2, Failures: 0, Errors: 0, Skipped: 0, Time elapsed: 0.014 sec
Running org.apromore.service.impl.ProcessServiceImplUnitTest
INFO  ProcessServiceImpl - Authentication is null
Tests run: 1, Failures: 0, Errors: 0, Skipped: 0, Time elapsed: 0.08 sec
Running org.apromore.service.impl.UserServiceImplUnitTest
Tests run: 5, Failures: 0, Errors: 0, Skipped: 0, Time elapsed: 0.011 sec
Running org.apromore.service.model.CanonisedProcessUnitTest
Tests run: 1, Failures: 0, Errors: 0, Skipped: 0, Time elapsed: 0.063 sec
Running org.apromore.service.model.ClusterFilterUnitTest
Tests run: 1, Failures: 0, Errors: 0, Skipped: 0, Time elapsed: 0.002 sec
Running org.apromore.service.model.ClusterUnitTest
Tests run: 2, Failures: 0, Errors: 0, Skipped: 0, Time elapsed: 0.014 sec
Running org.apromore.service.model.FDNodeUnitTest
Tests run: 2, Failures: 0, Errors: 0, Skipped: 0, Time elapsed: 0.004 sec
Running org.apromore.service.model.FSTripleUnitTest
Tests run: 1, Failures: 0, Errors: 0, Skipped: 0, Time elapsed: 0.001 sec
Running org.apromore.service.model.FormatUnitTest
Tests run: 1, Failures: 0, Errors: 0, Skipped: 0, Time elapsed: 0.002 sec
Running org.apromore.service.model.FragmentDAGUnitTest
Tests run: 4, Failures: 0, Errors: 0, Skipped: 0, Time elapsed: 0 sec
Running org.apromore.service.model.MemberFragmentUnitTest
Tests run: 2, Failures: 0, Errors: 0, Skipped: 0, Time elapsed: 0.003 sec
Running org.apromore.service.model.NameValuePairUnitTest
Tests run: 2, Failures: 0, Errors: 0, Skipped: 0, Time elapsed: 0.004 sec
Running org.apromore.service.model.ProcessAssociationUnitTest
Tests run: 1, Failures: 0, Errors: 0, Skipped: 0, Time elapsed: 0 sec
Running org.apromore.service.model.ProcessDataUnitTest
Tests run: 1, Failures: 0, Errors: 0, Skipped: 0, Time elapsed: 0.002 sec
Running org.apromore.service.model.RepoStatsUnitTest
Tests run: 1, Failures: 0, Errors: 0, Skipped: 0, Time elapsed: 0.004 sec
Running org.apromore.service.model.SharedFragmentVersionUnitTest
Tests run: 2, Failures: 0, Errors: 0, Skipped: 0, Time elapsed: 0 sec
Running org.apromore.service.model.SimilarityDataUnitTest
Tests run: 1, Failures: 0, Errors: 0, Skipped: 0, Time elapsed: 0 sec
Running org.apromore.service.model.ToolboxDataUnitTest
Tests run: 2, Failures: 0, Errors: 0, Skipped: 0, Time elapsed: 0.001 sec
Running org.apromore.service.search.SearchExpressionBuilderUnitTest
Tests run: 2, Failures: 0, Errors: 0, Skipped: 0, Time elapsed: 0.005 sec
Running org.apromore.util.StreamUtilUnitTest
Tests run: 8, Failures: 0, Errors: 0, Skipped: 0, Time elapsed: 0.393 sec
Running org.apromore.util.VersionUtilUnitTest
Tests run: 2, Failures: 0, Errors: 0, Skipped: 0, Time elapsed: 0.008 sec

Results :

Tests run: 61, Failures: 0, Errors: 0, Skipped: 2

[[1;34mINFO[m] 
[[1;34mINFO[m] [1m--- [0;32mjacoco-maven-plugin:0.8.4:report[m [1m(report)[m @ [36mapromore-manager[0;1m ---[m
[[1;34mINFO[m] Skipping JaCoCo execution because property jacoco.skip is set.
[[1;34mINFO[m] 
[[1;34mINFO[m] [1m--- [0;32mmaven-bundle-plugin:3.0.1:bundle[m [1m(default-bundle)[m @ [36mapromore-manager[0;1m ---[m
[[1;33mWARNING[m] Bundle org.apromore:apromore-manager:bundle:1.1 : Export org.apromore.service.impl,  has 1,  private references [org.apromore.aop], 
[[1;34mINFO[m] 
[[1;34mINFO[m] [1m--- [0;32mmaven-surefire-plugin:2.14.1:test[m [1m(integration-test)[m @ [36mapromore-manager[0;1m ---[m
[[1;34mINFO[m] Surefire report directory: /home/javier/ApromoreCE/ApromoreCore/Apromore-Core-Components/Apromore-Manager/target/surefire-reports

-------------------------------------------------------
 T E S T S
-------------------------------------------------------
OpenJDK 64-Bit Server VM warning: ignoring option MaxPermSize=1024m; support was removed in 8.0
Running org.apromore.service.helper.UIHelperImplIntgTest
Tests run: 1, Failures: 0, Errors: 0, Skipped: 1, Time elapsed: 0.007 sec
Running org.apromore.service.impl.ExportProcessServiceImplIntgTest
Tests run: 1, Failures: 0, Errors: 0, Skipped: 1, Time elapsed: 0.001 sec
Running org.apromore.service.impl.UpdateProcessServiceImplIntgTest
22:33:58,141 |-INFO in ch.qos.logback.classic.LoggerContext[default] - Could NOT find resource [logback.groovy]
22:33:58,141 |-INFO in ch.qos.logback.classic.LoggerContext[default] - Found resource [logback-test.xml] at [file:/home/javier/ApromoreCE/ApromoreCore/Apromore-Core-Components/Apromore-Manager/target/test-classes/logback-test.xml]
22:33:58,229 |-INFO in ch.qos.logback.classic.joran.action.ConfigurationAction - Setting ReconfigureOnChangeFilter scanning period to 30 seconds
22:33:58,230 |-INFO in ReconfigureOnChangeFilter{invocationCounter=0} - Will scan for changes in [[/home/javier/ApromoreCE/ApromoreCore/Apromore-Core-Components/Apromore-Manager/target/test-classes/logback-test.xml]] every 30 seconds. 
22:33:58,230 |-INFO in ch.qos.logback.classic.joran.action.ConfigurationAction - Adding ReconfigureOnChangeFilter as a turbo filter
22:33:58,234 |-INFO in ch.qos.logback.classic.joran.action.LoggerContextListenerAction - Adding LoggerContextListener of type [ch.qos.logback.classic.jul.LevelChangePropagator] to the object stack
22:33:58,251 |-INFO in ch.qos.logback.classic.jul.LevelChangePropagator@6093dd95 - Propagating DEBUG level on Logger[ROOT] onto the JUL framework
22:33:58,252 |-INFO in ch.qos.logback.classic.joran.action.LoggerContextListenerAction - Starting LoggerContextListener
22:33:58,252 |-INFO in ch.qos.logback.core.joran.action.AppenderAction - About to instantiate appender of type [ch.qos.logback.core.ConsoleAppender]
22:33:58,253 |-INFO in ch.qos.logback.core.joran.action.AppenderAction - Naming appender as [console]
22:33:58,259 |-INFO in ch.qos.logback.core.joran.action.NestedComplexPropertyIA - Assuming default type [ch.qos.logback.classic.encoder.PatternLayoutEncoder] for [encoder] property
22:33:58,283 |-INFO in ch.qos.logback.core.joran.action.AppenderAction - About to instantiate appender of type [ch.qos.logback.core.rolling.RollingFileAppender]
22:33:58,284 |-INFO in ch.qos.logback.core.joran.action.AppenderAction - Naming appender as [jpalogfile]
22:33:58,294 |-INFO in ch.qos.logback.core.rolling.FixedWindowRollingPolicy@5d76b067 - Will use zip compression
22:33:58,298 |-INFO in ch.qos.logback.core.joran.action.NestedComplexPropertyIA - Assuming default type [ch.qos.logback.classic.encoder.PatternLayoutEncoder] for [encoder] property
22:33:58,299 |-INFO in ch.qos.logback.core.rolling.RollingFileAppender[jpalogfile] - Active log file name: ./target/apromore-test.log
22:33:58,299 |-INFO in ch.qos.logback.core.rolling.RollingFileAppender[jpalogfile] - File property is set to [./target/apromore-test.log]
22:33:58,300 |-INFO in ch.qos.logback.classic.joran.action.LoggerAction - Setting level of logger [org.apromore] to INFO
22:33:58,300 |-INFO in ch.qos.logback.classic.jul.LevelChangePropagator@6093dd95 - Propagating INFO level on Logger[org.apromore] onto the JUL framework
22:33:58,300 |-INFO in ch.qos.logback.classic.joran.action.LoggerAction - Setting level of logger [com.jolbox.bonecp] to ERROR
22:33:58,301 |-INFO in ch.qos.logback.classic.jul.LevelChangePropagator@6093dd95 - Propagating ERROR level on Logger[com.jolbox.bonecp] onto the JUL framework
22:33:58,301 |-INFO in ch.qos.logback.classic.joran.action.LoggerAction - Setting level of logger [org.eclipse.persistence] to ERROR
22:33:58,301 |-INFO in ch.qos.logback.classic.jul.LevelChangePropagator@6093dd95 - Propagating ERROR level on Logger[org.eclipse.persistence] onto the JUL framework
22:33:58,301 |-INFO in ch.qos.logback.classic.joran.action.LoggerAction - Setting level of logger [org.springframework] to ERROR
22:33:58,301 |-INFO in ch.qos.logback.classic.jul.LevelChangePropagator@6093dd95 - Propagating ERROR level on Logger[org.springframework] onto the JUL framework
22:33:58,301 |-INFO in ch.qos.logback.classic.joran.action.LoggerAction - Setting level of logger [org.springframework.beans.factory] to ERROR
22:33:58,301 |-INFO in ch.qos.logback.classic.jul.LevelChangePropagator@6093dd95 - Propagating ERROR level on Logger[org.springframework.beans.factory] onto the JUL framework
22:33:58,301 |-INFO in ch.qos.logback.classic.joran.action.LoggerAction - Setting level of logger [org.springframework.orm] to ERROR
22:33:58,302 |-INFO in ch.qos.logback.classic.jul.LevelChangePropagator@6093dd95 - Propagating ERROR level on Logger[org.springframework.orm] onto the JUL framework
22:33:58,302 |-INFO in ch.qos.logback.core.joran.action.AppenderRefAction - Attaching appender named [jpalogfile] to Logger[org.springframework.orm]
22:33:58,302 |-INFO in ch.qos.logback.classic.joran.action.LoggerAction - Setting level of logger [org.springframework.jdbc] to ERROR
22:33:58,302 |-INFO in ch.qos.logback.classic.jul.LevelChangePropagator@6093dd95 - Propagating ERROR level on Logger[org.springframework.jdbc] onto the JUL framework
22:33:58,302 |-INFO in ch.qos.logback.core.joran.action.AppenderRefAction - Attaching appender named [jpalogfile] to Logger[org.springframework.jdbc]
22:33:58,302 |-INFO in ch.qos.logback.classic.joran.action.LoggerAction - Setting level of logger [org.springframework.transaction] to ERROR
22:33:58,302 |-INFO in ch.qos.logback.classic.jul.LevelChangePropagator@6093dd95 - Propagating ERROR level on Logger[org.springframework.transaction] onto the JUL framework
22:33:58,303 |-INFO in ch.qos.logback.core.joran.action.AppenderRefAction - Attaching appender named [jpalogfile] to Logger[org.springframework.transaction]
22:33:58,303 |-INFO in ch.qos.logback.classic.joran.action.RootLoggerAction - Setting level of ROOT logger to INFO
22:33:58,303 |-INFO in ch.qos.logback.classic.jul.LevelChangePropagator@6093dd95 - Propagating INFO level on Logger[ROOT] onto the JUL framework
22:33:58,303 |-INFO in ch.qos.logback.core.joran.action.AppenderRefAction - Attaching appender named [console] to Logger[ROOT]
22:33:58,303 |-INFO in ch.qos.logback.classic.joran.action.ConfigurationAction - End of configuration.
22:33:58,304 |-INFO in ch.qos.logback.classic.joran.JoranConfigurator@27a5f880 - Registering current configuration as safe fallback point
Tests run: 1, Failures: 0, Errors: 0, Skipped: 1, Time elapsed: 0.238 sec

Results :

Tests run: 3, Failures: 0, Errors: 0, Skipped: 3

[[1;34mINFO[m] 
[[1;34mINFO[m] [1m--- [0;32mmaven-source-plugin:2.2.1:jar-no-fork[m [1m(generate-sources)[m @ [36mapromore-manager[0;1m ---[m
[[1;34mINFO[m] Building jar: /home/javier/ApromoreCE/ApromoreCore/Apromore-Core-Components/Apromore-Manager/target/manager-sources.jar
[[1;34mINFO[m] 
[[1;34mINFO[m] [1m--- [0;32mmaven-checkstyle-plugin:2.10:checkstyle[m [1m(run-checkstyle)[m @ [36mapromore-manager[0;1m ---[m
[[1;34mINFO[m] 
[[1;34mINFO[m] [1m--- [0;32mjacoco-maven-plugin:0.8.4:check[m [1m(check)[m @ [36mapromore-manager[0;1m ---[m
[[1;34mINFO[m] Skipping JaCoCo execution because property jacoco.skip is set.
[[1;34mINFO[m] 
[[1;34mINFO[m] [1m--- [0;32mmaven-install-plugin:2.4:install[m [1m(default-install)[m @ [36mapromore-manager[0;1m ---[m
[[1;34mINFO[m] Installing /home/javier/ApromoreCE/ApromoreCore/Apromore-Core-Components/Apromore-Manager/target/manager.jar to /home/javier/.m2/repository/org/apromore/apromore-manager/1.1/apromore-manager-1.1.jar
[[1;34mINFO[m] Installing /home/javier/ApromoreCE/ApromoreCore/Apromore-Core-Components/Apromore-Manager/pom.xml to /home/javier/.m2/repository/org/apromore/apromore-manager/1.1/apromore-manager-1.1.pom
[[1;34mINFO[m] Installing /home/javier/ApromoreCE/ApromoreCore/Apromore-Core-Components/Apromore-Manager/target/manager-sources.jar to /home/javier/.m2/repository/org/apromore/apromore-manager/1.1/apromore-manager-1.1-sources.jar
[[1;34mINFO[m] 
[[1;34mINFO[m] [1m--- [0;32mmaven-bundle-plugin:3.0.1:install[m [1m(default-install)[m @ [36mapromore-manager[0;1m ---[m
[[1;34mINFO[m] Installing org/apromore/apromore-manager/1.1/apromore-manager-1.1.jar
[[1;34mINFO[m] Writing OBR metadata
[[1;34mINFO[m] 
[[1;34mINFO[m] [1m--------------------< [0;36morg.apromore:manager-client[0;1m >---------------------[m
[[1;34mINFO[m] [1mBuilding Apromore Manager Client 1.1                            [38/124][m
[[1;34mINFO[m] [1m--------------------------------[ jar ]---------------------------------[m
[[1;34mINFO[m] 
[[1;34mINFO[m] [1m--- [0;32mmaven-clean-plugin:2.5:clean[m [1m(default-clean)[m @ [36mmanager-client[0;1m ---[m
[[1;34mINFO[m] Deleting /home/javier/ApromoreCE/ApromoreCore/Apromore-Clients/manager-client/target
[[1;34mINFO[m] Deleting /home/javier/ApromoreCE/ApromoreCore/Apromore-Clients/manager-client (includes = [surefire*], excludes = [])
[[1;34mINFO[m] 
[[1;34mINFO[m] [1m--- [0;32mmaven-enforcer-plugin:1.3:enforce[m [1m(enforce-banned-dependencies)[m @ [36mmanager-client[0;1m ---[m
[[1;34mINFO[m] 
[[1;34mINFO[m] [1m--- [0;32mgit-commit-id-plugin:2.2.1:revision[m [1m(get-the-git-infos)[m @ [36mmanager-client[0;1m ---[m
[[1;34mINFO[m] 
[[1;34mINFO[m] [1m--- [0;32mjacoco-maven-plugin:0.8.4:prepare-agent[m [1m(prepare-agent)[m @ [36mmanager-client[0;1m ---[m
[[1;34mINFO[m] Skipping JaCoCo execution because property jacoco.skip is set.
[[1;34mINFO[m] argLine set to empty
[[1;34mINFO[m] 
[[1;34mINFO[m] [1m--- [0;32mmaven-resources-plugin:2.6:resources[m [1m(default-resources)[m @ [36mmanager-client[0;1m ---[m
[[1;34mINFO[m] Using 'UTF-8' encoding to copy filtered resources.
[[1;34mINFO[m] Copying 2 resources
[[1;34mINFO[m] 
[[1;34mINFO[m] [1m--- [0;32mmaven-jxr-plugin:2.3:jxr[m [1m(default)[m @ [36mmanager-client[0;1m ---[m
[[1;34mINFO[m] 
[[1;34mINFO[m] [1m--- [0;32mmaven-compiler-plugin:3.0:compile[m [1m(default-compile)[m @ [36mmanager-client[0;1m ---[m
[[1;34mINFO[m] Changes detected - recompiling the module!
[[1;34mINFO[m] Compiling 8 source files to /home/javier/ApromoreCE/ApromoreCore/Apromore-Clients/manager-client/target/classes
[[1;34mINFO[m] 
[[1;34mINFO[m] [1m--- [0;32mmaven-bundle-plugin:3.0.1:manifest[m [1m(bundle-manifest)[m @ [36mmanager-client[0;1m ---[m
[[1;34mINFO[m] 
[[1;34mINFO[m] [1m--- [0;32mmaven-resources-plugin:2.6:testResources[m [1m(default-testResources)[m @ [36mmanager-client[0;1m ---[m
[[1;34mINFO[m] Using 'UTF-8' encoding to copy filtered resources.
[[1;34mINFO[m] skip non existing resourceDirectory /home/javier/ApromoreCE/ApromoreCore/Apromore-Clients/manager-client/src/test/resources
[[1;34mINFO[m] 
[[1;34mINFO[m] [1m--- [0;32mmaven-compiler-plugin:3.0:testCompile[m [1m(default-testCompile)[m @ [36mmanager-client[0;1m ---[m
[[1;34mINFO[m] Changes detected - recompiling the module!
[[1;34mINFO[m] Compiling 2 source files to /home/javier/ApromoreCE/ApromoreCore/Apromore-Clients/manager-client/target/test-classes
[[1;34mINFO[m] 
[[1;34mINFO[m] [1m--- [0;32mmaven-surefire-plugin:2.14.1:test[m [1m(default-test)[m @ [36mmanager-client[0;1m ---[m
[[1;34mINFO[m] Surefire report directory: /home/javier/ApromoreCE/ApromoreCore/Apromore-Clients/manager-client/target/surefire-reports

-------------------------------------------------------
 T E S T S
-------------------------------------------------------
OpenJDK 64-Bit Server VM warning: ignoring option MaxPermSize=1024m; support was removed in 8.0
Running org.apromore.manager.client.helper.CanoniserHelperUnitTest
22:34:02,152 |-INFO in ch.qos.logback.classic.LoggerContext[default] - Could NOT find resource [logback.groovy]
22:34:02,152 |-INFO in ch.qos.logback.classic.LoggerContext[default] - Could NOT find resource [logback-test.xml]
22:34:02,152 |-INFO in ch.qos.logback.classic.LoggerContext[default] - Found resource [logback.xml] at [jar:file:/home/javier/ApromoreCE/ApromoreCore/Apromore-Core-Components/Apromore-Manager/target/manager.jar!/logback.xml]
22:34:02,165 |-INFO in ch.qos.logback.core.joran.spi.ConfigurationWatchList@56aac163 - URL [jar:file:/home/javier/ApromoreCE/ApromoreCore/Apromore-Core-Components/Apromore-Manager/target/manager.jar!/logback.xml] is not of type file
22:34:02,200 |-INFO in ch.qos.logback.classic.joran.action.ConfigurationAction - debug attribute not set
22:34:02,204 |-INFO in ch.qos.logback.classic.joran.action.ConfigurationAction - Setting ReconfigureOnChangeFilter scanning period to 30 seconds
22:34:02,204 |-INFO in ReconfigureOnChangeFilter{invocationCounter=0} - Will scan for changes in [[]] every 30 seconds. 
22:34:02,204 |-INFO in ch.qos.logback.classic.joran.action.ConfigurationAction - Adding ReconfigureOnChangeFilter as a turbo filter
22:34:02,209 |-INFO in ch.qos.logback.classic.joran.action.JMXConfiguratorAction - begin
22:34:02,292 |-INFO in ch.qos.logback.core.joran.action.StatusListenerAction - Added status listener of type [ch.qos.logback.core.status.OnConsoleStatusListener]
22:34:02,308 |-INFO in ch.qos.logback.classic.joran.action.LoggerContextListenerAction - Adding LoggerContextListener of type [ch.qos.logback.classic.jul.LevelChangePropagator] to the object stack
22:34:02,321 |-INFO in ch.qos.logback.classic.jul.LevelChangePropagator@59e5ddf - Propagating DEBUG level on Logger[ROOT] onto the JUL framework
22:34:02,325 |-INFO in ch.qos.logback.classic.joran.action.LoggerContextListenerAction - Starting LoggerContextListener
22:34:02,326 |-INFO in ch.qos.logback.core.joran.action.AppenderAction - About to instantiate appender of type [ch.qos.logback.core.ConsoleAppender]
22:34:02,328 |-INFO in ch.qos.logback.core.joran.action.AppenderAction - Naming appender as [CONSOLE]
22:34:02,335 |-INFO in ch.qos.logback.core.joran.action.NestedComplexPropertyIA - Assuming default type [ch.qos.logback.classic.encoder.PatternLayoutEncoder] for [encoder] property
22:34:02,365 |-INFO in ch.qos.logback.core.joran.action.AppenderAction - About to instantiate appender of type [ch.qos.logback.core.rolling.RollingFileAppender]
22:34:02,369 |-INFO in ch.qos.logback.core.joran.action.AppenderAction - Naming appender as [FILE]
22:34:02,380 |-INFO in ch.qos.logback.core.rolling.FixedWindowRollingPolicy@149494d8 - Will use zip compression
22:34:02,388 |-INFO in ch.qos.logback.core.joran.action.NestedComplexPropertyIA - Assuming default type [ch.qos.logback.classic.encoder.PatternLayoutEncoder] for [encoder] property
22:34:02,390 |-INFO in ch.qos.logback.core.rolling.RollingFileAppender[FILE] - Active log file name: catalina.home_IS_UNDEFINED/logs/Manager.log
22:34:02,390 |-INFO in ch.qos.logback.core.rolling.RollingFileAppender[FILE] - File property is set to [catalina.home_IS_UNDEFINED/logs/Manager.log]
22:34:02,394 |-INFO in ch.qos.logback.classic.jul.LevelChangePropagator@59e5ddf - Propagating INFO level on Logger[org.apromore] onto the JUL framework
22:34:02,396 |-INFO in ch.qos.logback.classic.joran.action.LevelAction - org.apromore level set to INFO
22:34:02,396 |-INFO in ch.qos.logback.core.joran.action.AppenderRefAction - Attaching appender named [FILE] to Logger[org.apromore]
22:34:02,398 |-INFO in ch.qos.logback.classic.jul.LevelChangePropagator@59e5ddf - Propagating TRACE level on Logger[org.springframework.ws.server.MessageTracing] onto the JUL framework
22:34:02,399 |-INFO in ch.qos.logback.classic.joran.action.LevelAction - org.springframework.ws.server.MessageTracing level set to TRACE
22:34:02,399 |-INFO in ch.qos.logback.core.joran.action.AppenderRefAction - Attaching appender named [FILE] to Logger[org.springframework.ws.server.MessageTracing]
22:34:02,400 |-INFO in ch.qos.logback.classic.jul.LevelChangePropagator@59e5ddf - Propagating TRACE level on Logger[org.springframework.ws.soap.server.endpoint.interceptor.SoapEnvelopeLoggingInterceptor] onto the JUL framework
22:34:02,405 |-INFO in ch.qos.logback.classic.joran.action.LevelAction - org.springframework.ws.soap.server.endpoint.interceptor.SoapEnvelopeLoggingInterceptor level set to TRACE
22:34:02,405 |-INFO in ch.qos.logback.core.joran.action.AppenderRefAction - Attaching appender named [FILE] to Logger[org.springframework.ws.soap.server.endpoint.interceptor.SoapEnvelopeLoggingInterceptor]
22:34:02,406 |-INFO in ch.qos.logback.classic.jul.LevelChangePropagator@59e5ddf - Propagating TRACE level on Logger[org.springframework.ws.server.endpoint.interceptor.PayloadLoggingInterceptor] onto the JUL framework
22:34:02,406 |-INFO in ch.qos.logback.classic.joran.action.LevelAction - org.springframework.ws.server.endpoint.interceptor.PayloadLoggingInterceptor level set to TRACE
22:34:02,406 |-INFO in ch.qos.logback.core.joran.action.AppenderRefAction - Attaching appender named [FILE] to Logger[org.springframework.ws.server.endpoint.interceptor.PayloadLoggingInterceptor]
22:34:02,406 |-INFO in ch.qos.logback.classic.jul.LevelChangePropagator@59e5ddf - Propagating TRACE level on Logger[org.springframework] onto the JUL framework
22:34:02,406 |-INFO in ch.qos.logback.classic.joran.action.LevelAction - org.springframework level set to TRACE
22:34:02,406 |-INFO in ch.qos.logback.core.joran.action.AppenderRefAction - Attaching appender named [FILE] to Logger[org.springframework]
22:34:02,407 |-INFO in ch.qos.logback.classic.joran.action.LoggerAction - Setting level of logger [org.eclipse.persistence] to WARN
22:34:02,407 |-INFO in ch.qos.logback.classic.jul.LevelChangePropagator@59e5ddf - Propagating WARN level on Logger[org.eclipse.persistence] onto the JUL framework
22:34:02,407 |-INFO in ch.qos.logback.classic.joran.action.LoggerAction - Setting level of logger [javax.xml] to WARN
22:34:02,407 |-INFO in ch.qos.logback.classic.jul.LevelChangePropagator@59e5ddf - Propagating WARN level on Logger[javax.xml] onto the JUL framework
22:34:02,407 |-INFO in ch.qos.logback.classic.joran.action.LoggerAction - Setting level of logger [com.sun] to WARN
22:34:02,407 |-INFO in ch.qos.logback.classic.jul.LevelChangePropagator@59e5ddf - Propagating WARN level on Logger[com.sun] onto the JUL framework
22:34:02,407 |-INFO in ch.qos.logback.classic.joran.action.LoggerAction - Setting level of logger [org.ehcache] to DEBUG
22:34:02,407 |-INFO in ch.qos.logback.classic.jul.LevelChangePropagator@59e5ddf - Propagating DEBUG level on Logger[org.ehcache] onto the JUL framework
22:34:02,407 |-INFO in ch.qos.logback.classic.joran.action.LoggerAction - Setting level of logger [net.sf.ehcache] to DEBUG
22:34:02,408 |-INFO in ch.qos.logback.classic.jul.LevelChangePropagator@59e5ddf - Propagating DEBUG level on Logger[net.sf.ehcache] onto the JUL framework
22:34:02,408 |-INFO in ch.qos.logback.classic.joran.action.RootLoggerAction - Setting level of ROOT logger to DEBUG
22:34:02,408 |-INFO in ch.qos.logback.core.joran.action.AppenderRefAction - Attaching appender named [CONSOLE] to Logger[ROOT]
22:34:02,408 |-INFO in ch.qos.logback.core.joran.action.AppenderRefAction - Attaching appender named [FILE] to Logger[ROOT]
22:34:02,408 |-INFO in ch.qos.logback.classic.joran.action.ConfigurationAction - End of configuration.
22:34:02,408 |-INFO in ch.qos.logback.classic.joran.JoranConfigurator@17211155 - Registering current configuration as safe fallback point
Tests run: 1, Failures: 0, Errors: 0, Skipped: 0, Time elapsed: 0.332 sec
Running org.apromore.manager.client.helper.PluginHelperUnitTest
Tests run: 6, Failures: 0, Errors: 0, Skipped: 0, Time elapsed: 0.015 sec

Results :

Tests run: 7, Failures: 0, Errors: 0, Skipped: 0

[[1;34mINFO[m] 
[[1;34mINFO[m] [1m--- [0;32mjacoco-maven-plugin:0.8.4:report[m [1m(report)[m @ [36mmanager-client[0;1m ---[m
[[1;34mINFO[m] Skipping JaCoCo execution because property jacoco.skip is set.
[[1;34mINFO[m] 
[[1;34mINFO[m] [1m--- [0;32mmaven-jar-plugin:2.3.2:jar[m [1m(default-jar)[m @ [36mmanager-client[0;1m ---[m
[[1;34mINFO[m] Building jar: /home/javier/ApromoreCE/ApromoreCore/Apromore-Clients/manager-client/target/manager-client.jar
[[1;34mINFO[m] 
[[1;34mINFO[m] [1m--- [0;32mmaven-surefire-plugin:2.14.1:test[m [1m(integration-test)[m @ [36mmanager-client[0;1m ---[m
[[1;34mINFO[m] 
[[1;34mINFO[m] [1m--- [0;32mmaven-source-plugin:2.2.1:jar-no-fork[m [1m(generate-sources)[m @ [36mmanager-client[0;1m ---[m
[[1;34mINFO[m] Building jar: /home/javier/ApromoreCE/ApromoreCore/Apromore-Clients/manager-client/target/manager-client-sources.jar
[[1;34mINFO[m] 
[[1;34mINFO[m] [1m--- [0;32mmaven-checkstyle-plugin:2.10:checkstyle[m [1m(run-checkstyle)[m @ [36mmanager-client[0;1m ---[m
[[1;34mINFO[m] 
[[1;34mINFO[m] [1m--- [0;32mjacoco-maven-plugin:0.8.4:check[m [1m(check)[m @ [36mmanager-client[0;1m ---[m
[[1;34mINFO[m] Skipping JaCoCo execution because property jacoco.skip is set.
[[1;34mINFO[m] 
[[1;34mINFO[m] [1m--- [0;32mmaven-install-plugin:2.4:install[m [1m(default-install)[m @ [36mmanager-client[0;1m ---[m
[[1;34mINFO[m] Installing /home/javier/ApromoreCE/ApromoreCore/Apromore-Clients/manager-client/target/manager-client.jar to /home/javier/.m2/repository/org/apromore/manager-client/1.1/manager-client-1.1.jar
[[1;34mINFO[m] Installing /home/javier/ApromoreCE/ApromoreCore/Apromore-Clients/manager-client/pom.xml to /home/javier/.m2/repository/org/apromore/manager-client/1.1/manager-client-1.1.pom
[[1;34mINFO[m] Installing /home/javier/ApromoreCE/ApromoreCore/Apromore-Clients/manager-client/target/manager-client-sources.jar to /home/javier/.m2/repository/org/apromore/manager-client/1.1/manager-client-1.1-sources.jar
[[1;34mINFO[m] 
[[1;34mINFO[m] [1m---------------< [0;36morg.apromore.plugin:editor-plugin-api[0;1m >----------------[m
[[1;34mINFO[m] [1mBuilding Apromore Editor Plugin API 1.1                         [39/124][m
[[1;34mINFO[m] [1m-------------------------------[ bundle ]-------------------------------[m
[[1;34mINFO[m] 
[[1;34mINFO[m] [1m--- [0;32mmaven-clean-plugin:2.5:clean[m [1m(default-clean)[m @ [36meditor-plugin-api[0;1m ---[m
[[1;34mINFO[m] Deleting /home/javier/ApromoreCE/ApromoreCore/Apromore-Plugins/plugin-core/editor/api/target
[[1;34mINFO[m] Deleting /home/javier/ApromoreCE/ApromoreCore/Apromore-Plugins/plugin-core/editor/api (includes = [surefire*], excludes = [])
[[1;34mINFO[m] 
[[1;34mINFO[m] [1m--- [0;32mmaven-enforcer-plugin:1.3:enforce[m [1m(enforce-banned-dependencies)[m @ [36meditor-plugin-api[0;1m ---[m
[[1;34mINFO[m] 
[[1;34mINFO[m] [1m--- [0;32mgit-commit-id-plugin:2.2.1:revision[m [1m(get-the-git-infos)[m @ [36meditor-plugin-api[0;1m ---[m
[[1;34mINFO[m] 
[[1;34mINFO[m] [1m--- [0;32mjacoco-maven-plugin:0.8.4:prepare-agent[m [1m(prepare-agent)[m @ [36meditor-plugin-api[0;1m ---[m
[[1;34mINFO[m] Skipping JaCoCo execution because property jacoco.skip is set.
[[1;34mINFO[m] argLine set to empty
[[1;34mINFO[m] 
[[1;34mINFO[m] [1m--- [0;32mmaven-resources-plugin:2.6:resources[m [1m(default-resources)[m @ [36meditor-plugin-api[0;1m ---[m
[[1;34mINFO[m] Using 'UTF-8' encoding to copy filtered resources.
[[1;34mINFO[m] skip non existing resourceDirectory /home/javier/ApromoreCE/ApromoreCore/Apromore-Plugins/plugin-core/editor/api/src/main/resources
[[1;34mINFO[m] 
[[1;34mINFO[m] [1m--- [0;32mmaven-jxr-plugin:2.3:jxr[m [1m(default)[m @ [36meditor-plugin-api[0;1m ---[m
[[1;34mINFO[m] 
[[1;34mINFO[m] [1m--- [0;32mmaven-compiler-plugin:3.0:compile[m [1m(default-compile)[m @ [36meditor-plugin-api[0;1m ---[m
[[1;34mINFO[m] Changes detected - recompiling the module!
[[1;34mINFO[m] Compiling 2 source files to /home/javier/ApromoreCE/ApromoreCore/Apromore-Plugins/plugin-core/editor/api/target/classes
[[1;34mINFO[m] 
[[1;34mINFO[m] [1m--- [0;32mmaven-bundle-plugin:3.0.1:manifest[m [1m(bundle-manifest)[m @ [36meditor-plugin-api[0;1m ---[m
[[1;34mINFO[m] 
[[1;34mINFO[m] [1m--- [0;32mmaven-resources-plugin:2.6:testResources[m [1m(default-testResources)[m @ [36meditor-plugin-api[0;1m ---[m
[[1;34mINFO[m] Using 'UTF-8' encoding to copy filtered resources.
[[1;34mINFO[m] skip non existing resourceDirectory /home/javier/ApromoreCE/ApromoreCore/Apromore-Plugins/plugin-core/editor/api/src/test/resources
[[1;34mINFO[m] 
[[1;34mINFO[m] [1m--- [0;32mmaven-compiler-plugin:3.0:testCompile[m [1m(default-testCompile)[m @ [36meditor-plugin-api[0;1m ---[m
[[1;34mINFO[m] No sources to compile
[[1;34mINFO[m] 
[[1;34mINFO[m] [1m--- [0;32mmaven-surefire-plugin:2.14.1:test[m [1m(default-test)[m @ [36meditor-plugin-api[0;1m ---[m
[[1;34mINFO[m] No tests to run.
[[1;34mINFO[m] 
[[1;34mINFO[m] [1m--- [0;32mjacoco-maven-plugin:0.8.4:report[m [1m(report)[m @ [36meditor-plugin-api[0;1m ---[m
[[1;34mINFO[m] Skipping JaCoCo execution because property jacoco.skip is set.
[[1;34mINFO[m] 
[[1;34mINFO[m] [1m--- [0;32mmaven-bundle-plugin:3.0.1:bundle[m [1m(default-bundle)[m @ [36meditor-plugin-api[0;1m ---[m
[[1;34mINFO[m] 
[[1;34mINFO[m] [1m--- [0;32mmaven-surefire-plugin:2.14.1:test[m [1m(integration-test)[m @ [36meditor-plugin-api[0;1m ---[m
[[1;34mINFO[m] No tests to run.
[[1;34mINFO[m] 
[[1;34mINFO[m] [1m--- [0;32mmaven-source-plugin:2.2.1:jar-no-fork[m [1m(generate-sources)[m @ [36meditor-plugin-api[0;1m ---[m
[[1;34mINFO[m] Building jar: /home/javier/ApromoreCE/ApromoreCore/Apromore-Plugins/plugin-core/editor/api/target/editor-plugin-api-1.1-sources.jar
[[1;34mINFO[m] 
[[1;34mINFO[m] [1m--- [0;32mmaven-checkstyle-plugin:2.10:checkstyle[m [1m(run-checkstyle)[m @ [36meditor-plugin-api[0;1m ---[m
[[1;34mINFO[m] 
[[1;34mINFO[m] [1m--- [0;32mjacoco-maven-plugin:0.8.4:check[m [1m(check)[m @ [36meditor-plugin-api[0;1m ---[m
[[1;34mINFO[m] Skipping JaCoCo execution because property jacoco.skip is set.
[[1;34mINFO[m] 
[[1;34mINFO[m] [1m--- [0;32mmaven-install-plugin:2.4:install[m [1m(default-install)[m @ [36meditor-plugin-api[0;1m ---[m
[[1;34mINFO[m] Installing /home/javier/ApromoreCE/ApromoreCore/Apromore-Plugins/plugin-core/editor/api/target/editor-plugin-api-1.1.jar to /home/javier/.m2/repository/org/apromore/plugin/editor-plugin-api/1.1/editor-plugin-api-1.1.jar
[[1;34mINFO[m] Installing /home/javier/ApromoreCE/ApromoreCore/Apromore-Plugins/plugin-core/editor/api/pom.xml to /home/javier/.m2/repository/org/apromore/plugin/editor-plugin-api/1.1/editor-plugin-api-1.1.pom
[[1;34mINFO[m] Installing /home/javier/ApromoreCE/ApromoreCore/Apromore-Plugins/plugin-core/editor/api/target/editor-plugin-api-1.1-sources.jar to /home/javier/.m2/repository/org/apromore/plugin/editor-plugin-api/1.1/editor-plugin-api-1.1-sources.jar
[[1;34mINFO[m] 
[[1;34mINFO[m] [1m--- [0;32mmaven-bundle-plugin:3.0.1:install[m [1m(default-install)[m @ [36meditor-plugin-api[0;1m ---[m
[[1;34mINFO[m] Installing org/apromore/plugin/editor-plugin-api/1.1/editor-plugin-api-1.1.jar
[[1;34mINFO[m] Writing OBR metadata
[[1;34mINFO[m] 
[[1;34mINFO[m] [1m--------------------< [0;36morg.apromore:apromore-portal[0;1m >--------------------[m
[[1;34mINFO[m] [1mBuilding Apromore Portal 1.1                                    [40/124][m
[[1;34mINFO[m] [1m--------------------------------[ war ]---------------------------------[m
[[1;34mINFO[m] 
[[1;34mINFO[m] [1m--- [0;32mmaven-clean-plugin:2.5:clean[m [1m(default-clean)[m @ [36mapromore-portal[0;1m ---[m
[[1;34mINFO[m] Deleting /home/javier/ApromoreCE/ApromoreCore/Apromore-Core-Components/Apromore-Portal/target
[[1;34mINFO[m] Deleting /home/javier/ApromoreCE/ApromoreCore/Apromore-Core-Components/Apromore-Portal (includes = [surefire*], excludes = [])
[[1;34mINFO[m] 
[[1;34mINFO[m] [1m--- [0;32mmaven-enforcer-plugin:1.3:enforce[m [1m(enforce-banned-dependencies)[m @ [36mapromore-portal[0;1m ---[m
[[1;34mINFO[m] 
[[1;34mINFO[m] [1m--- [0;32mgit-commit-id-plugin:2.2.1:revision[m [1m(get-the-git-infos)[m @ [36mapromore-portal[0;1m ---[m
[[1;34mINFO[m] 
[[1;34mINFO[m] [1m--- [0;32mjacoco-maven-plugin:0.8.4:prepare-agent[m [1m(prepare-agent)[m @ [36mapromore-portal[0;1m ---[m
[[1;34mINFO[m] Skipping JaCoCo execution because property jacoco.skip is set.
[[1;34mINFO[m] argLine set to empty
[[1;34mINFO[m] 
[[1;34mINFO[m] [1m--- [0;32mproperties-maven-plugin:1.0-alpha-2:read-project-properties[m [1m(default)[m @ [36mapromore-portal[0;1m ---[m
[[1;34mINFO[m] 
[[1;34mINFO[m] [1m--- [0;32mmaven-resources-plugin:2.6:resources[m [1m(default-resources)[m @ [36mapromore-portal[0;1m ---[m
[[1;34mINFO[m] Using 'UTF-8' encoding to copy filtered resources.
[[1;34mINFO[m] Copying 6 resources
[[1;34mINFO[m] 
[[1;34mINFO[m] [1m--- [0;32mmaven-jxr-plugin:2.3:jxr[m [1m(default)[m @ [36mapromore-portal[0;1m ---[m
[[1;34mINFO[m] 
[[1;34mINFO[m] [1m--- [0;32mmaven-compiler-plugin:3.0:compile[m [1m(default-compile)[m @ [36mapromore-portal[0;1m ---[m
[[1;34mINFO[m] Changes detected - recompiling the module!
[[1;34mINFO[m] Compiling 106 source files to /home/javier/ApromoreCE/ApromoreCore/Apromore-Core-Components/Apromore-Portal/target/classes
[[1;34mINFO[m] 
[[1;34mINFO[m] [1m--- [0;32mmaven-bundle-plugin:3.0.1:manifest[m [1m(bundle-manifest)[m @ [36mapromore-portal[0;1m ---[m
[[1;33mWARNING[m] Manifest org.apromore:apromore-portal:war:1.1 : No sub JAR or directory WEB-INF/classes
[[1;34mINFO[m] 
[[1;34mINFO[m] [1m--- [0;32mmaven-resources-plugin:2.6:testResources[m [1m(default-testResources)[m @ [36mapromore-portal[0;1m ---[m
[[1;34mINFO[m] Using 'UTF-8' encoding to copy filtered resources.
[[1;34mINFO[m] Copying 2 resources
[[1;34mINFO[m] 
[[1;34mINFO[m] [1m--- [0;32mmaven-compiler-plugin:3.0:testCompile[m [1m(default-testCompile)[m @ [36mapromore-portal[0;1m ---[m
[[1;34mINFO[m] Changes detected - recompiling the module!
[[1;34mINFO[m] Compiling 3 source files to /home/javier/ApromoreCE/ApromoreCore/Apromore-Core-Components/Apromore-Portal/target/test-classes
[[1;34mINFO[m] 
[[1;34mINFO[m] [1m--- [0;32mmaven-surefire-plugin:2.14.1:test[m [1m(default-test)[m @ [36mapromore-portal[0;1m ---[m
[[1;34mINFO[m] Surefire report directory: /home/javier/ApromoreCE/ApromoreCore/Apromore-Core-Components/Apromore-Portal/target/surefire-reports

-------------------------------------------------------
 T E S T S
-------------------------------------------------------
OpenJDK 64-Bit Server VM warning: ignoring option MaxPermSize=1024m; support was removed in 8.0
Running org.apromore.portal.dialogController.ImportControllerUnitTest
22:34:09,513 |-INFO in ch.qos.logback.classic.LoggerContext[default] - Could NOT find resource [logback.groovy]
22:34:09,513 |-INFO in ch.qos.logback.classic.LoggerContext[default] - Could NOT find resource [logback-test.xml]
22:34:09,513 |-INFO in ch.qos.logback.classic.LoggerContext[default] - Found resource [logback.xml] at [file:/home/javier/ApromoreCE/ApromoreCore/Apromore-Core-Components/Apromore-Portal/target/classes/logback.xml]
22:34:09,513 |-WARN in ch.qos.logback.classic.LoggerContext[default] - Resource [logback.xml] occurs multiple times on the classpath.
22:34:09,513 |-WARN in ch.qos.logback.classic.LoggerContext[default] - Resource [logback.xml] occurs at [file:/home/javier/ApromoreCE/ApromoreCore/Apromore-Core-Components/Apromore-Portal/target/classes/logback.xml]
22:34:09,513 |-WARN in ch.qos.logback.classic.LoggerContext[default] - Resource [logback.xml] occurs at [jar:file:/home/javier/ApromoreCE/ApromoreCore/Apromore-Core-Components/Apromore-Manager/target/manager.jar!/logback.xml]
22:34:09,579 |-INFO in ch.qos.logback.classic.joran.action.ConfigurationAction - debug attribute not set
22:34:09,584 |-INFO in ch.qos.logback.classic.joran.action.ConfigurationAction - Setting ReconfigureOnChangeFilter scanning period to 30 seconds
22:34:09,584 |-INFO in ReconfigureOnChangeFilter{invocationCounter=0} - Will scan for changes in [[/home/javier/ApromoreCE/ApromoreCore/Apromore-Core-Components/Apromore-Portal/target/classes/logback.xml]] every 30 seconds. 
22:34:09,584 |-INFO in ch.qos.logback.classic.joran.action.ConfigurationAction - Adding ReconfigureOnChangeFilter as a turbo filter
22:34:09,589 |-INFO in ch.qos.logback.classic.joran.action.JMXConfiguratorAction - begin
22:34:09,698 |-INFO in ch.qos.logback.core.joran.action.StatusListenerAction - Added status listener of type [ch.qos.logback.core.status.OnConsoleStatusListener]
22:34:09,720 |-INFO in ch.qos.logback.classic.joran.action.LoggerContextListenerAction - Adding LoggerContextListener of type [ch.qos.logback.classic.jul.LevelChangePropagator] to the object stack
22:34:09,732 |-INFO in ch.qos.logback.classic.jul.LevelChangePropagator@2641e737 - Propagating DEBUG level on Logger[ROOT] onto the JUL framework
22:34:09,733 |-INFO in ch.qos.logback.classic.joran.action.LoggerContextListenerAction - Starting LoggerContextListener
22:34:09,733 |-INFO in ch.qos.logback.core.joran.action.AppenderAction - About to instantiate appender of type [ch.qos.logback.core.ConsoleAppender]
22:34:09,734 |-INFO in ch.qos.logback.core.joran.action.AppenderAction - Naming appender as [CONSOLE]
22:34:09,741 |-INFO in ch.qos.logback.core.joran.action.NestedComplexPropertyIA - Assuming default type [ch.qos.logback.classic.encoder.PatternLayoutEncoder] for [encoder] property
22:34:09,769 |-INFO in ch.qos.logback.core.joran.action.AppenderAction - About to instantiate appender of type [ch.qos.logback.core.rolling.RollingFileAppender]
22:34:09,771 |-INFO in ch.qos.logback.core.joran.action.AppenderAction - Naming appender as [FILE]
22:34:09,781 |-INFO in ch.qos.logback.core.rolling.FixedWindowRollingPolicy@221af3c0 - Will use zip compression
22:34:09,786 |-INFO in ch.qos.logback.core.joran.action.NestedComplexPropertyIA - Assuming default type [ch.qos.logback.classic.encoder.PatternLayoutEncoder] for [encoder] property
22:34:09,787 |-INFO in ch.qos.logback.core.rolling.RollingFileAppender[FILE] - Active log file name: catalina.home_IS_UNDEFINED/logs/Portal.log
22:34:09,787 |-INFO in ch.qos.logback.core.rolling.RollingFileAppender[FILE] - File property is set to [catalina.home_IS_UNDEFINED/logs/Portal.log]
22:34:09,788 |-INFO in ch.qos.logback.classic.jul.LevelChangePropagator@2641e737 - Propagating DEBUG level on Logger[org.apromore] onto the JUL framework
22:34:09,788 |-INFO in ch.qos.logback.classic.joran.action.LevelAction - org.apromore level set to DEBUG
22:34:09,788 |-INFO in ch.qos.logback.core.joran.action.AppenderRefAction - Attaching appender named [FILE] to Logger[org.apromore]
22:34:09,789 |-INFO in ch.qos.logback.classic.jul.LevelChangePropagator@2641e737 - Propagating DEBUG level on Logger[org.springframework.ws.client.MessageTracing.sent] onto the JUL framework
22:34:09,789 |-INFO in ch.qos.logback.classic.joran.action.LevelAction - org.springframework.ws.client.MessageTracing.sent level set to DEBUG
22:34:09,789 |-INFO in ch.qos.logback.core.joran.action.AppenderRefAction - Attaching appender named [FILE] to Logger[org.springframework.ws.client.MessageTracing.sent]
22:34:09,789 |-INFO in ch.qos.logback.classic.jul.LevelChangePropagator@2641e737 - Propagating DEBUG level on Logger[org.springframework.ws.client.MessageTracing.received] onto the JUL framework
22:34:09,789 |-INFO in ch.qos.logback.classic.joran.action.LevelAction - org.springframework.ws.client.MessageTracing.received level set to DEBUG
22:34:09,790 |-INFO in ch.qos.logback.core.joran.action.AppenderRefAction - Attaching appender named [FILE] to Logger[org.springframework.ws.client.MessageTracing.received]
22:34:09,790 |-INFO in ch.qos.logback.classic.jul.LevelChangePropagator@2641e737 - Propagating DEBUG level on Logger[org.springframework] onto the JUL framework
22:34:09,790 |-INFO in ch.qos.logback.classic.joran.action.LevelAction - org.springframework level set to DEBUG
22:34:09,790 |-INFO in ch.qos.logback.core.joran.action.AppenderRefAction - Attaching appender named [FILE] to Logger[org.springframework]
22:34:09,790 |-INFO in ch.qos.logback.classic.joran.action.LoggerAction - Setting level of logger [javax.xml] to WARN
22:34:09,790 |-INFO in ch.qos.logback.classic.jul.LevelChangePropagator@2641e737 - Propagating WARN level on Logger[javax.xml] onto the JUL framework
22:34:09,790 |-INFO in ch.qos.logback.classic.joran.action.LoggerAction - Setting level of logger [com.sun] to WARN
22:34:09,790 |-INFO in ch.qos.logback.classic.jul.LevelChangePropagator@2641e737 - Propagating WARN level on Logger[com.sun] onto the JUL framework
22:34:09,790 |-INFO in ch.qos.logback.classic.joran.action.RootLoggerAction - Setting level of ROOT logger to DEBUG
22:34:09,790 |-INFO in ch.qos.logback.core.joran.action.AppenderRefAction - Attaching appender named [CONSOLE] to Logger[ROOT]
22:34:09,791 |-INFO in ch.qos.logback.core.joran.action.AppenderRefAction - Attaching appender named [FILE] to Logger[ROOT]
22:34:09,791 |-INFO in ch.qos.logback.classic.joran.action.ConfigurationAction - End of configuration.
22:34:09,791 |-INFO in ch.qos.logback.classic.joran.JoranConfigurator@6591f517 - Registering current configuration as safe fallback point
[2026-05-11 22:34:09,836] INFO  ConfigParser - Loading system default
[2026-05-11 22:34:09,840] DEBUG ClassLocator - Loading jar:file:/home/javier/ApromoreCE/ApromoreCore/Apromore-Extras/Chiaroscuro-Theme/target/ui-theme-compact-1.0-SNAPSHOT.jar!/metainfo/zk/config.xml
[2026-05-11 22:34:09,864] DEBUG ClassLocator - Loading jar:file:/home/javier/.m2/repository/org/zkoss/theme/atlantic/8.6.0.1/atlantic-8.6.0.1.jar!/metainfo/zk/config.xml
[2026-05-11 22:34:09,866] DEBUG ClassLocator - Loading jar:file:/home/javier/.m2/repository/org/zkoss/theme/breeze/8.6.0.1/breeze-8.6.0.1.jar!/metainfo/zk/config.xml
[2026-05-11 22:34:09,868] DEBUG ClassLocator - Loading jar:file:/home/javier/.m2/repository/org/zkoss/theme/iceblue_c/8.6.0.1/iceblue_c-8.6.0.1.jar!/metainfo/zk/config.xml
[2026-05-11 22:34:09,869] DEBUG ClassLocator - Loading jar:file:/home/javier/.m2/repository/org/zkoss/theme/sapphire/8.6.0.1/sapphire-8.6.0.1.jar!/metainfo/zk/config.xml
[2026-05-11 22:34:09,871] DEBUG ClassLocator - Loading jar:file:/home/javier/.m2/repository/org/zkoss/theme/silvertail/8.6.0.1/silvertail-8.6.0.1.jar!/metainfo/zk/config.xml
[2026-05-11 22:34:09,873] DEBUG ClassLocator - Loading jar:file:/home/javier/.m2/repository/org/zkoss/zk/zkbind/8.6.0.1/zkbind-8.6.0.1.jar!/metainfo/zk/config.xml
[2026-05-11 22:34:09,876] DEBUG ClassLocator - Loading jar:file:/home/javier/.m2/repository/org/zkoss/zk/zk/8.6.0.1/zk-8.6.0.1.jar!/metainfo/zk/config.xml
[2026-05-11 22:34:09,884] DEBUG ClassLocator - Loading jar:file:/home/javier/.m2/repository/org/zkoss/zk/zkspring-core/3.1/zkspring-core-3.1.jar!/metainfo/zk/config.xml
[2026-05-11 22:34:09,888] DEBUG ClassLocator - Adding resolved resource: chiaroscuro_c
[2026-05-11 22:34:09,888] DEBUG ClassLocator - Adding resolved resource: atlantic
[2026-05-11 22:34:09,889] DEBUG ClassLocator - Adding resolved resource: breeze
[2026-05-11 22:34:09,889] DEBUG ClassLocator - Adding resolved resource: iceblue_c
[2026-05-11 22:34:09,889] DEBUG ClassLocator - Adding resolved resource: sapphire
[2026-05-11 22:34:09,890] DEBUG ClassLocator - Adding resolved resource: silvertail
[2026-05-11 22:34:09,890] DEBUG ClassLocator - Adding resolved resource: zkbind
[2026-05-11 22:34:09,890] DEBUG ClassLocator - Adding resolved resource: zk
[2026-05-11 22:34:09,890] DEBUG ClassLocator - Adding resolved resource: zkspring
[2026-05-11 22:34:09,891] DEBUG ConfigParser - Loading jar:file:/home/javier/ApromoreCE/ApromoreCore/Apromore-Extras/Chiaroscuro-Theme/target/ui-theme-compact-1.0-SNAPSHOT.jar!/metainfo/zk/config.xml
[2026-05-11 22:34:09,895] DEBUG ConfigParser - Loading jar:file:/home/javier/.m2/repository/org/zkoss/theme/atlantic/8.6.0.1/atlantic-8.6.0.1.jar!/metainfo/zk/config.xml
[2026-05-11 22:34:09,897] DEBUG ConfigParser - Loading jar:file:/home/javier/.m2/repository/org/zkoss/theme/breeze/8.6.0.1/breeze-8.6.0.1.jar!/metainfo/zk/config.xml
[2026-05-11 22:34:09,897] DEBUG ConfigParser - Loading jar:file:/home/javier/.m2/repository/org/zkoss/theme/iceblue_c/8.6.0.1/iceblue_c-8.6.0.1.jar!/metainfo/zk/config.xml
[2026-05-11 22:34:09,898] DEBUG ConfigParser - Loading jar:file:/home/javier/.m2/repository/org/zkoss/theme/sapphire/8.6.0.1/sapphire-8.6.0.1.jar!/metainfo/zk/config.xml
[2026-05-11 22:34:09,898] DEBUG ConfigParser - Loading jar:file:/home/javier/.m2/repository/org/zkoss/theme/silvertail/8.6.0.1/silvertail-8.6.0.1.jar!/metainfo/zk/config.xml
[2026-05-11 22:34:09,899] DEBUG ConfigParser - Loading jar:file:/home/javier/.m2/repository/org/zkoss/zk/zkbind/8.6.0.1/zkbind-8.6.0.1.jar!/metainfo/zk/config.xml
[2026-05-11 22:34:09,899] DEBUG ConfigParser - Loading jar:file:/home/javier/.m2/repository/org/zkoss/zk/zk/8.6.0.1/zk-8.6.0.1.jar!/metainfo/zk/config.xml
[2026-05-11 22:34:09,901] DEBUG Interpreters - Scripting language is added: Java, org.zkoss.zk.scripting.bsh.BSHInterpreter
[2026-05-11 22:34:09,901] DEBUG Interpreters - Scripting language is added: JavaScript, org.zkoss.zk.scripting.rhino.RhinoInterpreter
[2026-05-11 22:34:09,901] DEBUG Interpreters - Scripting language is added: Groovy, org.zkoss.zk.scripting.groovy.GroovyInterpreter
[2026-05-11 22:34:09,901] DEBUG Interpreters - Scripting language is added: Ruby, org.zkoss.zk.scripting.jruby.JRubyInterpreter
[2026-05-11 22:34:09,901] DEBUG Interpreters - Scripting language is added: Python, org.zkoss.zk.scripting.jython.JythonInterpreter
[2026-05-11 22:34:09,903] DEBUG ConfigParser - Loading jar:file:/home/javier/.m2/repository/org/zkoss/zk/zkspring-core/3.1/zkspring-core-3.1.jar!/metainfo/zk/config.xml
[2026-05-11 22:34:09,904] DEBUG DefinitionLoaders - Loading jar:file:/home/javier/.m2/repository/org/zkoss/zk/zhtml/8.6.0.1/zhtml-8.6.0.1.jar!/metainfo/zk/lang.xml
[2026-05-11 22:34:10,085] DEBUG DefinitionLoaders - Loading jar:file:/home/javier/.m2/repository/org/zkoss/zk/zul/8.6.0.1/zul-8.6.0.1.jar!/metainfo/zk/lang.xml
[2026-05-11 22:34:10,301] DEBUG ClassLocator - Loading jar:file:/home/javier/ApromoreCE/ApromoreCore/Apromore-Extras/Chiaroscuro-Theme/target/ui-theme-compact-1.0-SNAPSHOT.jar!/metainfo/zk/lang-addon.xml
[2026-05-11 22:34:10,312] DEBUG ClassLocator - Loading jar:file:/home/javier/.m2/repository/org/zkoss/theme/atlantic/8.6.0.1/atlantic-8.6.0.1.jar!/metainfo/zk/lang-addon.xml
[2026-05-11 22:34:10,318] DEBUG ClassLocator - Loading jar:file:/home/javier/.m2/repository/org/zkoss/theme/breeze/8.6.0.1/breeze-8.6.0.1.jar!/metainfo/zk/lang-addon.xml
[2026-05-11 22:34:10,322] DEBUG ClassLocator - Loading jar:file:/home/javier/.m2/repository/org/zkoss/theme/iceblue_c/8.6.0.1/iceblue_c-8.6.0.1.jar!/metainfo/zk/lang-addon.xml
[2026-05-11 22:34:10,326] DEBUG ClassLocator - Loading jar:file:/home/javier/.m2/repository/org/zkoss/theme/sapphire/8.6.0.1/sapphire-8.6.0.1.jar!/metainfo/zk/lang-addon.xml
[2026-05-11 22:34:10,328] DEBUG ClassLocator - Loading jar:file:/home/javier/.m2/repository/org/zkoss/theme/silvertail/8.6.0.1/silvertail-8.6.0.1.jar!/metainfo/zk/lang-addon.xml
[2026-05-11 22:34:10,330] DEBUG ClassLocator - Loading jar:file:/home/javier/.m2/repository/org/zkoss/zk/zkbind/8.6.0.1/zkbind-8.6.0.1.jar!/metainfo/zk/lang-addon.xml
[2026-05-11 22:34:10,348] DEBUG ClassLocator - Loading jar:file:/home/javier/.m2/repository/org/zkoss/zk/zkplus/8.6.0.1/zkplus-8.6.0.1.jar!/metainfo/zk/lang-addon.xml
[2026-05-11 22:34:10,352] DEBUG ClassLocator - Adding resolved resource: chiaroscuro_c
[2026-05-11 22:34:10,352] DEBUG ClassLocator - Adding resolved resource: atlantic
[2026-05-11 22:34:10,353] DEBUG ClassLocator - Adding resolved resource: breeze
[2026-05-11 22:34:10,353] DEBUG ClassLocator - Adding resolved resource: iceblue_c
[2026-05-11 22:34:10,354] DEBUG ClassLocator - Adding resolved resource: sapphire
[2026-05-11 22:34:10,354] DEBUG ClassLocator - Adding resolved resource: silvertail
[2026-05-11 22:34:10,354] DEBUG ClassLocator - Adding resolved resource: zkbind
[2026-05-11 22:34:10,355] DEBUG ClassLocator - Adding resolved resource: zkplus
[2026-05-11 22:34:10,356] DEBUG DefinitionLoaders - Addon language to xul/html from chiaroscuro_c
[2026-05-11 22:34:10,356] DEBUG DefinitionLoaders - Addon language to xul/html from atlantic
[2026-05-11 22:34:10,356] DEBUG DefinitionLoaders - Addon language to xul/html from breeze
[2026-05-11 22:34:10,357] DEBUG DefinitionLoaders - Addon language to xul/html from iceblue_c
[2026-05-11 22:34:10,357] DEBUG DefinitionLoaders - Addon language to xul/html from sapphire
[2026-05-11 22:34:10,357] DEBUG DefinitionLoaders - Addon language to xul/html from silvertail
[2026-05-11 22:34:10,357] DEBUG DefinitionLoaders - Addon language to xul/html from zkbind
[2026-05-11 22:34:10,366] DEBUG DefinitionLoaders - Addon language to xul/html from zkplus
[2026-05-11 22:34:10,380] DEBUG MediaImpl - Media CallcenterExample.csv created, size=767323, format=csv
Ignoring file with unknown extension: CallcenterExample.csv
[2026-05-11 22:34:10,384] DEBUG MediaImpl - Media CallcenterExample.zip created, size=101371, format=zip
[2026-05-11 22:34:10,390] DEBUG MediaImpl - Media CallcenterExample.csv created, size=767323, format=csv
Ignoring file with unknown extension: CallcenterExample.csv
Tests run: 3, Failures: 0, Errors: 0, Skipped: 1, Time elapsed: 0.99 sec
Running org.apromore.portal.util.ExplicitComparatorUnitTest
Tests run: 1, Failures: 0, Errors: 0, Skipped: 0, Time elapsed: 0.003 sec

Results :

Tests run: 4, Failures: 0, Errors: 0, Skipped: 1

[[1;34mINFO[m] 
[[1;34mINFO[m] [1m--- [0;32mjacoco-maven-plugin:0.8.4:report[m [1m(report)[m @ [36mapromore-portal[0;1m ---[m
[[1;34mINFO[m] Skipping JaCoCo execution because property jacoco.skip is set.
[[1;34mINFO[m] 
[[1;34mINFO[m] [1m--- [0;32mmaven-war-plugin:2.6:war[m [1m(default-war)[m @ [36mapromore-portal[0;1m ---[m
[[1;34mINFO[m] Packaging webapp
[[1;34mINFO[m] Assembling webapp [apromore-portal] in [/home/javier/ApromoreCE/ApromoreCore/Apromore-Core-Components/Apromore-Portal/target/portal]
[info] Copying manifest...
[[1;34mINFO[m] Processing war project
[[1;34mINFO[m] Copying webapp resources [/home/javier/ApromoreCE/ApromoreCore/Apromore-Core-Components/Apromore-Portal/src/main/webapp]
[[1;34mINFO[m] Webapp assembled in [442 msecs]
[[1;34mINFO[m] Building war: /home/javier/ApromoreCE/ApromoreCore/Apromore-Core-Components/Apromore-Portal/target/portal.war
[[1;34mINFO[m] Packaging classes
[[1;34mINFO[m] Building jar: /home/javier/ApromoreCE/ApromoreCore/Apromore-Core-Components/Apromore-Portal/target/portal-classes.jar
[[1;34mINFO[m] 
[[1;34mINFO[m] [1m--- [0;32mmaven-surefire-plugin:2.14.1:test[m [1m(integration-test)[m @ [36mapromore-portal[0;1m ---[m
[[1;34mINFO[m] 
[[1;34mINFO[m] [1m--- [0;32mmaven-source-plugin:2.2.1:jar-no-fork[m [1m(generate-sources)[m @ [36mapromore-portal[0;1m ---[m
[[1;34mINFO[m] Building jar: /home/javier/ApromoreCE/ApromoreCore/Apromore-Core-Components/Apromore-Portal/target/portal-sources.jar
[[1;34mINFO[m] 
[[1;34mINFO[m] [1m--- [0;32mmaven-checkstyle-plugin:2.10:checkstyle[m [1m(run-checkstyle)[m @ [36mapromore-portal[0;1m ---[m
[[1;34mINFO[m] 
[[1;34mINFO[m] [1m--- [0;32mjacoco-maven-plugin:0.8.4:check[m [1m(check)[m @ [36mapromore-portal[0;1m ---[m
[[1;34mINFO[m] Skipping JaCoCo execution because property jacoco.skip is set.
[[1;34mINFO[m] 
[[1;34mINFO[m] [1m--- [0;32mmaven-install-plugin:2.4:install[m [1m(default-install)[m @ [36mapromore-portal[0;1m ---[m
[[1;34mINFO[m] Installing /home/javier/ApromoreCE/ApromoreCore/Apromore-Core-Components/Apromore-Portal/target/portal.war to /home/javier/.m2/repository/org/apromore/apromore-portal/1.1/apromore-portal-1.1.war
[[1;34mINFO[m] Installing /home/javier/ApromoreCE/ApromoreCore/Apromore-Core-Components/Apromore-Portal/pom.xml to /home/javier/.m2/repository/org/apromore/apromore-portal/1.1/apromore-portal-1.1.pom
[[1;34mINFO[m] Installing /home/javier/ApromoreCE/ApromoreCore/Apromore-Core-Components/Apromore-Portal/target/portal-classes.jar to /home/javier/.m2/repository/org/apromore/apromore-portal/1.1/apromore-portal-1.1-classes.jar
[[1;34mINFO[m] Installing /home/javier/ApromoreCE/ApromoreCore/Apromore-Core-Components/Apromore-Portal/target/portal-sources.jar to /home/javier/.m2/repository/org/apromore/apromore-portal/1.1/apromore-portal-1.1-sources.jar
[[1;34mINFO[m] 
[[1;34mINFO[m] [1m-----------< [0;36morg.apromore:editor-platform-extension-parent[0;1m >------------[m
[[1;34mINFO[m] [1mBuilding Apromore Editor Extensions 1.2                         [41/124][m
[[1;34mINFO[m] [1m--------------------------------[ pom ]---------------------------------[m
[[1;34mINFO[m] 
[[1;34mINFO[m] [1m--- [0;32mmaven-clean-plugin:2.5:clean[m [1m(default-clean)[m @ [36meditor-platform-extension-parent[0;1m ---[m
[[1;34mINFO[m] Deleting /home/javier/ApromoreCE/ApromoreCore/Apromore-Custom-Plugins/Apromore-Editor/target
[[1;34mINFO[m] Deleting /home/javier/ApromoreCE/ApromoreCore/Apromore-Custom-Plugins/Apromore-Editor (includes = [surefire*], excludes = [])
[[1;34mINFO[m] 
[[1;34mINFO[m] [1m--- [0;32mmaven-enforcer-plugin:1.3:enforce[m [1m(enforce-banned-dependencies)[m @ [36meditor-platform-extension-parent[0;1m ---[m
[[1;34mINFO[m] 
[[1;34mINFO[m] [1m--- [0;32mgit-commit-id-plugin:2.2.1:revision[m [1m(get-the-git-infos)[m @ [36meditor-platform-extension-parent[0;1m ---[m
[[1;34mINFO[m] 
[[1;34mINFO[m] [1m--- [0;32mjacoco-maven-plugin:0.8.4:prepare-agent[m [1m(prepare-agent)[m @ [36meditor-platform-extension-parent[0;1m ---[m
[[1;34mINFO[m] Skipping JaCoCo execution because property jacoco.skip is set.
[[1;34mINFO[m] argLine set to empty
[[1;34mINFO[m] 
[[1;34mINFO[m] [1m--- [0;32mmaven-jxr-plugin:2.3:jxr[m [1m(default)[m @ [36meditor-platform-extension-parent[0;1m ---[m
[[1;34mINFO[m] 
[[1;34mINFO[m] [1m--- [0;32mmaven-bundle-plugin:3.0.1:manifest[m [1m(bundle-manifest)[m @ [36meditor-platform-extension-parent[0;1m ---[m
[[1;33mWARNING[m] Ignoring project type pom - supportedProjectTypes = [jar, bundle, war]
[[1;34mINFO[m] 
[[1;34mINFO[m] [1m--- [0;32mjacoco-maven-plugin:0.8.4:report[m [1m(report)[m @ [36meditor-platform-extension-parent[0;1m ---[m
[[1;34mINFO[m] Skipping JaCoCo execution because property jacoco.skip is set.
[[1;34mINFO[m] 
[[1;34mINFO[m] [1m--- [0;32mmaven-surefire-plugin:2.14.1:test[m [1m(integration-test)[m @ [36meditor-platform-extension-parent[0;1m ---[m
[[1;34mINFO[m] No tests to run.
[[1;34mINFO[m] 
[[1;34mINFO[m] [1m--- [0;32mmaven-source-plugin:2.2.1:jar-no-fork[m [1m(generate-sources)[m @ [36meditor-platform-extension-parent[0;1m ---[m
[[1;34mINFO[m] 
[[1;34mINFO[m] [1m--- [0;32mmaven-checkstyle-plugin:2.10:checkstyle[m [1m(run-checkstyle)[m @ [36meditor-platform-extension-parent[0;1m ---[m
[[1;34mINFO[m] 
[[1;34mINFO[m] [1m--- [0;32mjacoco-maven-plugin:0.8.4:check[m [1m(check)[m @ [36meditor-platform-extension-parent[0;1m ---[m
[[1;34mINFO[m] Skipping JaCoCo execution because property jacoco.skip is set.
[[1;34mINFO[m] 
[[1;34mINFO[m] [1m--- [0;32mmaven-install-plugin:2.4:install[m [1m(default-install)[m @ [36meditor-platform-extension-parent[0;1m ---[m
[[1;34mINFO[m] Installing /home/javier/ApromoreCE/ApromoreCore/Apromore-Custom-Plugins/Apromore-Editor/pom.xml to /home/javier/.m2/repository/org/apromore/editor-platform-extension-parent/1.2/editor-platform-extension-parent-1.2.pom
[[1;34mINFO[m] 
[[1;34mINFO[m] [1m-------------< [0;36morg.apromore:editor-platform-extension-pdf[0;1m >-------------[m
[[1;34mINFO[m] [1mBuilding Apromore Editor Extension: PDF 1.2                     [42/124][m
[[1;34mINFO[m] [1m-------------------------------[ bundle ]-------------------------------[m
[[1;34mINFO[m] 
[[1;34mINFO[m] [1m--- [0;32mmaven-clean-plugin:2.5:clean[m [1m(default-clean)[m @ [36meditor-platform-extension-pdf[0;1m ---[m
[[1;34mINFO[m] Deleting /home/javier/ApromoreCE/ApromoreCore/Apromore-Custom-Plugins/Apromore-Editor/pdf/target
[[1;34mINFO[m] Deleting /home/javier/ApromoreCE/ApromoreCore/Apromore-Custom-Plugins/Apromore-Editor/pdf (includes = [surefire*], excludes = [])
[[1;34mINFO[m] 
[[1;34mINFO[m] [1m--- [0;32mmaven-enforcer-plugin:1.3:enforce[m [1m(enforce-banned-dependencies)[m @ [36meditor-platform-extension-pdf[0;1m ---[m
[[1;34mINFO[m] 
[[1;34mINFO[m] [1m--- [0;32mgit-commit-id-plugin:2.2.1:revision[m [1m(get-the-git-infos)[m @ [36meditor-platform-extension-pdf[0;1m ---[m
[[1;34mINFO[m] 
[[1;34mINFO[m] [1m--- [0;32mjacoco-maven-plugin:0.8.4:prepare-agent[m [1m(prepare-agent)[m @ [36meditor-platform-extension-pdf[0;1m ---[m
[[1;34mINFO[m] Skipping JaCoCo execution because property jacoco.skip is set.
[[1;34mINFO[m] argLine set to empty
[[1;34mINFO[m] 
[[1;34mINFO[m] [1m--- [0;32mmaven-resources-plugin:2.6:resources[m [1m(default-resources)[m @ [36meditor-platform-extension-pdf[0;1m ---[m
[[1;34mINFO[m] Using 'UTF-8' encoding to copy filtered resources.
[[1;34mINFO[m] skip non existing resourceDirectory /home/javier/ApromoreCE/ApromoreCore/Apromore-Custom-Plugins/Apromore-Editor/pdf/src/main/resources
[[1;34mINFO[m] 
[[1;34mINFO[m] [1m--- [0;32mmaven-jxr-plugin:2.3:jxr[m [1m(default)[m @ [36meditor-platform-extension-pdf[0;1m ---[m
[[1;34mINFO[m] 
[[1;34mINFO[m] [1m--- [0;32mmaven-compiler-plugin:3.0:compile[m [1m(default-compile)[m @ [36meditor-platform-extension-pdf[0;1m ---[m
[[1;34mINFO[m] Changes detected - recompiling the module!
[[1;34mINFO[m] Compiling 1 source file to /home/javier/ApromoreCE/ApromoreCore/Apromore-Custom-Plugins/Apromore-Editor/pdf/target/classes
[[1;34mINFO[m] 
[[1;34mINFO[m] [1m--- [0;32mmaven-bundle-plugin:3.0.1:manifest[m [1m(bundle-manifest)[m @ [36meditor-platform-extension-pdf[0;1m ---[m
[[1;33mWARNING[m] Manifest org.apromore:editor-platform-extension-pdf:bundle:1.2 : Export org.apromore.editor.server,  has 1,  private references [org.apache.batik.transcoder], 
[[1;34mINFO[m] 
[[1;34mINFO[m] [1m--- [0;32mmaven-resources-plugin:2.6:testResources[m [1m(default-testResources)[m @ [36meditor-platform-extension-pdf[0;1m ---[m
[[1;34mINFO[m] Using 'UTF-8' encoding to copy filtered resources.
[[1;34mINFO[m] Copying 1 resource
[[1;34mINFO[m] 
[[1;34mINFO[m] [1m--- [0;32mmaven-compiler-plugin:3.0:testCompile[m [1m(default-testCompile)[m @ [36meditor-platform-extension-pdf[0;1m ---[m
[[1;34mINFO[m] Changes detected - recompiling the module!
[[1;34mINFO[m] Compiling 1 source file to /home/javier/ApromoreCE/ApromoreCore/Apromore-Custom-Plugins/Apromore-Editor/pdf/target/test-classes
[[1;34mINFO[m] 
[[1;34mINFO[m] [1m--- [0;32mmaven-surefire-plugin:2.14.1:test[m [1m(default-test)[m @ [36meditor-platform-extension-pdf[0;1m ---[m
[[1;34mINFO[m] Surefire report directory: /home/javier/ApromoreCE/ApromoreCore/Apromore-Custom-Plugins/Apromore-Editor/pdf/target/surefire-reports

-------------------------------------------------------
 T E S T S
-------------------------------------------------------
OpenJDK 64-Bit Server VM warning: ignoring option MaxPermSize=1024m; support was removed in 8.0
Running org.apromore.editor.server.AlternativesRendererUnitTest
Tests run: 1, Failures: 0, Errors: 0, Skipped: 0, Time elapsed: 0.733 sec

Results :

Tests run: 1, Failures: 0, Errors: 0, Skipped: 0

[[1;34mINFO[m] 
[[1;34mINFO[m] [1m--- [0;32mjacoco-maven-plugin:0.8.4:report[m [1m(report)[m @ [36meditor-platform-extension-pdf[0;1m ---[m
[[1;34mINFO[m] Skipping JaCoCo execution because property jacoco.skip is set.
[[1;34mINFO[m] 
[[1;34mINFO[m] [1m--- [0;32mmaven-bundle-plugin:3.0.1:bundle[m [1m(default-bundle)[m @ [36meditor-platform-extension-pdf[0;1m ---[m
[[1;33mWARNING[m] Bundle org.apromore:editor-platform-extension-pdf:bundle:1.2 : Export org.apromore.editor.server,  has 1,  private references [org.apache.batik.transcoder], 
[[1;34mINFO[m] 
[[1;34mINFO[m] [1m--- [0;32mmaven-surefire-plugin:2.14.1:test[m [1m(integration-test)[m @ [36meditor-platform-extension-pdf[0;1m ---[m
[[1;34mINFO[m] 
[[1;34mINFO[m] [1m--- [0;32mmaven-source-plugin:2.2.1:jar-no-fork[m [1m(generate-sources)[m @ [36meditor-platform-extension-pdf[0;1m ---[m
[[1;34mINFO[m] Building jar: /home/javier/ApromoreCE/ApromoreCore/Apromore-Custom-Plugins/Apromore-Editor/pdf/target/editor-platform-extension-pdf-1.2-sources.jar
[[1;34mINFO[m] 
[[1;34mINFO[m] [1m--- [0;32mmaven-checkstyle-plugin:2.10:checkstyle[m [1m(run-checkstyle)[m @ [36meditor-platform-extension-pdf[0;1m ---[m
[[1;34mINFO[m] 
[[1;34mINFO[m] [1m--- [0;32mjacoco-maven-plugin:0.8.4:check[m [1m(check)[m @ [36meditor-platform-extension-pdf[0;1m ---[m
[[1;34mINFO[m] Skipping JaCoCo execution because property jacoco.skip is set.
[[1;34mINFO[m] 
[[1;34mINFO[m] [1m--- [0;32mmaven-install-plugin:2.4:install[m [1m(default-install)[m @ [36meditor-platform-extension-pdf[0;1m ---[m
[[1;34mINFO[m] Installing /home/javier/ApromoreCE/ApromoreCore/Apromore-Custom-Plugins/Apromore-Editor/pdf/target/editor-platform-extension-pdf-1.2.jar to /home/javier/.m2/repository/org/apromore/editor-platform-extension-pdf/1.2/editor-platform-extension-pdf-1.2.jar
[[1;34mINFO[m] Installing /home/javier/ApromoreCE/ApromoreCore/Apromore-Custom-Plugins/Apromore-Editor/pdf/pom.xml to /home/javier/.m2/repository/org/apromore/editor-platform-extension-pdf/1.2/editor-platform-extension-pdf-1.2.pom
[[1;34mINFO[m] Installing /home/javier/ApromoreCE/ApromoreCore/Apromore-Custom-Plugins/Apromore-Editor/pdf/target/editor-platform-extension-pdf-1.2-sources.jar to /home/javier/.m2/repository/org/apromore/editor-platform-extension-pdf/1.2/editor-platform-extension-pdf-1.2-sources.jar
[[1;34mINFO[m] 
[[1;34mINFO[m] [1m--- [0;32mmaven-bundle-plugin:3.0.1:install[m [1m(default-install)[m @ [36meditor-platform-extension-pdf[0;1m ---[m
[[1;34mINFO[m] Installing org/apromore/editor-platform-extension-pdf/1.2/editor-platform-extension-pdf-1.2.jar
[[1;34mINFO[m] Writing OBR metadata
[[1;34mINFO[m] 
[[1;34mINFO[m] [1m--------------< [0;36morg.apromore.plugin:apromore-bpmneditor[0;1m >---------------[m
[[1;34mINFO[m] [1mBuilding Apromore BPMN Editor 1.1                               [43/124][m
[[1;34mINFO[m] [1m--------------------------------[ war ]---------------------------------[m
[[1;34mINFO[m] 
[[1;34mINFO[m] [1m--- [0;32mmaven-clean-plugin:2.5:clean[m [1m(default-clean)[m @ [36mapromore-bpmneditor[0;1m ---[m
[[1;34mINFO[m] Deleting /home/javier/ApromoreCE/ApromoreCore/Apromore-Core-Components/Apromore-BPMNEditor/target
[[1;34mINFO[m] Deleting /home/javier/ApromoreCE/ApromoreCore/Apromore-Core-Components/Apromore-BPMNEditor (includes = [surefire*], excludes = [])
[[1;34mINFO[m] 
[[1;34mINFO[m] [1m--- [0;32mmaven-enforcer-plugin:1.3:enforce[m [1m(enforce-banned-dependencies)[m @ [36mapromore-bpmneditor[0;1m ---[m
[[1;34mINFO[m] 
[[1;34mINFO[m] [1m--- [0;32mgit-commit-id-plugin:2.2.1:revision[m [1m(get-the-git-infos)[m @ [36mapromore-bpmneditor[0;1m ---[m
[[1;34mINFO[m] 
[[1;34mINFO[m] [1m--- [0;32mjacoco-maven-plugin:0.8.4:prepare-agent[m [1m(prepare-agent)[m @ [36mapromore-bpmneditor[0;1m ---[m
[[1;34mINFO[m] Skipping JaCoCo execution because property jacoco.skip is set.
[[1;34mINFO[m] argLine set to empty
[[1;34mINFO[m] 
[[1;34mINFO[m] [1m--- [0;32mmaven-resources-plugin:2.7:resources[m [1m(default-resources)[m @ [36mapromore-bpmneditor[0;1m ---[m
[[1;34mINFO[m] Using 'UTF-8' encoding to copy filtered resources.
[[1;34mINFO[m] Copying 1 resource
[[1;34mINFO[m] Copying 1 resource
[[1;34mINFO[m] 
[[1;34mINFO[m] [1m--- [0;32mmaven-jxr-plugin:2.3:jxr[m [1m(default)[m @ [36mapromore-bpmneditor[0;1m ---[m
[[1;34mINFO[m] 
[[1;34mINFO[m] [1m--- [0;32myuicompressor-maven-plugin:1.5.1:compress[m [1m(compress_js_css)[m @ [36mapromore-bpmneditor[0;1m ---[m
[[1;34mINFO[m] generate aggregation : /home/javier/ApromoreCE/ApromoreCore/Apromore-Core-Components/Apromore-BPMNEditor/target/apromore-bpmneditor-1.1/editor/apromore-editor.js
[[1;34mINFO[m] apromore-editor.js (96266b)
[[1;34mINFO[m] apromore-editor.js (96266b) -> apromore-editor-min.js (39359b)[40%]
[[1;34mINFO[m] total input (96266b) -> output (39359b)[40%]
[[1;34mINFO[m] nb warnings: 0, nb errors: 0
[[1;34mINFO[m] 
[[1;34mINFO[m] [1m--- [0;32mmaven-compiler-plugin:3.0:compile[m [1m(default-compile)[m @ [36mapromore-bpmneditor[0;1m ---[m
[[1;34mINFO[m] Changes detected - recompiling the module!
[[1;34mINFO[m] Compiling 2 source files to /home/javier/ApromoreCE/ApromoreCore/Apromore-Core-Components/Apromore-BPMNEditor/target/classes
[[1;34mINFO[m] 
[[1;34mINFO[m] [1m--- [0;32mmaven-bundle-plugin:3.0.1:manifest[m [1m(bundle-manifest)[m @ [36mapromore-bpmneditor[0;1m ---[m
[[1;34mINFO[m] 
[[1;34mINFO[m] [1m--- [0;32mmaven-resources-plugin:2.7:testResources[m [1m(default-testResources)[m @ [36mapromore-bpmneditor[0;1m ---[m
[[1;34mINFO[m] Using 'UTF-8' encoding to copy filtered resources.
[[1;34mINFO[m] skip non existing resourceDirectory /home/javier/ApromoreCE/ApromoreCore/Apromore-Core-Components/Apromore-BPMNEditor/src/test/resources
[[1;34mINFO[m] 
[[1;34mINFO[m] [1m--- [0;32mmaven-compiler-plugin:3.0:testCompile[m [1m(default-testCompile)[m @ [36mapromore-bpmneditor[0;1m ---[m
[[1;34mINFO[m] No sources to compile
[[1;34mINFO[m] 
[[1;34mINFO[m] [1m--- [0;32mmaven-surefire-plugin:2.14.1:test[m [1m(default-test)[m @ [36mapromore-bpmneditor[0;1m ---[m
[[1;34mINFO[m] No tests to run.
[[1;34mINFO[m] 
[[1;34mINFO[m] [1m--- [0;32mjacoco-maven-plugin:0.8.4:report[m [1m(report)[m @ [36mapromore-bpmneditor[0;1m ---[m
[[1;34mINFO[m] Skipping JaCoCo execution because property jacoco.skip is set.
[[1;34mINFO[m] 
[[1;34mINFO[m] [1m--- [0;32mmaven-war-plugin:2.6:war[m [1m(default-war)[m @ [36mapromore-bpmneditor[0;1m ---[m
[[1;34mINFO[m] Packaging webapp
[[1;34mINFO[m] Assembling webapp [apromore-bpmneditor] in [/home/javier/ApromoreCE/ApromoreCore/Apromore-Core-Components/Apromore-BPMNEditor/target/apromore-bpmneditor-1.1]
[info] Copying manifest...
[[1;34mINFO[m] Processing war project
[[1;34mINFO[m] Copying webapp resources [/home/javier/ApromoreCE/ApromoreCore/Apromore-Core-Components/Apromore-BPMNEditor/src/main/webapp]
[[1;34mINFO[m] Webapp assembled in [289 msecs]
[[1;34mINFO[m] Building war: /home/javier/ApromoreCE/ApromoreCore/Apromore-Core-Components/Apromore-BPMNEditor/target/apromore-bpmneditor-1.1.war
[[1;34mINFO[m] Packaging classes
[[1;34mINFO[m] Building jar: /home/javier/ApromoreCE/ApromoreCore/Apromore-Core-Components/Apromore-BPMNEditor/target/apromore-bpmneditor-1.1-classes.jar
[[1;34mINFO[m] 
[[1;34mINFO[m] [1m--- [0;32mmaven-surefire-plugin:2.14.1:test[m [1m(integration-test)[m @ [36mapromore-bpmneditor[0;1m ---[m
[[1;34mINFO[m] No tests to run.
[[1;34mINFO[m] 
[[1;34mINFO[m] [1m--- [0;32mmaven-source-plugin:2.2.1:jar-no-fork[m [1m(generate-sources)[m @ [36mapromore-bpmneditor[0;1m ---[m
[[1;34mINFO[m] Building jar: /home/javier/ApromoreCE/ApromoreCore/Apromore-Core-Components/Apromore-BPMNEditor/target/apromore-bpmneditor-1.1-sources.jar
[[1;34mINFO[m] 
[[1;34mINFO[m] [1m--- [0;32mmaven-checkstyle-plugin:2.10:checkstyle[m [1m(run-checkstyle)[m @ [36mapromore-bpmneditor[0;1m ---[m
[[1;34mINFO[m] 
[[1;34mINFO[m] [1m--- [0;32mjacoco-maven-plugin:0.8.4:check[m [1m(check)[m @ [36mapromore-bpmneditor[0;1m ---[m
[[1;34mINFO[m] Skipping JaCoCo execution because property jacoco.skip is set.
[[1;34mINFO[m] 
[[1;34mINFO[m] [1m--- [0;32mmaven-install-plugin:2.4:install[m [1m(default-install)[m @ [36mapromore-bpmneditor[0;1m ---[m
[[1;34mINFO[m] Installing /home/javier/ApromoreCE/ApromoreCore/Apromore-Core-Components/Apromore-BPMNEditor/target/apromore-bpmneditor-1.1.war to /home/javier/.m2/repository/org/apromore/plugin/apromore-bpmneditor/1.1/apromore-bpmneditor-1.1.war
[[1;34mINFO[m] Installing /home/javier/ApromoreCE/ApromoreCore/Apromore-Core-Components/Apromore-BPMNEditor/pom.xml to /home/javier/.m2/repository/org/apromore/plugin/apromore-bpmneditor/1.1/apromore-bpmneditor-1.1.pom
[[1;34mINFO[m] Installing /home/javier/ApromoreCE/ApromoreCore/Apromore-Core-Components/Apromore-BPMNEditor/target/apromore-bpmneditor-1.1-classes.jar to /home/javier/.m2/repository/org/apromore/plugin/apromore-bpmneditor/1.1/apromore-bpmneditor-1.1-classes.jar
[[1;34mINFO[m] Installing /home/javier/ApromoreCE/ApromoreCore/Apromore-Core-Components/Apromore-BPMNEditor/target/apromore-bpmneditor-1.1-sources.jar to /home/javier/.m2/repository/org/apromore/plugin/apromore-bpmneditor/1.1/apromore-bpmneditor-1.1-sources.jar
[[1;34mINFO[m] 
[[1;34mINFO[m] [1m------------------< [0;36morg.apromore.plugin:database-h2[0;1m >-------------------[m
[[1;34mINFO[m] [1mBuilding Apromore H2 Plugin 1.1                                 [44/124][m
[[1;34mINFO[m] [1m--------------------------------[ jar ]---------------------------------[m
[[1;34mINFO[m] 
[[1;34mINFO[m] [1m--- [0;32mmaven-clean-plugin:2.5:clean[m [1m(default-clean)[m @ [36mdatabase-h2[0;1m ---[m
[[1;34mINFO[m] Deleting /home/javier/ApromoreCE/ApromoreCore/Apromore-Plugins/plugin-database/database-h2/target
[[1;34mINFO[m] Deleting /home/javier/ApromoreCE/ApromoreCore/Apromore-Plugins/plugin-database/database-h2 (includes = [surefire*], excludes = [])
[[1;34mINFO[m] 
[[1;34mINFO[m] [1m--- [0;32mmaven-enforcer-plugin:1.3:enforce[m [1m(enforce-banned-dependencies)[m @ [36mdatabase-h2[0;1m ---[m
[[1;34mINFO[m] 
[[1;34mINFO[m] [1m--- [0;32mgit-commit-id-plugin:2.2.1:revision[m [1m(get-the-git-infos)[m @ [36mdatabase-h2[0;1m ---[m
[[1;34mINFO[m] 
[[1;34mINFO[m] [1m--- [0;32mjacoco-maven-plugin:0.8.4:prepare-agent[m [1m(prepare-agent)[m @ [36mdatabase-h2[0;1m ---[m
[[1;34mINFO[m] Skipping JaCoCo execution because property jacoco.skip is set.
[[1;34mINFO[m] argLine set to empty
[[1;34mINFO[m] 
[[1;34mINFO[m] [1m--- [0;32mmaven-resources-plugin:2.6:resources[m [1m(default-resources)[m @ [36mdatabase-h2[0;1m ---[m
[[1;34mINFO[m] Using 'UTF-8' encoding to copy filtered resources.
[[1;34mINFO[m] Copying 1 resource
[[1;34mINFO[m] 
[[1;34mINFO[m] [1m--- [0;32mmaven-jxr-plugin:2.3:jxr[m [1m(default)[m @ [36mdatabase-h2[0;1m ---[m
[[1;34mINFO[m] 
[[1;34mINFO[m] [1m--- [0;32mmaven-compiler-plugin:3.0:compile[m [1m(default-compile)[m @ [36mdatabase-h2[0;1m ---[m
[[1;34mINFO[m] No sources to compile
[[1;34mINFO[m] 
[[1;34mINFO[m] [1m--- [0;32mmaven-bundle-plugin:3.0.1:manifest[m [1m(bundle-manifest)[m @ [36mdatabase-h2[0;1m ---[m
[[1;34mINFO[m] 
[[1;34mINFO[m] [1m--- [0;32mmaven-resources-plugin:2.6:testResources[m [1m(default-testResources)[m @ [36mdatabase-h2[0;1m ---[m
[[1;34mINFO[m] Using 'UTF-8' encoding to copy filtered resources.
[[1;34mINFO[m] skip non existing resourceDirectory /home/javier/ApromoreCE/ApromoreCore/Apromore-Plugins/plugin-database/database-h2/src/test/resources
[[1;34mINFO[m] 
[[1;34mINFO[m] [1m--- [0;32mmaven-compiler-plugin:3.0:testCompile[m [1m(default-testCompile)[m @ [36mdatabase-h2[0;1m ---[m
[[1;34mINFO[m] No sources to compile
[[1;34mINFO[m] 
[[1;34mINFO[m] [1m--- [0;32mmaven-surefire-plugin:2.14.1:test[m [1m(default-test)[m @ [36mdatabase-h2[0;1m ---[m
[[1;34mINFO[m] No tests to run.
[[1;34mINFO[m] 
[[1;34mINFO[m] [1m--- [0;32mjacoco-maven-plugin:0.8.4:report[m [1m(report)[m @ [36mdatabase-h2[0;1m ---[m
[[1;34mINFO[m] Skipping JaCoCo execution because property jacoco.skip is set.
[[1;34mINFO[m] 
[[1;34mINFO[m] [1m--- [0;32mmaven-jar-plugin:2.3.2:jar[m [1m(default-jar)[m @ [36mdatabase-h2[0;1m ---[m
[[1;34mINFO[m] Building jar: /home/javier/ApromoreCE/ApromoreCore/Apromore-Plugins/plugin-database/database-h2/target/database-h2-1.1.jar
[[1;34mINFO[m] META-INF/maven/org.apromore.plugin/database-h2/pom.xml already added, skipping
[[1;34mINFO[m] META-INF/maven/org.apromore.plugin/database-h2/pom.properties already added, skipping
[[1;34mINFO[m] 
[[1;34mINFO[m] [1m--- [0;32mmaven-surefire-plugin:2.14.1:test[m [1m(integration-test)[m @ [36mdatabase-h2[0;1m ---[m
[[1;34mINFO[m] No tests to run.
[[1;34mINFO[m] 
[[1;34mINFO[m] [1m--- [0;32mmaven-source-plugin:2.2.1:jar-no-fork[m [1m(generate-sources)[m @ [36mdatabase-h2[0;1m ---[m
[[1;34mINFO[m] Building jar: /home/javier/ApromoreCE/ApromoreCore/Apromore-Plugins/plugin-database/database-h2/target/database-h2-1.1-sources.jar
[[1;34mINFO[m] 
[[1;34mINFO[m] [1m--- [0;32mmaven-checkstyle-plugin:2.10:checkstyle[m [1m(run-checkstyle)[m @ [36mdatabase-h2[0;1m ---[m
[[1;34mINFO[m] 
[[1;34mINFO[m] [1m--- [0;32mjacoco-maven-plugin:0.8.4:check[m [1m(check)[m @ [36mdatabase-h2[0;1m ---[m
[[1;34mINFO[m] Skipping JaCoCo execution because property jacoco.skip is set.
[[1;34mINFO[m] 
[[1;34mINFO[m] [1m--- [0;32mmaven-install-plugin:2.4:install[m [1m(default-install)[m @ [36mdatabase-h2[0;1m ---[m
[[1;34mINFO[m] Installing /home/javier/ApromoreCE/ApromoreCore/Apromore-Plugins/plugin-database/database-h2/target/database-h2-1.1.jar to /home/javier/.m2/repository/org/apromore/plugin/database-h2/1.1/database-h2-1.1.jar
[[1;34mINFO[m] Installing /home/javier/ApromoreCE/ApromoreCore/Apromore-Plugins/plugin-database/database-h2/pom.xml to /home/javier/.m2/repository/org/apromore/plugin/database-h2/1.1/database-h2-1.1.pom
[[1;34mINFO[m] Installing /home/javier/ApromoreCE/ApromoreCore/Apromore-Plugins/plugin-database/database-h2/target/database-h2-1.1-sources.jar to /home/javier/.m2/repository/org/apromore/plugin/database-h2/1.1/database-h2-1.1-sources.jar
[[1;34mINFO[m] 
[[1;34mINFO[m] [1m-----------------< [0;36morg.apromore.plugin:database-mysql[0;1m >-----------------[m
[[1;34mINFO[m] [1mBuilding Apromore MySQL Plugin 1.1                              [45/124][m
[[1;34mINFO[m] [1m--------------------------------[ jar ]---------------------------------[m
[[1;34mINFO[m] 
[[1;34mINFO[m] [1m--- [0;32mmaven-clean-plugin:2.5:clean[m [1m(default-clean)[m @ [36mdatabase-mysql[0;1m ---[m
[[1;34mINFO[m] Deleting /home/javier/ApromoreCE/ApromoreCore/Apromore-Plugins/plugin-database/database-mysql/target
[[1;34mINFO[m] Deleting /home/javier/ApromoreCE/ApromoreCore/Apromore-Plugins/plugin-database/database-mysql (includes = [surefire*], excludes = [])
[[1;34mINFO[m] 
[[1;34mINFO[m] [1m--- [0;32mmaven-enforcer-plugin:1.3:enforce[m [1m(enforce-banned-dependencies)[m @ [36mdatabase-mysql[0;1m ---[m
[[1;34mINFO[m] 
[[1;34mINFO[m] [1m--- [0;32mgit-commit-id-plugin:2.2.1:revision[m [1m(get-the-git-infos)[m @ [36mdatabase-mysql[0;1m ---[m
[[1;34mINFO[m] 
[[1;34mINFO[m] [1m--- [0;32mjacoco-maven-plugin:0.8.4:prepare-agent[m [1m(prepare-agent)[m @ [36mdatabase-mysql[0;1m ---[m
[[1;34mINFO[m] Skipping JaCoCo execution because property jacoco.skip is set.
[[1;34mINFO[m] argLine set to empty
[[1;34mINFO[m] 
[[1;34mINFO[m] [1m--- [0;32mmaven-resources-plugin:2.6:resources[m [1m(default-resources)[m @ [36mdatabase-mysql[0;1m ---[m
[[1;34mINFO[m] Using 'UTF-8' encoding to copy filtered resources.
[[1;34mINFO[m] Copying 1 resource
[[1;34mINFO[m] 
[[1;34mINFO[m] [1m--- [0;32mmaven-jxr-plugin:2.3:jxr[m [1m(default)[m @ [36mdatabase-mysql[0;1m ---[m
[[1;34mINFO[m] 
[[1;34mINFO[m] [1m--- [0;32mmaven-compiler-plugin:3.0:compile[m [1m(default-compile)[m @ [36mdatabase-mysql[0;1m ---[m
[[1;34mINFO[m] No sources to compile
[[1;34mINFO[m] 
[[1;34mINFO[m] [1m--- [0;32mmaven-bundle-plugin:3.0.1:manifest[m [1m(bundle-manifest)[m @ [36mdatabase-mysql[0;1m ---[m
[[1;34mINFO[m] 
[[1;34mINFO[m] [1m--- [0;32mmaven-resources-plugin:2.6:testResources[m [1m(default-testResources)[m @ [36mdatabase-mysql[0;1m ---[m
[[1;34mINFO[m] Using 'UTF-8' encoding to copy filtered resources.
[[1;34mINFO[m] skip non existing resourceDirectory /home/javier/ApromoreCE/ApromoreCore/Apromore-Plugins/plugin-database/database-mysql/src/test/resources
[[1;34mINFO[m] 
[[1;34mINFO[m] [1m--- [0;32mmaven-compiler-plugin:3.0:testCompile[m [1m(default-testCompile)[m @ [36mdatabase-mysql[0;1m ---[m
[[1;34mINFO[m] No sources to compile
[[1;34mINFO[m] 
[[1;34mINFO[m] [1m--- [0;32mmaven-surefire-plugin:2.14.1:test[m [1m(default-test)[m @ [36mdatabase-mysql[0;1m ---[m
[[1;34mINFO[m] No tests to run.
[[1;34mINFO[m] 
[[1;34mINFO[m] [1m--- [0;32mjacoco-maven-plugin:0.8.4:report[m [1m(report)[m @ [36mdatabase-mysql[0;1m ---[m
[[1;34mINFO[m] Skipping JaCoCo execution because property jacoco.skip is set.
[[1;34mINFO[m] 
[[1;34mINFO[m] [1m--- [0;32mmaven-jar-plugin:2.3.2:jar[m [1m(default-jar)[m @ [36mdatabase-mysql[0;1m ---[m
[[1;34mINFO[m] Building jar: /home/javier/ApromoreCE/ApromoreCore/Apromore-Plugins/plugin-database/database-mysql/target/database-mysql-1.1.jar
[[1;34mINFO[m] META-INF/maven/org.apromore.plugin/database-mysql/pom.xml already added, skipping
[[1;34mINFO[m] META-INF/maven/org.apromore.plugin/database-mysql/pom.properties already added, skipping
[[1;34mINFO[m] 
[[1;34mINFO[m] [1m--- [0;32mmaven-surefire-plugin:2.14.1:test[m [1m(integration-test)[m @ [36mdatabase-mysql[0;1m ---[m
[[1;34mINFO[m] No tests to run.
[[1;34mINFO[m] 
[[1;34mINFO[m] [1m--- [0;32mmaven-source-plugin:2.2.1:jar-no-fork[m [1m(generate-sources)[m @ [36mdatabase-mysql[0;1m ---[m
[[1;34mINFO[m] Building jar: /home/javier/ApromoreCE/ApromoreCore/Apromore-Plugins/plugin-database/database-mysql/target/database-mysql-1.1-sources.jar
[[1;34mINFO[m] 
[[1;34mINFO[m] [1m--- [0;32mmaven-checkstyle-plugin:2.10:checkstyle[m [1m(run-checkstyle)[m @ [36mdatabase-mysql[0;1m ---[m
[[1;34mINFO[m] 
[[1;34mINFO[m] [1m--- [0;32mjacoco-maven-plugin:0.8.4:check[m [1m(check)[m @ [36mdatabase-mysql[0;1m ---[m
[[1;34mINFO[m] Skipping JaCoCo execution because property jacoco.skip is set.
[[1;34mINFO[m] 
[[1;34mINFO[m] [1m--- [0;32mmaven-install-plugin:2.4:install[m [1m(default-install)[m @ [36mdatabase-mysql[0;1m ---[m
[[1;34mINFO[m] Installing /home/javier/ApromoreCE/ApromoreCore/Apromore-Plugins/plugin-database/database-mysql/target/database-mysql-1.1.jar to /home/javier/.m2/repository/org/apromore/plugin/database-mysql/1.1/database-mysql-1.1.jar
[[1;34mINFO[m] Installing /home/javier/ApromoreCE/ApromoreCore/Apromore-Plugins/plugin-database/database-mysql/pom.xml to /home/javier/.m2/repository/org/apromore/plugin/database-mysql/1.1/database-mysql-1.1.pom
[[1;34mINFO[m] Installing /home/javier/ApromoreCE/ApromoreCore/Apromore-Plugins/plugin-database/database-mysql/target/database-mysql-1.1-sources.jar to /home/javier/.m2/repository/org/apromore/plugin/database-mysql/1.1/database-mysql-1.1-sources.jar
[[1;34mINFO[m] 
[[1;34mINFO[m] [1m----------------< [0;36morg.apromore.plugin:database-oracle[0;1m >-----------------[m
[[1;34mINFO[m] [1mBuilding Apromore Oracle Plugin 1.1                             [46/124][m
[[1;34mINFO[m] [1m--------------------------------[ jar ]---------------------------------[m
[[1;34mINFO[m] 
[[1;34mINFO[m] [1m--- [0;32mmaven-clean-plugin:2.5:clean[m [1m(default-clean)[m @ [36mdatabase-oracle[0;1m ---[m
[[1;34mINFO[m] Deleting /home/javier/ApromoreCE/ApromoreCore/Apromore-Plugins/plugin-database/database-oracle/target
[[1;34mINFO[m] Deleting /home/javier/ApromoreCE/ApromoreCore/Apromore-Plugins/plugin-database/database-oracle (includes = [surefire*], excludes = [])
[[1;34mINFO[m] 
[[1;34mINFO[m] [1m--- [0;32mmaven-enforcer-plugin:1.3:enforce[m [1m(enforce-banned-dependencies)[m @ [36mdatabase-oracle[0;1m ---[m
[[1;34mINFO[m] 
[[1;34mINFO[m] [1m--- [0;32mgit-commit-id-plugin:2.2.1:revision[m [1m(get-the-git-infos)[m @ [36mdatabase-oracle[0;1m ---[m
[[1;34mINFO[m] 
[[1;34mINFO[m] [1m--- [0;32mjacoco-maven-plugin:0.8.4:prepare-agent[m [1m(prepare-agent)[m @ [36mdatabase-oracle[0;1m ---[m
[[1;34mINFO[m] Skipping JaCoCo execution because property jacoco.skip is set.
[[1;34mINFO[m] argLine set to empty
[[1;34mINFO[m] 
[[1;34mINFO[m] [1m--- [0;32mmaven-resources-plugin:2.6:resources[m [1m(default-resources)[m @ [36mdatabase-oracle[0;1m ---[m
[[1;34mINFO[m] Using 'UTF-8' encoding to copy filtered resources.
[[1;34mINFO[m] Copying 1 resource
[[1;34mINFO[m] 
[[1;34mINFO[m] [1m--- [0;32mmaven-jxr-plugin:2.3:jxr[m [1m(default)[m @ [36mdatabase-oracle[0;1m ---[m
[[1;34mINFO[m] 
[[1;34mINFO[m] [1m--- [0;32mmaven-compiler-plugin:3.0:compile[m [1m(default-compile)[m @ [36mdatabase-oracle[0;1m ---[m
[[1;34mINFO[m] No sources to compile
[[1;34mINFO[m] 
[[1;34mINFO[m] [1m--- [0;32mmaven-bundle-plugin:3.0.1:manifest[m [1m(bundle-manifest)[m @ [36mdatabase-oracle[0;1m ---[m
[[1;34mINFO[m] 
[[1;34mINFO[m] [1m--- [0;32mmaven-resources-plugin:2.6:testResources[m [1m(default-testResources)[m @ [36mdatabase-oracle[0;1m ---[m
[[1;34mINFO[m] Using 'UTF-8' encoding to copy filtered resources.
[[1;34mINFO[m] skip non existing resourceDirectory /home/javier/ApromoreCE/ApromoreCore/Apromore-Plugins/plugin-database/database-oracle/src/test/resources
[[1;34mINFO[m] 
[[1;34mINFO[m] [1m--- [0;32mmaven-compiler-plugin:3.0:testCompile[m [1m(default-testCompile)[m @ [36mdatabase-oracle[0;1m ---[m
[[1;34mINFO[m] No sources to compile
[[1;34mINFO[m] 
[[1;34mINFO[m] [1m--- [0;32mmaven-surefire-plugin:2.14.1:test[m [1m(default-test)[m @ [36mdatabase-oracle[0;1m ---[m
[[1;34mINFO[m] No tests to run.
[[1;34mINFO[m] 
[[1;34mINFO[m] [1m--- [0;32mjacoco-maven-plugin:0.8.4:report[m [1m(report)[m @ [36mdatabase-oracle[0;1m ---[m
[[1;34mINFO[m] Skipping JaCoCo execution because property jacoco.skip is set.
[[1;34mINFO[m] 
[[1;34mINFO[m] [1m--- [0;32mmaven-jar-plugin:2.3.2:jar[m [1m(default-jar)[m @ [36mdatabase-oracle[0;1m ---[m
[[1;34mINFO[m] Building jar: /home/javier/ApromoreCE/ApromoreCore/Apromore-Plugins/plugin-database/database-oracle/target/database-oracle-1.1.jar
[[1;34mINFO[m] META-INF/maven/org.apromore.plugin/database-oracle/pom.xml already added, skipping
[[1;34mINFO[m] META-INF/maven/org.apromore.plugin/database-oracle/pom.properties already added, skipping
[[1;34mINFO[m] 
[[1;34mINFO[m] [1m--- [0;32mmaven-surefire-plugin:2.14.1:test[m [1m(integration-test)[m @ [36mdatabase-oracle[0;1m ---[m
[[1;34mINFO[m] No tests to run.
[[1;34mINFO[m] 
[[1;34mINFO[m] [1m--- [0;32mmaven-source-plugin:2.2.1:jar-no-fork[m [1m(generate-sources)[m @ [36mdatabase-oracle[0;1m ---[m
[[1;34mINFO[m] Building jar: /home/javier/ApromoreCE/ApromoreCore/Apromore-Plugins/plugin-database/database-oracle/target/database-oracle-1.1-sources.jar
[[1;34mINFO[m] 
[[1;34mINFO[m] [1m--- [0;32mmaven-checkstyle-plugin:2.10:checkstyle[m [1m(run-checkstyle)[m @ [36mdatabase-oracle[0;1m ---[m
[[1;34mINFO[m] 
[[1;34mINFO[m] [1m--- [0;32mjacoco-maven-plugin:0.8.4:check[m [1m(check)[m @ [36mdatabase-oracle[0;1m ---[m
[[1;34mINFO[m] Skipping JaCoCo execution because property jacoco.skip is set.
[[1;34mINFO[m] 
[[1;34mINFO[m] [1m--- [0;32mmaven-install-plugin:2.4:install[m [1m(default-install)[m @ [36mdatabase-oracle[0;1m ---[m
[[1;34mINFO[m] Installing /home/javier/ApromoreCE/ApromoreCore/Apromore-Plugins/plugin-database/database-oracle/target/database-oracle-1.1.jar to /home/javier/.m2/repository/org/apromore/plugin/database-oracle/1.1/database-oracle-1.1.jar
[[1;34mINFO[m] Installing /home/javier/ApromoreCE/ApromoreCore/Apromore-Plugins/plugin-database/database-oracle/pom.xml to /home/javier/.m2/repository/org/apromore/plugin/database-oracle/1.1/database-oracle-1.1.pom
[[1;34mINFO[m] Installing /home/javier/ApromoreCE/ApromoreCore/Apromore-Plugins/plugin-database/database-oracle/target/database-oracle-1.1-sources.jar to /home/javier/.m2/repository/org/apromore/plugin/database-oracle/1.1/database-oracle-1.1-sources.jar
[[1;34mINFO[m] 
[[1;34mINFO[m] [1m--------------< [0;36morg.apromore.plugin:database-postgresql[0;1m >---------------[m
[[1;34mINFO[m] [1mBuilding Apromore PostgreSQL Plugin 1.1                         [47/124][m
[[1;34mINFO[m] [1m--------------------------------[ jar ]---------------------------------[m
[[1;34mINFO[m] 
[[1;34mINFO[m] [1m--- [0;32mmaven-clean-plugin:2.5:clean[m [1m(default-clean)[m @ [36mdatabase-postgresql[0;1m ---[m
[[1;34mINFO[m] Deleting /home/javier/ApromoreCE/ApromoreCore/Apromore-Plugins/plugin-database/database-postgresql/target
[[1;34mINFO[m] Deleting /home/javier/ApromoreCE/ApromoreCore/Apromore-Plugins/plugin-database/database-postgresql (includes = [surefire*], excludes = [])
[[1;34mINFO[m] 
[[1;34mINFO[m] [1m--- [0;32mmaven-enforcer-plugin:1.3:enforce[m [1m(enforce-banned-dependencies)[m @ [36mdatabase-postgresql[0;1m ---[m
[[1;34mINFO[m] 
[[1;34mINFO[m] [1m--- [0;32mgit-commit-id-plugin:2.2.1:revision[m [1m(get-the-git-infos)[m @ [36mdatabase-postgresql[0;1m ---[m
[[1;34mINFO[m] 
[[1;34mINFO[m] [1m--- [0;32mjacoco-maven-plugin:0.8.4:prepare-agent[m [1m(prepare-agent)[m @ [36mdatabase-postgresql[0;1m ---[m
[[1;34mINFO[m] Skipping JaCoCo execution because property jacoco.skip is set.
[[1;34mINFO[m] argLine set to empty
[[1;34mINFO[m] 
[[1;34mINFO[m] [1m--- [0;32mmaven-resources-plugin:2.6:resources[m [1m(default-resources)[m @ [36mdatabase-postgresql[0;1m ---[m
[[1;34mINFO[m] Using 'UTF-8' encoding to copy filtered resources.
[[1;34mINFO[m] Copying 1 resource
[[1;34mINFO[m] 
[[1;34mINFO[m] [1m--- [0;32mmaven-jxr-plugin:2.3:jxr[m [1m(default)[m @ [36mdatabase-postgresql[0;1m ---[m
[[1;34mINFO[m] 
[[1;34mINFO[m] [1m--- [0;32mmaven-compiler-plugin:3.0:compile[m [1m(default-compile)[m @ [36mdatabase-postgresql[0;1m ---[m
[[1;34mINFO[m] No sources to compile
[[1;34mINFO[m] 
[[1;34mINFO[m] [1m--- [0;32mmaven-bundle-plugin:3.0.1:manifest[m [1m(bundle-manifest)[m @ [36mdatabase-postgresql[0;1m ---[m
[[1;34mINFO[m] 
[[1;34mINFO[m] [1m--- [0;32mmaven-resources-plugin:2.6:testResources[m [1m(default-testResources)[m @ [36mdatabase-postgresql[0;1m ---[m
[[1;34mINFO[m] Using 'UTF-8' encoding to copy filtered resources.
[[1;34mINFO[m] skip non existing resourceDirectory /home/javier/ApromoreCE/ApromoreCore/Apromore-Plugins/plugin-database/database-postgresql/src/test/resources
[[1;34mINFO[m] 
[[1;34mINFO[m] [1m--- [0;32mmaven-compiler-plugin:3.0:testCompile[m [1m(default-testCompile)[m @ [36mdatabase-postgresql[0;1m ---[m
[[1;34mINFO[m] No sources to compile
[[1;34mINFO[m] 
[[1;34mINFO[m] [1m--- [0;32mmaven-surefire-plugin:2.14.1:test[m [1m(default-test)[m @ [36mdatabase-postgresql[0;1m ---[m
[[1;34mINFO[m] No tests to run.
[[1;34mINFO[m] 
[[1;34mINFO[m] [1m--- [0;32mjacoco-maven-plugin:0.8.4:report[m [1m(report)[m @ [36mdatabase-postgresql[0;1m ---[m
[[1;34mINFO[m] Skipping JaCoCo execution because property jacoco.skip is set.
[[1;34mINFO[m] 
[[1;34mINFO[m] [1m--- [0;32mmaven-jar-plugin:2.3.2:jar[m [1m(default-jar)[m @ [36mdatabase-postgresql[0;1m ---[m
[[1;34mINFO[m] Building jar: /home/javier/ApromoreCE/ApromoreCore/Apromore-Plugins/plugin-database/database-postgresql/target/database-postgresql-1.1.jar
[[1;34mINFO[m] META-INF/maven/org.apromore.plugin/database-postgresql/pom.xml already added, skipping
[[1;34mINFO[m] META-INF/maven/org.apromore.plugin/database-postgresql/pom.properties already added, skipping
[[1;34mINFO[m] 
[[1;34mINFO[m] [1m--- [0;32mmaven-surefire-plugin:2.14.1:test[m [1m(integration-test)[m @ [36mdatabase-postgresql[0;1m ---[m
[[1;34mINFO[m] No tests to run.
[[1;34mINFO[m] 
[[1;34mINFO[m] [1m--- [0;32mmaven-source-plugin:2.2.1:jar-no-fork[m [1m(generate-sources)[m @ [36mdatabase-postgresql[0;1m ---[m
[[1;34mINFO[m] Building jar: /home/javier/ApromoreCE/ApromoreCore/Apromore-Plugins/plugin-database/database-postgresql/target/database-postgresql-1.1-sources.jar
[[1;34mINFO[m] 
[[1;34mINFO[m] [1m--- [0;32mmaven-checkstyle-plugin:2.10:checkstyle[m [1m(run-checkstyle)[m @ [36mdatabase-postgresql[0;1m ---[m
[[1;34mINFO[m] 
[[1;34mINFO[m] [1m--- [0;32mjacoco-maven-plugin:0.8.4:check[m [1m(check)[m @ [36mdatabase-postgresql[0;1m ---[m
[[1;34mINFO[m] Skipping JaCoCo execution because property jacoco.skip is set.
[[1;34mINFO[m] 
[[1;34mINFO[m] [1m--- [0;32mmaven-install-plugin:2.4:install[m [1m(default-install)[m @ [36mdatabase-postgresql[0;1m ---[m
[[1;34mINFO[m] Installing /home/javier/ApromoreCE/ApromoreCore/Apromore-Plugins/plugin-database/database-postgresql/target/database-postgresql-1.1.jar to /home/javier/.m2/repository/org/apromore/plugin/database-postgresql/1.1/database-postgresql-1.1.jar
[[1;34mINFO[m] Installing /home/javier/ApromoreCE/ApromoreCore/Apromore-Plugins/plugin-database/database-postgresql/pom.xml to /home/javier/.m2/repository/org/apromore/plugin/database-postgresql/1.1/database-postgresql-1.1.pom
[[1;34mINFO[m] Installing /home/javier/ApromoreCE/ApromoreCore/Apromore-Plugins/plugin-database/database-postgresql/target/database-postgresql-1.1-sources.jar to /home/javier/.m2/repository/org/apromore/plugin/database-postgresql/1.1/database-postgresql-1.1-sources.jar
[[1;34mINFO[m] 
[[1;34mINFO[m] [1m-----------------< [0;36morg.apromore.plugin:canoniser-bpmn[0;1m >-----------------[m
[[1;34mINFO[m] [1mBuilding Apromore BPMN Canoniser 1.1                            [48/124][m
[[1;34mINFO[m] [1m--------------------------------[ jar ]---------------------------------[m
[[1;34mINFO[m] 
[[1;34mINFO[m] [1m--- [0;32mmaven-clean-plugin:2.5:clean[m [1m(default-clean)[m @ [36mcanoniser-bpmn[0;1m ---[m
[[1;34mINFO[m] Deleting /home/javier/ApromoreCE/ApromoreCore/Apromore-Plugins/plugin-canoniser/bpmn/target
[[1;34mINFO[m] Deleting /home/javier/ApromoreCE/ApromoreCore/Apromore-Plugins/plugin-canoniser/bpmn (includes = [surefire*], excludes = [])
[[1;34mINFO[m] 
[[1;34mINFO[m] [1m--- [0;32mmaven-enforcer-plugin:1.3:enforce[m [1m(enforce-banned-dependencies)[m @ [36mcanoniser-bpmn[0;1m ---[m
[[1;34mINFO[m] 
[[1;34mINFO[m] [1m--- [0;32mgit-commit-id-plugin:2.2.1:revision[m [1m(get-the-git-infos)[m @ [36mcanoniser-bpmn[0;1m ---[m
[[1;34mINFO[m] 
[[1;34mINFO[m] [1m--- [0;32mjacoco-maven-plugin:0.8.4:prepare-agent[m [1m(prepare-agent)[m @ [36mcanoniser-bpmn[0;1m ---[m
[[1;34mINFO[m] Skipping JaCoCo execution because property jacoco.skip is set.
[[1;34mINFO[m] argLine set to empty
[[1;34mINFO[m] 
[[1;34mINFO[m] [1m--- [0;32mmaven-resources-plugin:2.6:resources[m [1m(default-resources)[m @ [36mcanoniser-bpmn[0;1m ---[m
[[1;34mINFO[m] Using 'UTF-8' encoding to copy filtered resources.
[[1;34mINFO[m] Copying 4 resources
[[1;34mINFO[m] 
[[1;34mINFO[m] [1m--- [0;32mmaven-jxr-plugin:2.3:jxr[m [1m(default)[m @ [36mcanoniser-bpmn[0;1m ---[m
[[1;34mINFO[m] 
[[1;34mINFO[m] [1m--- [0;32mmaven-compiler-plugin:3.0:compile[m [1m(default-compile)[m @ [36mcanoniser-bpmn[0;1m ---[m
[[1;34mINFO[m] Changes detected - recompiling the module!
[[1;34mINFO[m] Compiling 82 source files to /home/javier/ApromoreCE/ApromoreCore/Apromore-Plugins/plugin-canoniser/bpmn/target/classes
[[1;34mINFO[m] 
[[1;34mINFO[m] [1m--- [0;32mmaven-bundle-plugin:3.0.1:manifest[m [1m(bundle-manifest)[m @ [36mcanoniser-bpmn[0;1m ---[m
[[1;34mINFO[m] 
[[1;34mINFO[m] [1m--- [0;32mmaven-resources-plugin:2.6:testResources[m [1m(default-testResources)[m @ [36mcanoniser-bpmn[0;1m ---[m
[[1;34mINFO[m] Using 'UTF-8' encoding to copy filtered resources.
[[1;34mINFO[m] Copying 75 resources
[[1;34mINFO[m] 
[[1;34mINFO[m] [1m--- [0;32mmaven-compiler-plugin:3.0:testCompile[m [1m(default-testCompile)[m @ [36mcanoniser-bpmn[0;1m ---[m
[[1;34mINFO[m] Changes detected - recompiling the module!
[[1;34mINFO[m] Compiling 10 source files to /home/javier/ApromoreCE/ApromoreCore/Apromore-Plugins/plugin-canoniser/bpmn/target/test-classes
[[1;34mINFO[m] 
[[1;34mINFO[m] [1m--- [0;32mmaven-surefire-plugin:2.14.1:test[m [1m(default-test)[m @ [36mcanoniser-bpmn[0;1m ---[m
[[1;34mINFO[m] Surefire report directory: /home/javier/ApromoreCE/ApromoreCore/Apromore-Plugins/plugin-canoniser/bpmn/target/surefire-reports

-------------------------------------------------------
 T E S T S
-------------------------------------------------------
OpenJDK 64-Bit Server VM warning: ignoring option MaxPermSize=1024m; support was removed in 8.0
Running org.apromore.canoniser.bpmn.BPMN20CanoniserUnitTest
Tests run: 3, Failures: 0, Errors: 0, Skipped: 0, Time elapsed: 1.842 sec
Running org.apromore.canoniser.bpmn.IdFactoryUnitTest
Tests run: 3, Failures: 0, Errors: 0, Skipped: 0, Time elapsed: 0 sec
Running org.apromore.canoniser.bpmn.bpmn.BpmnDefinitionsUnitTest
Tests run: 20, Failures: 0, Errors: 0, Skipped: 0, Time elapsed: 9.137 sec
Running org.apromore.canoniser.bpmn.bpmn.JarLSResourceResolverUnitTest
Tests run: 2, Failures: 0, Errors: 0, Skipped: 0, Time elapsed: 0.007 sec
Running org.apromore.canoniser.bpmn.cpf.CpfCanonicalProcessTypeUnitTest
Tests run: 35, Failures: 0, Errors: 0, Skipped: 8, Time elapsed: 12.318 sec
Running org.apromore.canoniser.bpmn.cpf.CpfEventTypeUnitTest
Tests run: 1, Failures: 0, Errors: 0, Skipped: 0, Time elapsed: 0 sec
Running org.apromore.canoniser.bpmn.cpf.CpfObjectTypeUnitTest
Tests run: 2, Failures: 0, Errors: 0, Skipped: 0, Time elapsed: 0.001 sec
Running org.apromore.canoniser.bpmn.cpf.CpfTaskTypeUnitTest
Tests run: 2, Failures: 0, Errors: 0, Skipped: 0, Time elapsed: 0 sec
Running org.apromore.canoniser.bpmn.cpf.ObjectFactoryUnitTest
Tests run: 1, Failures: 0, Errors: 0, Skipped: 0, Time elapsed: 0.011 sec

Results :

Tests run: 69, Failures: 0, Errors: 0, Skipped: 8

[[1;34mINFO[m] 
[[1;34mINFO[m] [1m--- [0;32mjacoco-maven-plugin:0.8.4:report[m [1m(report)[m @ [36mcanoniser-bpmn[0;1m ---[m
[[1;34mINFO[m] Skipping JaCoCo execution because property jacoco.skip is set.
[[1;34mINFO[m] 
[[1;34mINFO[m] [1m--- [0;32mmaven-jar-plugin:2.3.2:jar[m [1m(default-jar)[m @ [36mcanoniser-bpmn[0;1m ---[m
[[1;34mINFO[m] Building jar: /home/javier/ApromoreCE/ApromoreCore/Apromore-Plugins/plugin-canoniser/bpmn/target/canoniser-bpmn-1.1.jar
[[1;34mINFO[m] 
[[1;34mINFO[m] [1m--- [0;32mmaven-surefire-plugin:2.14.1:test[m [1m(integration-test)[m @ [36mcanoniser-bpmn[0;1m ---[m
[[1;34mINFO[m] 
[[1;34mINFO[m] [1m--- [0;32mmaven-source-plugin:2.2.1:jar-no-fork[m [1m(generate-sources)[m @ [36mcanoniser-bpmn[0;1m ---[m
[[1;34mINFO[m] Building jar: /home/javier/ApromoreCE/ApromoreCore/Apromore-Plugins/plugin-canoniser/bpmn/target/canoniser-bpmn-1.1-sources.jar
[[1;34mINFO[m] 
[[1;34mINFO[m] [1m--- [0;32mmaven-checkstyle-plugin:2.10:checkstyle[m [1m(run-checkstyle)[m @ [36mcanoniser-bpmn[0;1m ---[m
[[1;34mINFO[m] 
[[1;34mINFO[m] [1m--- [0;32mjacoco-maven-plugin:0.8.4:check[m [1m(check)[m @ [36mcanoniser-bpmn[0;1m ---[m
[[1;34mINFO[m] Skipping JaCoCo execution because property jacoco.skip is set.
[[1;34mINFO[m] 
[[1;34mINFO[m] [1m--- [0;32mmaven-install-plugin:2.4:install[m [1m(default-install)[m @ [36mcanoniser-bpmn[0;1m ---[m
[[1;34mINFO[m] Installing /home/javier/ApromoreCE/ApromoreCore/Apromore-Plugins/plugin-canoniser/bpmn/target/canoniser-bpmn-1.1.jar to /home/javier/.m2/repository/org/apromore/plugin/canoniser-bpmn/1.1/canoniser-bpmn-1.1.jar
[[1;34mINFO[m] Installing /home/javier/ApromoreCE/ApromoreCore/Apromore-Plugins/plugin-canoniser/bpmn/pom.xml to /home/javier/.m2/repository/org/apromore/plugin/canoniser-bpmn/1.1/canoniser-bpmn-1.1.pom
[[1;34mINFO[m] Installing /home/javier/ApromoreCE/ApromoreCore/Apromore-Plugins/plugin-canoniser/bpmn/target/canoniser-bpmn-1.1-sources.jar to /home/javier/.m2/repository/org/apromore/plugin/canoniser-bpmn/1.1/canoniser-bpmn-1.1-sources.jar
[[1;34mINFO[m] 
[[1;34mINFO[m] [1m-------------------< [0;36morg.apromore:splitminer-logic[0;1m >--------------------[m
[[1;34mINFO[m] [1mBuilding SplitMiner-Logic 1.0                                   [49/124][m
[[1;34mINFO[m] [1m-------------------------------[ bundle ]-------------------------------[m
[[1;34mINFO[m] 
[[1;34mINFO[m] [1m--- [0;32mmaven-clean-plugin:2.5:clean[m [1m(default-clean)[m @ [36msplitminer-logic[0;1m ---[m
[[1;34mINFO[m] Deleting /home/javier/ApromoreCE/ApromoreCore/Apromore-Custom-Plugins/SplitMiner-Logic/target
[[1;34mINFO[m] Deleting /home/javier/ApromoreCE/ApromoreCore/Apromore-Custom-Plugins/SplitMiner-Logic (includes = [surefire*], excludes = [])
[[1;34mINFO[m] 
[[1;34mINFO[m] [1m--- [0;32mmaven-enforcer-plugin:1.3:enforce[m [1m(enforce-banned-dependencies)[m @ [36msplitminer-logic[0;1m ---[m
[[1;34mINFO[m] 
[[1;34mINFO[m] [1m--- [0;32mgit-commit-id-plugin:2.2.1:revision[m [1m(get-the-git-infos)[m @ [36msplitminer-logic[0;1m ---[m
[[1;34mINFO[m] 
[[1;34mINFO[m] [1m--- [0;32mjacoco-maven-plugin:0.8.4:prepare-agent[m [1m(prepare-agent)[m @ [36msplitminer-logic[0;1m ---[m
[[1;34mINFO[m] Skipping JaCoCo execution because property jacoco.skip is set.
[[1;34mINFO[m] argLine set to empty
[[1;34mINFO[m] 
[[1;34mINFO[m] [1m--- [0;32mmaven-resources-plugin:2.6:resources[m [1m(default-resources)[m @ [36msplitminer-logic[0;1m ---[m
[[1;34mINFO[m] Using 'UTF-8' encoding to copy filtered resources.
[[1;34mINFO[m] skip non existing resourceDirectory /home/javier/ApromoreCE/ApromoreCore/Apromore-Custom-Plugins/SplitMiner-Logic/src/main/resources
[[1;34mINFO[m] 
[[1;34mINFO[m] [1m--- [0;32mmaven-jxr-plugin:2.3:jxr[m [1m(default)[m @ [36msplitminer-logic[0;1m ---[m
[[1;34mINFO[m] 
[[1;34mINFO[m] [1m--- [0;32mmaven-compiler-plugin:3.0:compile[m [1m(default-compile)[m @ [36msplitminer-logic[0;1m ---[m
[[1;34mINFO[m] Changes detected - recompiling the module!
[[1;34mINFO[m] Compiling 16 source files to /home/javier/ApromoreCE/ApromoreCore/Apromore-Custom-Plugins/SplitMiner-Logic/target/classes
[[1;34mINFO[m] 
[[1;34mINFO[m] [1m--- [0;32mmaven-bundle-plugin:3.0.1:manifest[m [1m(bundle-manifest)[m @ [36msplitminer-logic[0;1m ---[m
[[1;34mINFO[m] 
[[1;34mINFO[m] [1m--- [0;32mmaven-resources-plugin:2.6:testResources[m [1m(default-testResources)[m @ [36msplitminer-logic[0;1m ---[m
[[1;34mINFO[m] Using 'UTF-8' encoding to copy filtered resources.
[[1;34mINFO[m] skip non existing resourceDirectory /home/javier/ApromoreCE/ApromoreCore/Apromore-Custom-Plugins/SplitMiner-Logic/src/test/resources
[[1;34mINFO[m] 
[[1;34mINFO[m] [1m--- [0;32mmaven-compiler-plugin:3.0:testCompile[m [1m(default-testCompile)[m @ [36msplitminer-logic[0;1m ---[m
[[1;34mINFO[m] No sources to compile
[[1;34mINFO[m] 
[[1;34mINFO[m] [1m--- [0;32mmaven-surefire-plugin:2.14.1:test[m [1m(default-test)[m @ [36msplitminer-logic[0;1m ---[m
[[1;34mINFO[m] No tests to run.
[[1;34mINFO[m] 
[[1;34mINFO[m] [1m--- [0;32mjacoco-maven-plugin:0.8.4:report[m [1m(report)[m @ [36msplitminer-logic[0;1m ---[m
[[1;34mINFO[m] Skipping JaCoCo execution because property jacoco.skip is set.
[[1;34mINFO[m] 
[[1;34mINFO[m] [1m--- [0;32mmaven-bundle-plugin:3.0.1:bundle[m [1m(default-bundle)[m @ [36msplitminer-logic[0;1m ---[m
[[1;34mINFO[m] 
[[1;34mINFO[m] [1m--- [0;32mmaven-surefire-plugin:2.14.1:test[m [1m(integration-test)[m @ [36msplitminer-logic[0;1m ---[m
[[1;34mINFO[m] No tests to run.
[[1;34mINFO[m] 
[[1;34mINFO[m] [1m--- [0;32mmaven-source-plugin:2.2.1:jar-no-fork[m [1m(generate-sources)[m @ [36msplitminer-logic[0;1m ---[m
[[1;34mINFO[m] Building jar: /home/javier/ApromoreCE/ApromoreCore/Apromore-Custom-Plugins/SplitMiner-Logic/target/splitminer-logic-1.0-sources.jar
[[1;34mINFO[m] 
[[1;34mINFO[m] [1m--- [0;32mmaven-checkstyle-plugin:2.10:checkstyle[m [1m(run-checkstyle)[m @ [36msplitminer-logic[0;1m ---[m
[[1;34mINFO[m] 
[[1;34mINFO[m] [1m--- [0;32mjacoco-maven-plugin:0.8.4:check[m [1m(check)[m @ [36msplitminer-logic[0;1m ---[m
[[1;34mINFO[m] Skipping JaCoCo execution because property jacoco.skip is set.
[[1;34mINFO[m] 
[[1;34mINFO[m] [1m--- [0;32mmaven-install-plugin:2.4:install[m [1m(default-install)[m @ [36msplitminer-logic[0;1m ---[m
[[1;34mINFO[m] Installing /home/javier/ApromoreCE/ApromoreCore/Apromore-Custom-Plugins/SplitMiner-Logic/target/splitminer-logic-1.0.jar to /home/javier/.m2/repository/org/apromore/splitminer-logic/1.0/splitminer-logic-1.0.jar
[[1;34mINFO[m] Installing /home/javier/ApromoreCE/ApromoreCore/Apromore-Custom-Plugins/SplitMiner-Logic/pom.xml to /home/javier/.m2/repository/org/apromore/splitminer-logic/1.0/splitminer-logic-1.0.pom
[[1;34mINFO[m] Installing /home/javier/ApromoreCE/ApromoreCore/Apromore-Custom-Plugins/SplitMiner-Logic/target/splitminer-logic-1.0-sources.jar to /home/javier/.m2/repository/org/apromore/splitminer-logic/1.0/splitminer-logic-1.0-sources.jar
[[1;34mINFO[m] 
[[1;34mINFO[m] [1m--- [0;32mmaven-bundle-plugin:3.0.1:install[m [1m(default-install)[m @ [36msplitminer-logic[0;1m ---[m
[[1;34mINFO[m] Installing org/apromore/splitminer-logic/1.0/splitminer-logic-1.0.jar
[[1;34mINFO[m] Writing OBR metadata
[[1;34mINFO[m] 
[[1;34mINFO[m] [1m-------------------< [0;36morg.apromore:csvexporter-logic[0;1m >-------------------[m
[[1;34mINFO[m] [1mBuilding CSVExporter-Logic 1.0                                  [50/124][m
[[1;34mINFO[m] [1m-------------------------------[ bundle ]-------------------------------[m
[[1;34mINFO[m] 
[[1;34mINFO[m] [1m--- [0;32mmaven-clean-plugin:2.5:clean[m [1m(default-clean)[m @ [36mcsvexporter-logic[0;1m ---[m
[[1;34mINFO[m] Deleting /home/javier/ApromoreCE/ApromoreCore/Apromore-Custom-Plugins/CSVExporter-Logic/target
[[1;34mINFO[m] Deleting /home/javier/ApromoreCE/ApromoreCore/Apromore-Custom-Plugins/CSVExporter-Logic (includes = [surefire*], excludes = [])
[[1;34mINFO[m] 
[[1;34mINFO[m] [1m--- [0;32mmaven-enforcer-plugin:1.3:enforce[m [1m(enforce-banned-dependencies)[m @ [36mcsvexporter-logic[0;1m ---[m
[[1;34mINFO[m] 
[[1;34mINFO[m] [1m--- [0;32mgit-commit-id-plugin:2.2.1:revision[m [1m(get-the-git-infos)[m @ [36mcsvexporter-logic[0;1m ---[m
[[1;34mINFO[m] 
[[1;34mINFO[m] [1m--- [0;32mjacoco-maven-plugin:0.8.4:prepare-agent[m [1m(prepare-agent)[m @ [36mcsvexporter-logic[0;1m ---[m
[[1;34mINFO[m] Skipping JaCoCo execution because property jacoco.skip is set.
[[1;34mINFO[m] argLine set to empty
[[1;34mINFO[m] 
[[1;34mINFO[m] [1m--- [0;32mmaven-resources-plugin:2.6:resources[m [1m(default-resources)[m @ [36mcsvexporter-logic[0;1m ---[m
[[1;34mINFO[m] Using 'UTF-8' encoding to copy filtered resources.
[[1;34mINFO[m] Copying 1 resource
[[1;34mINFO[m] 
[[1;34mINFO[m] [1m--- [0;32mmaven-jxr-plugin:2.3:jxr[m [1m(default)[m @ [36mcsvexporter-logic[0;1m ---[m
[[1;34mINFO[m] 
[[1;34mINFO[m] [1m--- [0;32mmaven-compiler-plugin:3.0:compile[m [1m(default-compile)[m @ [36mcsvexporter-logic[0;1m ---[m
[[1;34mINFO[m] Changes detected - recompiling the module!
[[1;34mINFO[m] Compiling 3 source files to /home/javier/ApromoreCE/ApromoreCore/Apromore-Custom-Plugins/CSVExporter-Logic/target/classes
[[1;34mINFO[m] 
[[1;34mINFO[m] [1m--- [0;32mmaven-bundle-plugin:3.0.1:manifest[m [1m(bundle-manifest)[m @ [36mcsvexporter-logic[0;1m ---[m
[[1;34mINFO[m] 
[[1;34mINFO[m] [1m--- [0;32mmaven-resources-plugin:2.6:testResources[m [1m(default-testResources)[m @ [36mcsvexporter-logic[0;1m ---[m
[[1;34mINFO[m] Using 'UTF-8' encoding to copy filtered resources.
[[1;34mINFO[m] skip non existing resourceDirectory /home/javier/ApromoreCE/ApromoreCore/Apromore-Custom-Plugins/CSVExporter-Logic/src/test/resources
[[1;34mINFO[m] 
[[1;34mINFO[m] [1m--- [0;32mmaven-compiler-plugin:3.0:testCompile[m [1m(default-testCompile)[m @ [36mcsvexporter-logic[0;1m ---[m
[[1;34mINFO[m] No sources to compile
[[1;34mINFO[m] 
[[1;34mINFO[m] [1m--- [0;32mmaven-surefire-plugin:2.14.1:test[m [1m(default-test)[m @ [36mcsvexporter-logic[0;1m ---[m
[[1;34mINFO[m] No tests to run.
[[1;34mINFO[m] 
[[1;34mINFO[m] [1m--- [0;32mjacoco-maven-plugin:0.8.4:report[m [1m(report)[m @ [36mcsvexporter-logic[0;1m ---[m
[[1;34mINFO[m] Skipping JaCoCo execution because property jacoco.skip is set.
[[1;34mINFO[m] 
[[1;34mINFO[m] [1m--- [0;32mmaven-bundle-plugin:3.0.1:bundle[m [1m(default-bundle)[m @ [36mcsvexporter-logic[0;1m ---[m
[[1;34mINFO[m] 
[[1;34mINFO[m] [1m--- [0;32mmaven-surefire-plugin:2.14.1:test[m [1m(integration-test)[m @ [36mcsvexporter-logic[0;1m ---[m
[[1;34mINFO[m] No tests to run.
[[1;34mINFO[m] 
[[1;34mINFO[m] [1m--- [0;32mmaven-source-plugin:2.2.1:jar-no-fork[m [1m(generate-sources)[m @ [36mcsvexporter-logic[0;1m ---[m
[[1;34mINFO[m] Building jar: /home/javier/ApromoreCE/ApromoreCore/Apromore-Custom-Plugins/CSVExporter-Logic/target/csvexporter-logic-1.0-sources.jar
[[1;34mINFO[m] 
[[1;34mINFO[m] [1m--- [0;32mmaven-checkstyle-plugin:2.10:checkstyle[m [1m(run-checkstyle)[m @ [36mcsvexporter-logic[0;1m ---[m
[[1;34mINFO[m] 
[[1;34mINFO[m] [1m--- [0;32mjacoco-maven-plugin:0.8.4:check[m [1m(check)[m @ [36mcsvexporter-logic[0;1m ---[m
[[1;34mINFO[m] Skipping JaCoCo execution because property jacoco.skip is set.
[[1;34mINFO[m] 
[[1;34mINFO[m] [1m--- [0;32mmaven-install-plugin:2.4:install[m [1m(default-install)[m @ [36mcsvexporter-logic[0;1m ---[m
[[1;34mINFO[m] Installing /home/javier/ApromoreCE/ApromoreCore/Apromore-Custom-Plugins/CSVExporter-Logic/target/csvexporter-logic-1.0.jar to /home/javier/.m2/repository/org/apromore/csvexporter-logic/1.0/csvexporter-logic-1.0.jar
[[1;34mINFO[m] Installing /home/javier/ApromoreCE/ApromoreCore/Apromore-Custom-Plugins/CSVExporter-Logic/pom.xml to /home/javier/.m2/repository/org/apromore/csvexporter-logic/1.0/csvexporter-logic-1.0.pom
[[1;34mINFO[m] Installing /home/javier/ApromoreCE/ApromoreCore/Apromore-Custom-Plugins/CSVExporter-Logic/target/csvexporter-logic-1.0-sources.jar to /home/javier/.m2/repository/org/apromore/csvexporter-logic/1.0/csvexporter-logic-1.0-sources.jar
[[1;34mINFO[m] 
[[1;34mINFO[m] [1m--- [0;32mmaven-bundle-plugin:3.0.1:install[m [1m(default-install)[m @ [36mcsvexporter-logic[0;1m ---[m
[[1;34mINFO[m] Installing org/apromore/csvexporter-logic/1.0/csvexporter-logic-1.0.jar
[[1;34mINFO[m] Writing OBR metadata
[[1;34mINFO[m] 
[[1;34mINFO[m] [1m---------------< [0;36morg.apromore.plugin:file-portal-plugin[0;1m >---------------[m
[[1;34mINFO[m] [1mBuilding File operations portal plugin 1.0                      [51/124][m
[[1;34mINFO[m] [1m-------------------------------[ bundle ]-------------------------------[m
Downloading from ApromoreCore_SupportLibs: https://raw.github.com/apromore/ApromoreCore_SupportLibs/master/mvn-repo/org/apromore/apromore-manager/1.0/apromore-manager-1.0.pom
Downloading from EclipseLink Repo: http://download.eclipse.org/rt/eclipselink/maven.repo/org/apromore/apromore-manager/1.0/apromore-manager-1.0.pom
Downloading from eclipse-gemini: http://download.eclipse.org/gemini/mvn/org/apromore/apromore-manager/1.0/apromore-manager-1.0.pom
Downloading from ZK CE: http://mavensync.zkoss.org/maven2/org/apromore/apromore-manager/1.0/apromore-manager-1.0.pom
Downloading from central: https://repo.maven.apache.org/maven2/org/apromore/apromore-manager/1.0/apromore-manager-1.0.pom
[[1;33mWARNING[m] The POM for org.apromore:apromore-manager:jar:1.0 is missing, no dependency information available
[[1;34mINFO[m] 
[[1;34mINFO[m] [1m--- [0;32mmaven-clean-plugin:2.5:clean[m [1m(default-clean)[m @ [36mfile-portal-plugin[0;1m ---[m
[[1;34mINFO[m] Deleting /home/javier/ApromoreCE/ApromoreCore/Apromore-Custom-Plugins/File-Portal-Plugin/target
[[1;34mINFO[m] Deleting /home/javier/ApromoreCE/ApromoreCore/Apromore-Custom-Plugins/File-Portal-Plugin (includes = [surefire*], excludes = [])
[[1;34mINFO[m] 
[[1;34mINFO[m] [1m--- [0;32mmaven-enforcer-plugin:1.3:enforce[m [1m(enforce-banned-dependencies)[m @ [36mfile-portal-plugin[0;1m ---[m
[[1;34mINFO[m] 
[[1;34mINFO[m] [1m--- [0;32mgit-commit-id-plugin:2.2.1:revision[m [1m(get-the-git-infos)[m @ [36mfile-portal-plugin[0;1m ---[m
[[1;34mINFO[m] 
[[1;34mINFO[m] [1m--- [0;32mjacoco-maven-plugin:0.8.4:prepare-agent[m [1m(prepare-agent)[m @ [36mfile-portal-plugin[0;1m ---[m
[[1;34mINFO[m] Skipping JaCoCo execution because property jacoco.skip is set.
[[1;34mINFO[m] argLine set to empty
[[1;34mINFO[m] 
[[1;34mINFO[m] [1m--- [0;32mmaven-resources-plugin:2.6:resources[m [1m(default-resources)[m @ [36mfile-portal-plugin[0;1m ---[m
[[1;34mINFO[m] Using 'UTF-8' encoding to copy filtered resources.
[[1;34mINFO[m] Copying 11 resources
[[1;34mINFO[m] 
[[1;34mINFO[m] [1m--- [0;32mmaven-jxr-plugin:2.3:jxr[m [1m(default)[m @ [36mfile-portal-plugin[0;1m ---[m
[[1;34mINFO[m] 
[[1;34mINFO[m] [1m--- [0;32mmaven-compiler-plugin:3.0:compile[m [1m(default-compile)[m @ [36mfile-portal-plugin[0;1m ---[m
[[1;34mINFO[m] Changes detected - recompiling the module!
[[1;34mINFO[m] Compiling 9 source files to /home/javier/ApromoreCE/ApromoreCore/Apromore-Custom-Plugins/File-Portal-Plugin/target/classes
[[1;34mINFO[m] 
[[1;34mINFO[m] [1m--- [0;32mmaven-bundle-plugin:3.0.1:manifest[m [1m(bundle-manifest)[m @ [36mfile-portal-plugin[0;1m ---[m
[[1;34mINFO[m] 
[[1;34mINFO[m] [1m--- [0;32mmaven-resources-plugin:2.6:testResources[m [1m(default-testResources)[m @ [36mfile-portal-plugin[0;1m ---[m
[[1;34mINFO[m] Using 'UTF-8' encoding to copy filtered resources.
[[1;34mINFO[m] skip non existing resourceDirectory /home/javier/ApromoreCE/ApromoreCore/Apromore-Custom-Plugins/File-Portal-Plugin/src/test/resources
[[1;34mINFO[m] 
[[1;34mINFO[m] [1m--- [0;32mmaven-compiler-plugin:3.0:testCompile[m [1m(default-testCompile)[m @ [36mfile-portal-plugin[0;1m ---[m
[[1;34mINFO[m] No sources to compile
[[1;34mINFO[m] 
[[1;34mINFO[m] [1m--- [0;32mmaven-surefire-plugin:2.14.1:test[m [1m(default-test)[m @ [36mfile-portal-plugin[0;1m ---[m
[[1;34mINFO[m] No tests to run.
[[1;34mINFO[m] 
[[1;34mINFO[m] [1m--- [0;32mjacoco-maven-plugin:0.8.4:report[m [1m(report)[m @ [36mfile-portal-plugin[0;1m ---[m
[[1;34mINFO[m] Skipping JaCoCo execution because property jacoco.skip is set.
[[1;34mINFO[m] 
[[1;34mINFO[m] [1m--- [0;32mmaven-bundle-plugin:3.0.1:bundle[m [1m(default-bundle)[m @ [36mfile-portal-plugin[0;1m ---[m
[[1;34mINFO[m] 
[[1;34mINFO[m] [1m--- [0;32mmaven-surefire-plugin:2.14.1:test[m [1m(integration-test)[m @ [36mfile-portal-plugin[0;1m ---[m
[[1;34mINFO[m] No tests to run.
[[1;34mINFO[m] 
[[1;34mINFO[m] [1m--- [0;32mmaven-source-plugin:2.2.1:jar-no-fork[m [1m(generate-sources)[m @ [36mfile-portal-plugin[0;1m ---[m
[[1;34mINFO[m] Building jar: /home/javier/ApromoreCE/ApromoreCore/Apromore-Custom-Plugins/File-Portal-Plugin/target/file-portal-plugin-1.0-sources.jar
[[1;34mINFO[m] 
[[1;34mINFO[m] [1m--- [0;32mmaven-checkstyle-plugin:2.10:checkstyle[m [1m(run-checkstyle)[m @ [36mfile-portal-plugin[0;1m ---[m
[[1;34mINFO[m] 
[[1;34mINFO[m] [1m--- [0;32mjacoco-maven-plugin:0.8.4:check[m [1m(check)[m @ [36mfile-portal-plugin[0;1m ---[m
[[1;34mINFO[m] Skipping JaCoCo execution because property jacoco.skip is set.
[[1;34mINFO[m] 
[[1;34mINFO[m] [1m--- [0;32mmaven-install-plugin:2.4:install[m [1m(default-install)[m @ [36mfile-portal-plugin[0;1m ---[m
[[1;34mINFO[m] Installing /home/javier/ApromoreCE/ApromoreCore/Apromore-Custom-Plugins/File-Portal-Plugin/target/file-portal-plugin-1.0.jar to /home/javier/.m2/repository/org/apromore/plugin/file-portal-plugin/1.0/file-portal-plugin-1.0.jar
[[1;34mINFO[m] Installing /home/javier/ApromoreCE/ApromoreCore/Apromore-Custom-Plugins/File-Portal-Plugin/pom.xml to /home/javier/.m2/repository/org/apromore/plugin/file-portal-plugin/1.0/file-portal-plugin-1.0.pom
[[1;34mINFO[m] Installing /home/javier/ApromoreCE/ApromoreCore/Apromore-Custom-Plugins/File-Portal-Plugin/target/file-portal-plugin-1.0-sources.jar to /home/javier/.m2/repository/org/apromore/plugin/file-portal-plugin/1.0/file-portal-plugin-1.0-sources.jar
[[1;34mINFO[m] 
[[1;34mINFO[m] [1m--- [0;32mmaven-bundle-plugin:3.0.1:install[m [1m(default-install)[m @ [36mfile-portal-plugin[0;1m ---[m
[[1;34mINFO[m] Installing org/apromore/plugin/file-portal-plugin/1.0/file-portal-plugin-1.0.jar
[[1;34mINFO[m] Writing OBR metadata
[[1;34mINFO[m] 
[[1;34mINFO[m] [1m-------------< [0;36morg.apromore.plugin:generic-portal-plugin[0;1m >--------------[m
[[1;34mINFO[m] [1mBuilding Custom Plugin Framework 1.0.0                          [52/124][m
[[1;34mINFO[m] [1m-------------------------------[ bundle ]-------------------------------[m
[[1;34mINFO[m] 
[[1;34mINFO[m] [1m--- [0;32mmaven-clean-plugin:2.5:clean[m [1m(default-clean)[m @ [36mgeneric-portal-plugin[0;1m ---[m
[[1;34mINFO[m] Deleting /home/javier/ApromoreCE/ApromoreCore/Apromore-Custom-Plugins/Generic-Portal-Plugin/target
[[1;34mINFO[m] Deleting /home/javier/ApromoreCE/ApromoreCore/Apromore-Custom-Plugins/Generic-Portal-Plugin (includes = [surefire*], excludes = [])
[[1;34mINFO[m] 
[[1;34mINFO[m] [1m--- [0;32mmaven-enforcer-plugin:1.3:enforce[m [1m(enforce-banned-dependencies)[m @ [36mgeneric-portal-plugin[0;1m ---[m
[[1;34mINFO[m] 
[[1;34mINFO[m] [1m--- [0;32mgit-commit-id-plugin:2.2.1:revision[m [1m(get-the-git-infos)[m @ [36mgeneric-portal-plugin[0;1m ---[m
[[1;34mINFO[m] 
[[1;34mINFO[m] [1m--- [0;32mjacoco-maven-plugin:0.8.4:prepare-agent[m [1m(prepare-agent)[m @ [36mgeneric-portal-plugin[0;1m ---[m
[[1;34mINFO[m] Skipping JaCoCo execution because property jacoco.skip is set.
[[1;34mINFO[m] argLine set to empty
[[1;34mINFO[m] 
[[1;34mINFO[m] [1m--- [0;32mmaven-resources-plugin:2.6:resources[m [1m(default-resources)[m @ [36mgeneric-portal-plugin[0;1m ---[m
[[1;34mINFO[m] Using 'UTF-8' encoding to copy filtered resources.
[[1;34mINFO[m] Copying 1 resource
[[1;34mINFO[m] 
[[1;34mINFO[m] [1m--- [0;32mmaven-jxr-plugin:2.3:jxr[m [1m(default)[m @ [36mgeneric-portal-plugin[0;1m ---[m
[[1;34mINFO[m] 
[[1;34mINFO[m] [1m--- [0;32mmaven-compiler-plugin:3.0:compile[m [1m(default-compile)[m @ [36mgeneric-portal-plugin[0;1m ---[m
[[1;34mINFO[m] Changes detected - recompiling the module!
[[1;34mINFO[m] Compiling 10 source files to /home/javier/ApromoreCE/ApromoreCore/Apromore-Custom-Plugins/Generic-Portal-Plugin/target/classes
[[1;34mINFO[m] 
[[1;34mINFO[m] [1m--- [0;32mmaven-bundle-plugin:3.0.1:manifest[m [1m(bundle-manifest)[m @ [36mgeneric-portal-plugin[0;1m ---[m
[[1;34mINFO[m] 
[[1;34mINFO[m] [1m--- [0;32mmaven-resources-plugin:2.6:testResources[m [1m(default-testResources)[m @ [36mgeneric-portal-plugin[0;1m ---[m
[[1;34mINFO[m] Using 'UTF-8' encoding to copy filtered resources.
[[1;34mINFO[m] skip non existing resourceDirectory /home/javier/ApromoreCE/ApromoreCore/Apromore-Custom-Plugins/Generic-Portal-Plugin/src/test/resources
[[1;34mINFO[m] 
[[1;34mINFO[m] [1m--- [0;32mmaven-compiler-plugin:3.0:testCompile[m [1m(default-testCompile)[m @ [36mgeneric-portal-plugin[0;1m ---[m
[[1;34mINFO[m] No sources to compile
[[1;34mINFO[m] 
[[1;34mINFO[m] [1m--- [0;32mmaven-surefire-plugin:2.14.1:test[m [1m(default-test)[m @ [36mgeneric-portal-plugin[0;1m ---[m
[[1;34mINFO[m] No tests to run.
[[1;34mINFO[m] 
[[1;34mINFO[m] [1m--- [0;32mjacoco-maven-plugin:0.8.4:report[m [1m(report)[m @ [36mgeneric-portal-plugin[0;1m ---[m
[[1;34mINFO[m] Skipping JaCoCo execution because property jacoco.skip is set.
[[1;34mINFO[m] 
[[1;34mINFO[m] [1m--- [0;32mmaven-bundle-plugin:3.0.1:bundle[m [1m(default-bundle)[m @ [36mgeneric-portal-plugin[0;1m ---[m
[[1;34mINFO[m] 
[[1;34mINFO[m] [1m--- [0;32mmaven-surefire-plugin:2.14.1:test[m [1m(integration-test)[m @ [36mgeneric-portal-plugin[0;1m ---[m
[[1;34mINFO[m] No tests to run.
[[1;34mINFO[m] 
[[1;34mINFO[m] [1m--- [0;32mmaven-source-plugin:2.2.1:jar-no-fork[m [1m(generate-sources)[m @ [36mgeneric-portal-plugin[0;1m ---[m
[[1;34mINFO[m] Building jar: /home/javier/ApromoreCE/ApromoreCore/Apromore-Custom-Plugins/Generic-Portal-Plugin/target/generic-portal-plugin-1.0.0-sources.jar
[[1;34mINFO[m] 
[[1;34mINFO[m] [1m--- [0;32mmaven-checkstyle-plugin:2.10:checkstyle[m [1m(run-checkstyle)[m @ [36mgeneric-portal-plugin[0;1m ---[m
[[1;34mINFO[m] 
[[1;34mINFO[m] [1m--- [0;32mjacoco-maven-plugin:0.8.4:check[m [1m(check)[m @ [36mgeneric-portal-plugin[0;1m ---[m
[[1;34mINFO[m] Skipping JaCoCo execution because property jacoco.skip is set.
[[1;34mINFO[m] 
[[1;34mINFO[m] [1m--- [0;32mmaven-install-plugin:2.4:install[m [1m(default-install)[m @ [36mgeneric-portal-plugin[0;1m ---[m
[[1;34mINFO[m] Installing /home/javier/ApromoreCE/ApromoreCore/Apromore-Custom-Plugins/Generic-Portal-Plugin/target/generic-portal-plugin-1.0.0.jar to /home/javier/.m2/repository/org/apromore/plugin/generic-portal-plugin/1.0.0/generic-portal-plugin-1.0.0.jar
[[1;34mINFO[m] Installing /home/javier/ApromoreCE/ApromoreCore/Apromore-Custom-Plugins/Generic-Portal-Plugin/pom.xml to /home/javier/.m2/repository/org/apromore/plugin/generic-portal-plugin/1.0.0/generic-portal-plugin-1.0.0.pom
[[1;34mINFO[m] Installing /home/javier/ApromoreCE/ApromoreCore/Apromore-Custom-Plugins/Generic-Portal-Plugin/target/generic-portal-plugin-1.0.0-sources.jar to /home/javier/.m2/repository/org/apromore/plugin/generic-portal-plugin/1.0.0/generic-portal-plugin-1.0.0-sources.jar
[[1;34mINFO[m] 
[[1;34mINFO[m] [1m--- [0;32mmaven-bundle-plugin:3.0.1:install[m [1m(default-install)[m @ [36mgeneric-portal-plugin[0;1m ---[m
[[1;34mINFO[m] Installing org/apromore/plugin/generic-portal-plugin/1.0.0/generic-portal-plugin-1.0.0.jar
[[1;34mINFO[m] Writing OBR metadata
[[1;34mINFO[m] 
[[1;34mINFO[m] [1m--------< [0;36morg.apromore.plugin:log-filter-portal-plugin-generic[0;1m >--------[m
[[1;34mINFO[m] [1mBuilding Log Filter Generic Portal Plugin 1.0.0                 [53/124][m
[[1;34mINFO[m] [1m-------------------------------[ bundle ]-------------------------------[m
[[1;34mINFO[m] 
[[1;34mINFO[m] [1m--- [0;32mmaven-clean-plugin:2.5:clean[m [1m(default-clean)[m @ [36mlog-filter-portal-plugin-generic[0;1m ---[m
[[1;34mINFO[m] Deleting /home/javier/ApromoreCE/ApromoreCore/Apromore-Custom-Plugins/Log-Filter-Portal-Plugin-Generic/target
[[1;34mINFO[m] Deleting /home/javier/ApromoreCE/ApromoreCore/Apromore-Custom-Plugins/Log-Filter-Portal-Plugin-Generic (includes = [surefire*], excludes = [])
[[1;34mINFO[m] 
[[1;34mINFO[m] [1m--- [0;32mmaven-enforcer-plugin:1.3:enforce[m [1m(enforce-banned-dependencies)[m @ [36mlog-filter-portal-plugin-generic[0;1m ---[m
[[1;34mINFO[m] 
[[1;34mINFO[m] [1m--- [0;32mgit-commit-id-plugin:2.2.1:revision[m [1m(get-the-git-infos)[m @ [36mlog-filter-portal-plugin-generic[0;1m ---[m
[[1;34mINFO[m] 
[[1;34mINFO[m] [1m--- [0;32mjacoco-maven-plugin:0.8.4:prepare-agent[m [1m(prepare-agent)[m @ [36mlog-filter-portal-plugin-generic[0;1m ---[m
[[1;34mINFO[m] Skipping JaCoCo execution because property jacoco.skip is set.
[[1;34mINFO[m] argLine set to empty
[[1;34mINFO[m] 
[[1;34mINFO[m] [1m--- [0;32mmaven-resources-plugin:2.6:resources[m [1m(default-resources)[m @ [36mlog-filter-portal-plugin-generic[0;1m ---[m
[[1;34mINFO[m] Using 'UTF-8' encoding to copy filtered resources.
[[1;34mINFO[m] Copying 1 resource
[[1;34mINFO[m] 
[[1;34mINFO[m] [1m--- [0;32mmaven-jxr-plugin:2.3:jxr[m [1m(default)[m @ [36mlog-filter-portal-plugin-generic[0;1m ---[m
[[1;34mINFO[m] 
[[1;34mINFO[m] [1m--- [0;32mmaven-compiler-plugin:3.0:compile[m [1m(default-compile)[m @ [36mlog-filter-portal-plugin-generic[0;1m ---[m
[[1;34mINFO[m] Changes detected - recompiling the module!
[[1;34mINFO[m] Compiling 8 source files to /home/javier/ApromoreCE/ApromoreCore/Apromore-Custom-Plugins/Log-Filter-Portal-Plugin-Generic/target/classes
[[1;34mINFO[m] 
[[1;34mINFO[m] [1m--- [0;32mmaven-bundle-plugin:3.0.1:manifest[m [1m(bundle-manifest)[m @ [36mlog-filter-portal-plugin-generic[0;1m ---[m
[[1;34mINFO[m] 
[[1;34mINFO[m] [1m--- [0;32mmaven-resources-plugin:2.6:testResources[m [1m(default-testResources)[m @ [36mlog-filter-portal-plugin-generic[0;1m ---[m
[[1;34mINFO[m] Using 'UTF-8' encoding to copy filtered resources.
[[1;34mINFO[m] skip non existing resourceDirectory /home/javier/ApromoreCE/ApromoreCore/Apromore-Custom-Plugins/Log-Filter-Portal-Plugin-Generic/src/test/resources
[[1;34mINFO[m] 
[[1;34mINFO[m] [1m--- [0;32mmaven-compiler-plugin:3.0:testCompile[m [1m(default-testCompile)[m @ [36mlog-filter-portal-plugin-generic[0;1m ---[m
[[1;34mINFO[m] No sources to compile
[[1;34mINFO[m] 
[[1;34mINFO[m] [1m--- [0;32mmaven-surefire-plugin:2.14.1:test[m [1m(default-test)[m @ [36mlog-filter-portal-plugin-generic[0;1m ---[m
[[1;34mINFO[m] No tests to run.
[[1;34mINFO[m] 
[[1;34mINFO[m] [1m--- [0;32mjacoco-maven-plugin:0.8.4:report[m [1m(report)[m @ [36mlog-filter-portal-plugin-generic[0;1m ---[m
[[1;34mINFO[m] Skipping JaCoCo execution because property jacoco.skip is set.
[[1;34mINFO[m] 
[[1;34mINFO[m] [1m--- [0;32mmaven-bundle-plugin:3.0.1:bundle[m [1m(default-bundle)[m @ [36mlog-filter-portal-plugin-generic[0;1m ---[m
[[1;34mINFO[m] 
[[1;34mINFO[m] [1m--- [0;32mmaven-surefire-plugin:2.14.1:test[m [1m(integration-test)[m @ [36mlog-filter-portal-plugin-generic[0;1m ---[m
[[1;34mINFO[m] No tests to run.
[[1;34mINFO[m] 
[[1;34mINFO[m] [1m--- [0;32mmaven-source-plugin:2.2.1:jar-no-fork[m [1m(generate-sources)[m @ [36mlog-filter-portal-plugin-generic[0;1m ---[m
[[1;34mINFO[m] Building jar: /home/javier/ApromoreCE/ApromoreCore/Apromore-Custom-Plugins/Log-Filter-Portal-Plugin-Generic/target/log-filter-portal-plugin-generic-1.0.0-sources.jar
[[1;34mINFO[m] 
[[1;34mINFO[m] [1m--- [0;32mmaven-checkstyle-plugin:2.10:checkstyle[m [1m(run-checkstyle)[m @ [36mlog-filter-portal-plugin-generic[0;1m ---[m
[[1;34mINFO[m] 
[[1;34mINFO[m] [1m--- [0;32mjacoco-maven-plugin:0.8.4:check[m [1m(check)[m @ [36mlog-filter-portal-plugin-generic[0;1m ---[m
[[1;34mINFO[m] Skipping JaCoCo execution because property jacoco.skip is set.
[[1;34mINFO[m] 
[[1;34mINFO[m] [1m--- [0;32mmaven-install-plugin:2.4:install[m [1m(default-install)[m @ [36mlog-filter-portal-plugin-generic[0;1m ---[m
[[1;34mINFO[m] Installing /home/javier/ApromoreCE/ApromoreCore/Apromore-Custom-Plugins/Log-Filter-Portal-Plugin-Generic/target/log-filter-portal-plugin-generic-1.0.0.jar to /home/javier/.m2/repository/org/apromore/plugin/log-filter-portal-plugin-generic/1.0.0/log-filter-portal-plugin-generic-1.0.0.jar
[[1;34mINFO[m] Installing /home/javier/ApromoreCE/ApromoreCore/Apromore-Custom-Plugins/Log-Filter-Portal-Plugin-Generic/pom.xml to /home/javier/.m2/repository/org/apromore/plugin/log-filter-portal-plugin-generic/1.0.0/log-filter-portal-plugin-generic-1.0.0.pom
[[1;34mINFO[m] Installing /home/javier/ApromoreCE/ApromoreCore/Apromore-Custom-Plugins/Log-Filter-Portal-Plugin-Generic/target/log-filter-portal-plugin-generic-1.0.0-sources.jar to /home/javier/.m2/repository/org/apromore/plugin/log-filter-portal-plugin-generic/1.0.0/log-filter-portal-plugin-generic-1.0.0-sources.jar
[[1;34mINFO[m] 
[[1;34mINFO[m] [1m--- [0;32mmaven-bundle-plugin:3.0.1:install[m [1m(default-install)[m @ [36mlog-filter-portal-plugin-generic[0;1m ---[m
[[1;34mINFO[m] Installing org/apromore/plugin/log-filter-portal-plugin-generic/1.0.0/log-filter-portal-plugin-generic-1.0.0.jar
[[1;34mINFO[m] Writing OBR metadata
[[1;34mINFO[m] 
[[1;34mINFO[m] [1m--------------< [0;36morg.apromore.plugin:about-portal-plugin[0;1m >---------------[m
[[1;34mINFO[m] [1mBuilding About portal plugin 1.0                                [54/124][m
[[1;34mINFO[m] [1m-------------------------------[ bundle ]-------------------------------[m
[[1;34mINFO[m] 
[[1;34mINFO[m] [1m--- [0;32mmaven-clean-plugin:2.5:clean[m [1m(default-clean)[m @ [36mabout-portal-plugin[0;1m ---[m
[[1;34mINFO[m] Deleting /home/javier/ApromoreCE/ApromoreCore/Apromore-Custom-Plugins/About-Portal-Plugin/target
[[1;34mINFO[m] Deleting /home/javier/ApromoreCE/ApromoreCore/Apromore-Custom-Plugins/About-Portal-Plugin (includes = [surefire*], excludes = [])
[[1;34mINFO[m] 
[[1;34mINFO[m] [1m--- [0;32mmaven-enforcer-plugin:1.3:enforce[m [1m(enforce-banned-dependencies)[m @ [36mabout-portal-plugin[0;1m ---[m
[[1;34mINFO[m] 
[[1;34mINFO[m] [1m--- [0;32mgit-commit-id-plugin:2.2.1:revision[m [1m(get-the-git-infos)[m @ [36mabout-portal-plugin[0;1m ---[m
[[1;34mINFO[m] 
[[1;34mINFO[m] [1m--- [0;32mjacoco-maven-plugin:0.8.4:prepare-agent[m [1m(prepare-agent)[m @ [36mabout-portal-plugin[0;1m ---[m
[[1;34mINFO[m] Skipping JaCoCo execution because property jacoco.skip is set.
[[1;34mINFO[m] argLine set to empty
[[1;34mINFO[m] 
[[1;34mINFO[m] [1m--- [0;32mmaven-resources-plugin:2.6:resources[m [1m(default-resources)[m @ [36mabout-portal-plugin[0;1m ---[m
[[1;34mINFO[m] Using 'UTF-8' encoding to copy filtered resources.
[[1;34mINFO[m] Copying 4 resources
[[1;34mINFO[m] 
[[1;34mINFO[m] [1m--- [0;32mmaven-jxr-plugin:2.3:jxr[m [1m(default)[m @ [36mabout-portal-plugin[0;1m ---[m
[[1;34mINFO[m] 
[[1;34mINFO[m] [1m--- [0;32mmaven-compiler-plugin:3.0:compile[m [1m(default-compile)[m @ [36mabout-portal-plugin[0;1m ---[m
[[1;34mINFO[m] Changes detected - recompiling the module!
[[1;34mINFO[m] Compiling 1 source file to /home/javier/ApromoreCE/ApromoreCore/Apromore-Custom-Plugins/About-Portal-Plugin/target/classes
[[1;34mINFO[m] 
[[1;34mINFO[m] [1m--- [0;32mmaven-bundle-plugin:3.0.1:manifest[m [1m(bundle-manifest)[m @ [36mabout-portal-plugin[0;1m ---[m
[[1;34mINFO[m] 
[[1;34mINFO[m] [1m--- [0;32mmaven-resources-plugin:2.6:testResources[m [1m(default-testResources)[m @ [36mabout-portal-plugin[0;1m ---[m
[[1;34mINFO[m] Using 'UTF-8' encoding to copy filtered resources.
[[1;34mINFO[m] skip non existing resourceDirectory /home/javier/ApromoreCE/ApromoreCore/Apromore-Custom-Plugins/About-Portal-Plugin/src/test/resources
[[1;34mINFO[m] 
[[1;34mINFO[m] [1m--- [0;32mmaven-compiler-plugin:3.0:testCompile[m [1m(default-testCompile)[m @ [36mabout-portal-plugin[0;1m ---[m
[[1;34mINFO[m] No sources to compile
[[1;34mINFO[m] 
[[1;34mINFO[m] [1m--- [0;32mmaven-surefire-plugin:2.14.1:test[m [1m(default-test)[m @ [36mabout-portal-plugin[0;1m ---[m
[[1;34mINFO[m] No tests to run.
[[1;34mINFO[m] 
[[1;34mINFO[m] [1m--- [0;32mjacoco-maven-plugin:0.8.4:report[m [1m(report)[m @ [36mabout-portal-plugin[0;1m ---[m
[[1;34mINFO[m] Skipping JaCoCo execution because property jacoco.skip is set.
[[1;34mINFO[m] 
[[1;34mINFO[m] [1m--- [0;32mmaven-bundle-plugin:3.0.1:bundle[m [1m(default-bundle)[m @ [36mabout-portal-plugin[0;1m ---[m
[[1;34mINFO[m] 
[[1;34mINFO[m] [1m--- [0;32mmaven-surefire-plugin:2.14.1:test[m [1m(integration-test)[m @ [36mabout-portal-plugin[0;1m ---[m
[[1;34mINFO[m] No tests to run.
[[1;34mINFO[m] 
[[1;34mINFO[m] [1m--- [0;32mmaven-source-plugin:2.2.1:jar-no-fork[m [1m(generate-sources)[m @ [36mabout-portal-plugin[0;1m ---[m
[[1;34mINFO[m] Building jar: /home/javier/ApromoreCE/ApromoreCore/Apromore-Custom-Plugins/About-Portal-Plugin/target/about-portal-plugin-1.0-sources.jar
[[1;34mINFO[m] 
[[1;34mINFO[m] [1m--- [0;32mmaven-checkstyle-plugin:2.10:checkstyle[m [1m(run-checkstyle)[m @ [36mabout-portal-plugin[0;1m ---[m
[[1;34mINFO[m] 
[[1;34mINFO[m] [1m--- [0;32mjacoco-maven-plugin:0.8.4:check[m [1m(check)[m @ [36mabout-portal-plugin[0;1m ---[m
[[1;34mINFO[m] Skipping JaCoCo execution because property jacoco.skip is set.
[[1;34mINFO[m] 
[[1;34mINFO[m] [1m--- [0;32mmaven-install-plugin:2.4:install[m [1m(default-install)[m @ [36mabout-portal-plugin[0;1m ---[m
[[1;34mINFO[m] Installing /home/javier/ApromoreCE/ApromoreCore/Apromore-Custom-Plugins/About-Portal-Plugin/target/about-portal-plugin-1.0.jar to /home/javier/.m2/repository/org/apromore/plugin/about-portal-plugin/1.0/about-portal-plugin-1.0.jar
[[1;34mINFO[m] Installing /home/javier/ApromoreCE/ApromoreCore/Apromore-Custom-Plugins/About-Portal-Plugin/pom.xml to /home/javier/.m2/repository/org/apromore/plugin/about-portal-plugin/1.0/about-portal-plugin-1.0.pom
[[1;34mINFO[m] Installing /home/javier/ApromoreCE/ApromoreCore/Apromore-Custom-Plugins/About-Portal-Plugin/target/about-portal-plugin-1.0-sources.jar to /home/javier/.m2/repository/org/apromore/plugin/about-portal-plugin/1.0/about-portal-plugin-1.0-sources.jar
[[1;34mINFO[m] 
[[1;34mINFO[m] [1m--- [0;32mmaven-bundle-plugin:3.0.1:install[m [1m(default-install)[m @ [36mabout-portal-plugin[0;1m ---[m
[[1;34mINFO[m] Installing org/apromore/plugin/about-portal-plugin/1.0/about-portal-plugin-1.0.jar
[[1;34mINFO[m] Writing OBR metadata
[[1;34mINFO[m] 
[[1;34mINFO[m] [1m-------------< [0;36morg.apromore.plugin:account-portal-plugin[0;1m >--------------[m
[[1;34mINFO[m] [1mBuilding Account management portal plugin 1.0                   [55/124][m
[[1;34mINFO[m] [1m-------------------------------[ bundle ]-------------------------------[m
[[1;34mINFO[m] 
[[1;34mINFO[m] [1m--- [0;32mmaven-clean-plugin:2.5:clean[m [1m(default-clean)[m @ [36maccount-portal-plugin[0;1m ---[m
[[1;34mINFO[m] Deleting /home/javier/ApromoreCE/ApromoreCore/Apromore-Custom-Plugins/Account-Portal-Plugin/target
[[1;34mINFO[m] Deleting /home/javier/ApromoreCE/ApromoreCore/Apromore-Custom-Plugins/Account-Portal-Plugin (includes = [surefire*], excludes = [])
[[1;34mINFO[m] 
[[1;34mINFO[m] [1m--- [0;32mmaven-enforcer-plugin:1.3:enforce[m [1m(enforce-banned-dependencies)[m @ [36maccount-portal-plugin[0;1m ---[m
[[1;34mINFO[m] 
[[1;34mINFO[m] [1m--- [0;32mgit-commit-id-plugin:2.2.1:revision[m [1m(get-the-git-infos)[m @ [36maccount-portal-plugin[0;1m ---[m
[[1;34mINFO[m] 
[[1;34mINFO[m] [1m--- [0;32mjacoco-maven-plugin:0.8.4:prepare-agent[m [1m(prepare-agent)[m @ [36maccount-portal-plugin[0;1m ---[m
[[1;34mINFO[m] Skipping JaCoCo execution because property jacoco.skip is set.
[[1;34mINFO[m] argLine set to empty
[[1;34mINFO[m] 
[[1;34mINFO[m] [1m--- [0;32mmaven-resources-plugin:2.6:resources[m [1m(default-resources)[m @ [36maccount-portal-plugin[0;1m ---[m
[[1;34mINFO[m] Using 'UTF-8' encoding to copy filtered resources.
[[1;34mINFO[m] Copying 8 resources
[[1;34mINFO[m] 
[[1;34mINFO[m] [1m--- [0;32mmaven-jxr-plugin:2.3:jxr[m [1m(default)[m @ [36maccount-portal-plugin[0;1m ---[m
[[1;34mINFO[m] 
[[1;34mINFO[m] [1m--- [0;32mmaven-compiler-plugin:3.0:compile[m [1m(default-compile)[m @ [36maccount-portal-plugin[0;1m ---[m
[[1;34mINFO[m] Changes detected - recompiling the module!
[[1;34mINFO[m] Compiling 5 source files to /home/javier/ApromoreCE/ApromoreCore/Apromore-Custom-Plugins/Account-Portal-Plugin/target/classes
[[1;34mINFO[m] 
[[1;34mINFO[m] [1m--- [0;32mmaven-bundle-plugin:3.0.1:manifest[m [1m(bundle-manifest)[m @ [36maccount-portal-plugin[0;1m ---[m
[[1;34mINFO[m] 
[[1;34mINFO[m] [1m--- [0;32mmaven-resources-plugin:2.6:testResources[m [1m(default-testResources)[m @ [36maccount-portal-plugin[0;1m ---[m
[[1;34mINFO[m] Using 'UTF-8' encoding to copy filtered resources.
[[1;34mINFO[m] skip non existing resourceDirectory /home/javier/ApromoreCE/ApromoreCore/Apromore-Custom-Plugins/Account-Portal-Plugin/src/test/resources
[[1;34mINFO[m] 
[[1;34mINFO[m] [1m--- [0;32mmaven-compiler-plugin:3.0:testCompile[m [1m(default-testCompile)[m @ [36maccount-portal-plugin[0;1m ---[m
[[1;34mINFO[m] No sources to compile
[[1;34mINFO[m] 
[[1;34mINFO[m] [1m--- [0;32mmaven-surefire-plugin:2.14.1:test[m [1m(default-test)[m @ [36maccount-portal-plugin[0;1m ---[m
[[1;34mINFO[m] No tests to run.
[[1;34mINFO[m] 
[[1;34mINFO[m] [1m--- [0;32mjacoco-maven-plugin:0.8.4:report[m [1m(report)[m @ [36maccount-portal-plugin[0;1m ---[m
[[1;34mINFO[m] Skipping JaCoCo execution because property jacoco.skip is set.
[[1;34mINFO[m] 
[[1;34mINFO[m] [1m--- [0;32mmaven-bundle-plugin:3.0.1:bundle[m [1m(default-bundle)[m @ [36maccount-portal-plugin[0;1m ---[m
[[1;34mINFO[m] 
[[1;34mINFO[m] [1m--- [0;32mmaven-surefire-plugin:2.14.1:test[m [1m(integration-test)[m @ [36maccount-portal-plugin[0;1m ---[m
[[1;34mINFO[m] No tests to run.
[[1;34mINFO[m] 
[[1;34mINFO[m] [1m--- [0;32mmaven-source-plugin:2.2.1:jar-no-fork[m [1m(generate-sources)[m @ [36maccount-portal-plugin[0;1m ---[m
[[1;34mINFO[m] Building jar: /home/javier/ApromoreCE/ApromoreCore/Apromore-Custom-Plugins/Account-Portal-Plugin/target/account-portal-plugin-1.0-sources.jar
[[1;34mINFO[m] 
[[1;34mINFO[m] [1m--- [0;32mmaven-checkstyle-plugin:2.10:checkstyle[m [1m(run-checkstyle)[m @ [36maccount-portal-plugin[0;1m ---[m
[[1;34mINFO[m] 
[[1;34mINFO[m] [1m--- [0;32mjacoco-maven-plugin:0.8.4:check[m [1m(check)[m @ [36maccount-portal-plugin[0;1m ---[m
[[1;34mINFO[m] Skipping JaCoCo execution because property jacoco.skip is set.
[[1;34mINFO[m] 
[[1;34mINFO[m] [1m--- [0;32mmaven-install-plugin:2.4:install[m [1m(default-install)[m @ [36maccount-portal-plugin[0;1m ---[m
[[1;34mINFO[m] Installing /home/javier/ApromoreCE/ApromoreCore/Apromore-Custom-Plugins/Account-Portal-Plugin/target/account-portal-plugin-1.0.jar to /home/javier/.m2/repository/org/apromore/plugin/account-portal-plugin/1.0/account-portal-plugin-1.0.jar
[[1;34mINFO[m] Installing /home/javier/ApromoreCE/ApromoreCore/Apromore-Custom-Plugins/Account-Portal-Plugin/pom.xml to /home/javier/.m2/repository/org/apromore/plugin/account-portal-plugin/1.0/account-portal-plugin-1.0.pom
[[1;34mINFO[m] Installing /home/javier/ApromoreCE/ApromoreCore/Apromore-Custom-Plugins/Account-Portal-Plugin/target/account-portal-plugin-1.0-sources.jar to /home/javier/.m2/repository/org/apromore/plugin/account-portal-plugin/1.0/account-portal-plugin-1.0-sources.jar
[[1;34mINFO[m] 
[[1;34mINFO[m] [1m--- [0;32mmaven-bundle-plugin:3.0.1:install[m [1m(default-install)[m @ [36maccount-portal-plugin[0;1m ---[m
[[1;34mINFO[m] Installing org/apromore/plugin/account-portal-plugin/1.0/account-portal-plugin-1.0.jar
[[1;34mINFO[m] Writing OBR metadata
[[1;34mINFO[m] 
[[1;34mINFO[m] [1m-----------< [0;36morg.apromore:editor-platform-extension-diagram[0;1m >-----------[m
[[1;34mINFO[m] [1mBuilding Apromore Editor Extension: Diagram Core 1.2            [56/124][m
[[1;34mINFO[m] [1m-------------------------------[ bundle ]-------------------------------[m
[[1;34mINFO[m] 
[[1;34mINFO[m] [1m--- [0;32mmaven-clean-plugin:2.5:clean[m [1m(default-clean)[m @ [36meditor-platform-extension-diagram[0;1m ---[m
[[1;34mINFO[m] Deleting /home/javier/ApromoreCE/ApromoreCore/Apromore-Custom-Plugins/Apromore-Editor/diagram core/target
[[1;34mINFO[m] Deleting /home/javier/ApromoreCE/ApromoreCore/Apromore-Custom-Plugins/Apromore-Editor/diagram core (includes = [surefire*], excludes = [])
[[1;34mINFO[m] 
[[1;34mINFO[m] [1m--- [0;32mmaven-enforcer-plugin:1.3:enforce[m [1m(enforce-banned-dependencies)[m @ [36meditor-platform-extension-diagram[0;1m ---[m
[[1;34mINFO[m] 
[[1;34mINFO[m] [1m--- [0;32mgit-commit-id-plugin:2.2.1:revision[m [1m(get-the-git-infos)[m @ [36meditor-platform-extension-diagram[0;1m ---[m
[[1;34mINFO[m] 
[[1;34mINFO[m] [1m--- [0;32mjacoco-maven-plugin:0.8.4:prepare-agent[m [1m(prepare-agent)[m @ [36meditor-platform-extension-diagram[0;1m ---[m
[[1;34mINFO[m] Skipping JaCoCo execution because property jacoco.skip is set.
[[1;34mINFO[m] argLine set to empty
[[1;34mINFO[m] 
[[1;34mINFO[m] [1m--- [0;32mmaven-resources-plugin:2.6:resources[m [1m(default-resources)[m @ [36meditor-platform-extension-diagram[0;1m ---[m
[[1;34mINFO[m] Using 'UTF-8' encoding to copy filtered resources.
[[1;34mINFO[m] skip non existing resourceDirectory /home/javier/ApromoreCE/ApromoreCore/Apromore-Custom-Plugins/Apromore-Editor/diagram core/src/main/resources
[[1;34mINFO[m] 
[[1;34mINFO[m] [1m--- [0;32mmaven-jxr-plugin:2.3:jxr[m [1m(default)[m @ [36meditor-platform-extension-diagram[0;1m ---[m
[[1;34mINFO[m] 
[[1;34mINFO[m] [1m--- [0;32mmaven-compiler-plugin:3.0:compile[m [1m(default-compile)[m @ [36meditor-platform-extension-diagram[0;1m ---[m
[[1;34mINFO[m] Changes detected - recompiling the module!
[[1;34mINFO[m] Compiling 37 source files to /home/javier/ApromoreCE/ApromoreCore/Apromore-Custom-Plugins/Apromore-Editor/diagram core/target/classes
[[1;34mINFO[m] 
[[1;34mINFO[m] [1m--- [0;32mmaven-bundle-plugin:3.0.1:manifest[m [1m(bundle-manifest)[m @ [36meditor-platform-extension-diagram[0;1m ---[m
[[1;34mINFO[m] 
[[1;34mINFO[m] [1m--- [0;32mmaven-resources-plugin:2.6:testResources[m [1m(default-testResources)[m @ [36meditor-platform-extension-diagram[0;1m ---[m
[[1;34mINFO[m] Using 'UTF-8' encoding to copy filtered resources.
[[1;34mINFO[m] skip non existing resourceDirectory /home/javier/ApromoreCE/ApromoreCore/Apromore-Custom-Plugins/Apromore-Editor/diagram core/src/test/resources
[[1;34mINFO[m] 
[[1;34mINFO[m] [1m--- [0;32mmaven-compiler-plugin:3.0:testCompile[m [1m(default-testCompile)[m @ [36meditor-platform-extension-diagram[0;1m ---[m
[[1;34mINFO[m] No sources to compile
[[1;34mINFO[m] 
[[1;34mINFO[m] [1m--- [0;32mmaven-surefire-plugin:2.14.1:test[m [1m(default-test)[m @ [36meditor-platform-extension-diagram[0;1m ---[m
[[1;34mINFO[m] No tests to run.
[[1;34mINFO[m] 
[[1;34mINFO[m] [1m--- [0;32mjacoco-maven-plugin:0.8.4:report[m [1m(report)[m @ [36meditor-platform-extension-diagram[0;1m ---[m
[[1;34mINFO[m] Skipping JaCoCo execution because property jacoco.skip is set.
[[1;34mINFO[m] 
[[1;34mINFO[m] [1m--- [0;32mmaven-bundle-plugin:3.0.1:bundle[m [1m(default-bundle)[m @ [36meditor-platform-extension-diagram[0;1m ---[m
[[1;34mINFO[m] 
[[1;34mINFO[m] [1m--- [0;32mmaven-surefire-plugin:2.14.1:test[m [1m(integration-test)[m @ [36meditor-platform-extension-diagram[0;1m ---[m
[[1;34mINFO[m] No tests to run.
[[1;34mINFO[m] 
[[1;34mINFO[m] [1m--- [0;32mmaven-source-plugin:2.2.1:jar-no-fork[m [1m(generate-sources)[m @ [36meditor-platform-extension-diagram[0;1m ---[m
[[1;34mINFO[m] Building jar: /home/javier/ApromoreCE/ApromoreCore/Apromore-Custom-Plugins/Apromore-Editor/diagram core/target/editor-platform-extension-diagram-1.2-sources.jar
[[1;34mINFO[m] 
[[1;34mINFO[m] [1m--- [0;32mmaven-checkstyle-plugin:2.10:checkstyle[m [1m(run-checkstyle)[m @ [36meditor-platform-extension-diagram[0;1m ---[m
[[1;34mINFO[m] 
[[1;34mINFO[m] [1m--- [0;32mjacoco-maven-plugin:0.8.4:check[m [1m(check)[m @ [36meditor-platform-extension-diagram[0;1m ---[m
[[1;34mINFO[m] Skipping JaCoCo execution because property jacoco.skip is set.
[[1;34mINFO[m] 
[[1;34mINFO[m] [1m--- [0;32mmaven-install-plugin:2.4:install[m [1m(default-install)[m @ [36meditor-platform-extension-diagram[0;1m ---[m
[[1;34mINFO[m] Installing /home/javier/ApromoreCE/ApromoreCore/Apromore-Custom-Plugins/Apromore-Editor/diagram core/target/editor-platform-extension-diagram-1.2.jar to /home/javier/.m2/repository/org/apromore/editor-platform-extension-diagram/1.2/editor-platform-extension-diagram-1.2.jar
[[1;34mINFO[m] Installing /home/javier/ApromoreCE/ApromoreCore/Apromore-Custom-Plugins/Apromore-Editor/diagram core/pom.xml to /home/javier/.m2/repository/org/apromore/editor-platform-extension-diagram/1.2/editor-platform-extension-diagram-1.2.pom
[[1;34mINFO[m] Installing /home/javier/ApromoreCE/ApromoreCore/Apromore-Custom-Plugins/Apromore-Editor/diagram core/target/editor-platform-extension-diagram-1.2-sources.jar to /home/javier/.m2/repository/org/apromore/editor-platform-extension-diagram/1.2/editor-platform-extension-diagram-1.2-sources.jar
[[1;34mINFO[m] 
[[1;34mINFO[m] [1m--- [0;32mmaven-bundle-plugin:3.0.1:install[m [1m(default-install)[m @ [36meditor-platform-extension-diagram[0;1m ---[m
[[1;34mINFO[m] Installing org/apromore/editor-platform-extension-diagram/1.2/editor-platform-extension-diagram-1.2.jar
[[1;34mINFO[m] Writing OBR metadata
[[1;34mINFO[m] 
[[1;34mINFO[m] [1m-----------< [0;36morg.apromore:editor-platform-extension-bpmn2_0[0;1m >-----------[m
[[1;34mINFO[m] [1mBuilding Apromore Editor Extension: BPMN 2.0 1.2                [57/124][m
[[1;34mINFO[m] [1m-------------------------------[ bundle ]-------------------------------[m
[[1;34mINFO[m] 
[[1;34mINFO[m] [1m--- [0;32mmaven-clean-plugin:2.5:clean[m [1m(default-clean)[m @ [36meditor-platform-extension-bpmn2_0[0;1m ---[m
[[1;34mINFO[m] Deleting /home/javier/ApromoreCE/ApromoreCore/Apromore-Custom-Plugins/Apromore-Editor/bpmn20xmlbasic/target
[[1;34mINFO[m] Deleting /home/javier/ApromoreCE/ApromoreCore/Apromore-Custom-Plugins/Apromore-Editor/bpmn20xmlbasic (includes = [surefire*], excludes = [])
[[1;34mINFO[m] 
[[1;34mINFO[m] [1m--- [0;32mmaven-enforcer-plugin:1.3:enforce[m [1m(enforce-banned-dependencies)[m @ [36meditor-platform-extension-bpmn2_0[0;1m ---[m
[[1;34mINFO[m] 
[[1;34mINFO[m] [1m--- [0;32mgit-commit-id-plugin:2.2.1:revision[m [1m(get-the-git-infos)[m @ [36meditor-platform-extension-bpmn2_0[0;1m ---[m
[[1;34mINFO[m] 
[[1;34mINFO[m] [1m--- [0;32mjacoco-maven-plugin:0.8.4:prepare-agent[m [1m(prepare-agent)[m @ [36meditor-platform-extension-bpmn2_0[0;1m ---[m
[[1;34mINFO[m] Skipping JaCoCo execution because property jacoco.skip is set.
[[1;34mINFO[m] argLine set to empty
[[1;34mINFO[m] 
[[1;34mINFO[m] [1m--- [0;32mmaven-resources-plugin:2.6:resources[m [1m(default-resources)[m @ [36meditor-platform-extension-bpmn2_0[0;1m ---[m
[[1;34mINFO[m] Using 'UTF-8' encoding to copy filtered resources.
[[1;34mINFO[m] Copying 2 resources
[[1;34mINFO[m] 
[[1;34mINFO[m] [1m--- [0;32mmaven-jxr-plugin:2.3:jxr[m [1m(default)[m @ [36meditor-platform-extension-bpmn2_0[0;1m ---[m
[[1;34mINFO[m] 
[[1;34mINFO[m] [1m--- [0;32mmaven-compiler-plugin:3.0:compile[m [1m(default-compile)[m @ [36meditor-platform-extension-bpmn2_0[0;1m ---[m
[[1;34mINFO[m] Changes detected - recompiling the module!
[[1;34mINFO[m] Compiling 283 source files to /home/javier/ApromoreCE/ApromoreCore/Apromore-Custom-Plugins/Apromore-Editor/bpmn20xmlbasic/target/classes
[[1;33mWARNING[m] /home/javier/ApromoreCE/ApromoreCore/Apromore-Custom-Plugins/Apromore-Editor/bpmn20xmlbasic/src/main/java/de/hpi/bpmn2_0/transformation/BPMN2DiagramConverterVisitor.java:[67,51] Bool is internal proprietary API and may be removed in a future release
[[1;34mINFO[m] 
[[1;34mINFO[m] [1m--- [0;32mmaven-bundle-plugin:3.0.1:manifest[m [1m(bundle-manifest)[m @ [36meditor-platform-extension-bpmn2_0[0;1m ---[m
[[1;33mWARNING[m] Manifest org.apromore:editor-platform-extension-bpmn2_0:bundle:1.2 : Export de.hpi.bpmn2_0.factory,  has 2,  private references [de.hpi.bpmn2_0.factory.configuration, de.hpi.bpmn2_0.model.misc], 
[[1;33mWARNING[m] Manifest org.apromore:editor-platform-extension-bpmn2_0:bundle:1.2 : Export de.hpi.bpmn2_0.model,  has 7,  private references [de.hpi.bpmn2_0.annotations, de.hpi.bpmn2_0.util, de.hpi.bpmn2_0.model.artifacts, de.hpi.bpmn2_0.model.extension, de.hpi.bpmn2_0.model.callable, de.hpi.bpmn2_0.model.activity.resource, de.hpi.bpmn2_0.model.misc], 
[[1;33mWARNING[m] Manifest org.apromore:editor-platform-extension-bpmn2_0:bundle:1.2 : Export de.hpi.bpmn2_0.model.activity,  has 7,  private references [de.hpi.bpmn2_0.annotations, de.hpi.bpmn2_0.model.activity.loop, de.hpi.bpmn2_0.model.artifacts, de.hpi.bpmn2_0.model.extension, de.hpi.bpmn2_0.model.activity.resource, de.hpi.bpmn2_0.model.callable, de.hpi.bpmn2_0.model.misc], 
[[1;33mWARNING[m] Manifest org.apromore:editor-platform-extension-bpmn2_0:bundle:1.2 : Export de.hpi.bpmn2_0.model.activity.type,  has 3,  private references [de.hpi.bpmn2_0.model.activity.resource, de.hpi.bpmn2_0.model.callable, de.hpi.bpmn2_0.model.activity.misc], 
[[1;33mWARNING[m] Manifest org.apromore:editor-platform-extension-bpmn2_0:bundle:1.2 : Export de.hpi.bpmn2_0.model.bpmndi,  has 1,  private references [de.hpi.bpmn2_0.model.bpmndi.dc], 
[[1;33mWARNING[m] Manifest org.apromore:editor-platform-extension-bpmn2_0:bundle:1.2 : Export de.hpi.bpmn2_0.model.bpmndi.di,  has 1,  private references [de.hpi.bpmn2_0.model.bpmndi.dc], 
[[1;33mWARNING[m] Manifest org.apromore:editor-platform-extension-bpmn2_0:bundle:1.2 : Export de.hpi.bpmn2_0.model.choreography,  has 3,  private references [de.hpi.bpmn2_0.annotations, de.hpi.bpmn2_0.model.artifacts, de.hpi.bpmn2_0.model.callable], 
[[1;33mWARNING[m] Manifest org.apromore:editor-platform-extension-bpmn2_0:bundle:1.2 : Export de.hpi.bpmn2_0.model.connector,  has 1,  private references [de.hpi.bpmn2_0.model.misc], 
[[1;33mWARNING[m] Manifest org.apromore:editor-platform-extension-bpmn2_0:bundle:1.2 : Export de.hpi.bpmn2_0.model.conversation,  has 2,  private references [de.hpi.bpmn2_0.annotations, de.hpi.bpmn2_0.model.artifacts], 
[[1;33mWARNING[m] Manifest org.apromore:editor-platform-extension-bpmn2_0:bundle:1.2 : Export de.hpi.bpmn2_0.model.data_object,  has 3,  private references [de.hpi.bpmn2_0.util, de.hpi.bpmn2_0.model.activity.misc, de.hpi.bpmn2_0.model.misc], 
[[1;33mWARNING[m] Manifest org.apromore:editor-platform-extension-bpmn2_0:bundle:1.2 : Export de.hpi.bpmn2_0.model.event,  has 4,  private references [de.hpi.bpmn2_0.util, de.hpi.bpmn2_0.model.extension, de.hpi.bpmn2_0.model.misc, de.hpi.bpmn2_0.model.activity.misc], 
[[1;33mWARNING[m] Manifest org.apromore:editor-platform-extension-bpmn2_0:bundle:1.2 : Export de.hpi.bpmn2_0.model.extension.synergia,  has 1,  private references [de.hpi.bpmn2_0.model.extension], 
[[1;33mWARNING[m] Manifest org.apromore:editor-platform-extension-bpmn2_0:bundle:1.2 : Export de.hpi.bpmn2_0.model.gateway,  has 1,  private references [de.hpi.bpmn2_0.annotations], 
[[1;33mWARNING[m] Manifest org.apromore:editor-platform-extension-bpmn2_0:bundle:1.2 : Export de.hpi.bpmn2_0.model.participant,  has 2,  private references [de.hpi.bpmn2_0.annotations, de.hpi.bpmn2_0.util], 
[[1;33mWARNING[m] Manifest org.apromore:editor-platform-extension-bpmn2_0:bundle:1.2 : Export de.hpi.bpmn2_0.transformation,  has 3,  private references [de.hpi.bpmn2_0.model.artifacts, de.hpi.bpmn2_0.model.extension, de.hpi.bpmn2_0.factory.configuration], 
[[1;33mWARNING[m] Manifest org.apromore:editor-platform-extension-bpmn2_0:bundle:1.2 : Export org.oryxeditor.server,  has 1,  private references [de.unihannover.se.infocup2008.bpmn.model], 
[[1;34mINFO[m] 
[[1;34mINFO[m] [1m--- [0;32mmaven-resources-plugin:2.6:testResources[m [1m(default-testResources)[m @ [36meditor-platform-extension-bpmn2_0[0;1m ---[m
[[1;34mINFO[m] Using 'UTF-8' encoding to copy filtered resources.
[[1;34mINFO[m] Copying 18 resources
[[1;34mINFO[m] 
[[1;34mINFO[m] [1m--- [0;32mmaven-compiler-plugin:3.0:testCompile[m [1m(default-testCompile)[m @ [36meditor-platform-extension-bpmn2_0[0;1m ---[m
[[1;34mINFO[m] Changes detected - recompiling the module!
[[1;34mINFO[m] Compiling 6 source files to /home/javier/ApromoreCE/ApromoreCore/Apromore-Custom-Plugins/Apromore-Editor/bpmn20xmlbasic/target/test-classes
[[1;34mINFO[m] 
[[1;34mINFO[m] [1m--- [0;32mmaven-surefire-plugin:2.14.1:test[m [1m(default-test)[m @ [36meditor-platform-extension-bpmn2_0[0;1m ---[m
[[1;34mINFO[m] Surefire report directory: /home/javier/ApromoreCE/ApromoreCore/Apromore-Custom-Plugins/Apromore-Editor/bpmn20xmlbasic/target/surefire-reports

-------------------------------------------------------
 T E S T S
-------------------------------------------------------
OpenJDK 64-Bit Server VM warning: ignoring option MaxPermSize=1024m; support was removed in 8.0
Running com.processconfiguration.ConfigurationAlgorithmTest
Tests run: 12, Failures: 0, Errors: 12, Skipped: 0, Time elapsed: 0.093 sec <<< FAILURE!
testConfigure1(com.processconfiguration.ConfigurationAlgorithmTest)  Time elapsed: 0.014 sec  <<< ERROR!
java.lang.NoClassDefFoundError: com/sun/xml/bind/v2/model/annotation/AnnotationReader
	at java.net.URLClassLoader.findClass(URLClassLoader.java:387)
	at java.lang.ClassLoader.loadClass(ClassLoader.java:418)
	at sun.misc.Launcher$AppClassLoader.loadClass(Launcher.java:352)
	at java.lang.ClassLoader.loadClass(ClassLoader.java:351)
	at java.lang.ClassLoader.defineClass1(Native Method)
	at java.lang.ClassLoader.defineClass(ClassLoader.java:756)
	at java.security.SecureClassLoader.defineClass(SecureClassLoader.java:142)
	at java.net.URLClassLoader.defineClass(URLClassLoader.java:473)
	at java.net.URLClassLoader.access$100(URLClassLoader.java:74)
	at java.net.URLClassLoader$1.run(URLClassLoader.java:369)
	at java.net.URLClassLoader$1.run(URLClassLoader.java:363)
	at java.security.AccessController.doPrivileged(Native Method)
	at java.net.URLClassLoader.findClass(URLClassLoader.java:362)
	at java.lang.ClassLoader.loadClass(ClassLoader.java:418)
	at sun.misc.Launcher$AppClassLoader.loadClass(Launcher.java:352)
	at java.lang.ClassLoader.loadClass(ClassLoader.java:351)
	at java.lang.Class.getDeclaredMethods0(Native Method)
	at java.lang.Class.privateGetDeclaredMethods(Class.java:2701)
	at java.lang.Class.privateGetMethodRecursive(Class.java:3048)
	at java.lang.Class.getMethod0(Class.java:3018)
	at java.lang.Class.getMethod(Class.java:1784)
	at javax.xml.bind.ContextFinder.newInstance(ContextFinder.java:242)
	at javax.xml.bind.ContextFinder.newInstance(ContextFinder.java:234)
	at javax.xml.bind.ContextFinder.find(ContextFinder.java:441)
	at javax.xml.bind.JAXBContext.newInstance(JAXBContext.java:641)
	at javax.xml.bind.JAXBContext.newInstance(JAXBContext.java:584)
	at com.processconfiguration.ConfigurationAlgorithmTest.<init>(ConfigurationAlgorithmTest.java:142)

testReplaceConfiguredGateway1(com.processconfiguration.ConfigurationAlgorithmTest)  Time elapsed: 0.001 sec  <<< ERROR!
java.lang.NoClassDefFoundError: com/sun/xml/bind/v2/model/annotation/AnnotationReader
	at java.net.URLClassLoader.findClass(URLClassLoader.java:387)
	at java.lang.ClassLoader.loadClass(ClassLoader.java:418)
	at sun.misc.Launcher$AppClassLoader.loadClass(Launcher.java:352)
	at java.lang.ClassLoader.loadClass(ClassLoader.java:351)
	at java.lang.ClassLoader.defineClass1(Native Method)
	at java.lang.ClassLoader.defineClass(ClassLoader.java:756)
	at java.security.SecureClassLoader.defineClass(SecureClassLoader.java:142)
	at java.net.URLClassLoader.defineClass(URLClassLoader.java:473)
	at java.net.URLClassLoader.access$100(URLClassLoader.java:74)
	at java.net.URLClassLoader$1.run(URLClassLoader.java:369)
	at java.net.URLClassLoader$1.run(URLClassLoader.java:363)
	at java.security.AccessController.doPrivileged(Native Method)
	at java.net.URLClassLoader.findClass(URLClassLoader.java:362)
	at java.lang.ClassLoader.loadClass(ClassLoader.java:418)
	at sun.misc.Launcher$AppClassLoader.loadClass(Launcher.java:352)
	at java.lang.ClassLoader.loadClass(ClassLoader.java:351)
	at java.lang.Class.getDeclaredMethods0(Native Method)
	at java.lang.Class.privateGetDeclaredMethods(Class.java:2701)
	at java.lang.Class.privateGetMethodRecursive(Class.java:3048)
	at java.lang.Class.getMethod0(Class.java:3018)
	at java.lang.Class.getMethod(Class.java:1784)
	at javax.xml.bind.ContextFinder.newInstance(ContextFinder.java:242)
	at javax.xml.bind.ContextFinder.newInstance(ContextFinder.java:234)
	at javax.xml.bind.ContextFinder.find(ContextFinder.java:441)
	at javax.xml.bind.JAXBContext.newInstance(JAXBContext.java:641)
	at javax.xml.bind.JAXBContext.newInstance(JAXBContext.java:584)
	at com.processconfiguration.ConfigurationAlgorithmTest.<init>(ConfigurationAlgorithmTest.java:142)

testFindAbsentSequenceFlows1(com.processconfiguration.ConfigurationAlgorithmTest)  Time elapsed: 0.002 sec  <<< ERROR!
java.lang.NoClassDefFoundError: com/sun/xml/bind/v2/model/annotation/AnnotationReader
	at java.net.URLClassLoader.findClass(URLClassLoader.java:387)
	at java.lang.ClassLoader.loadClass(ClassLoader.java:418)
	at sun.misc.Launcher$AppClassLoader.loadClass(Launcher.java:352)
	at java.lang.ClassLoader.loadClass(ClassLoader.java:351)
	at java.lang.ClassLoader.defineClass1(Native Method)
	at java.lang.ClassLoader.defineClass(ClassLoader.java:756)
	at java.security.SecureClassLoader.defineClass(SecureClassLoader.java:142)
	at java.net.URLClassLoader.defineClass(URLClassLoader.java:473)
	at java.net.URLClassLoader.access$100(URLClassLoader.java:74)
	at java.net.URLClassLoader$1.run(URLClassLoader.java:369)
	at java.net.URLClassLoader$1.run(URLClassLoader.java:363)
	at java.security.AccessController.doPrivileged(Native Method)
	at java.net.URLClassLoader.findClass(URLClassLoader.java:362)
	at java.lang.ClassLoader.loadClass(ClassLoader.java:418)
	at sun.misc.Launcher$AppClassLoader.loadClass(Launcher.java:352)
	at java.lang.ClassLoader.loadClass(ClassLoader.java:351)
	at java.lang.Class.getDeclaredMethods0(Native Method)
	at java.lang.Class.privateGetDeclaredMethods(Class.java:2701)
	at java.lang.Class.privateGetMethodRecursive(Class.java:3048)
	at java.lang.Class.getMethod0(Class.java:3018)
	at java.lang.Class.getMethod(Class.java:1784)
	at javax.xml.bind.ContextFinder.newInstance(ContextFinder.java:242)
	at javax.xml.bind.ContextFinder.newInstance(ContextFinder.java:234)
	at javax.xml.bind.ContextFinder.find(ContextFinder.java:441)
	at javax.xml.bind.JAXBContext.newInstance(JAXBContext.java:641)
	at javax.xml.bind.JAXBContext.newInstance(JAXBContext.java:584)
	at com.processconfiguration.ConfigurationAlgorithmTest.<init>(ConfigurationAlgorithmTest.java:142)

testConfigure2(com.processconfiguration.ConfigurationAlgorithmTest)  Time elapsed: 0.001 sec  <<< ERROR!
java.lang.NoClassDefFoundError: com/sun/xml/bind/v2/model/annotation/AnnotationReader
	at java.net.URLClassLoader.findClass(URLClassLoader.java:387)
	at java.lang.ClassLoader.loadClass(ClassLoader.java:418)
	at sun.misc.Launcher$AppClassLoader.loadClass(Launcher.java:352)
	at java.lang.ClassLoader.loadClass(ClassLoader.java:351)
	at java.lang.ClassLoader.defineClass1(Native Method)
	at java.lang.ClassLoader.defineClass(ClassLoader.java:756)
	at java.security.SecureClassLoader.defineClass(SecureClassLoader.java:142)
	at java.net.URLClassLoader.defineClass(URLClassLoader.java:473)
	at java.net.URLClassLoader.access$100(URLClassLoader.java:74)
	at java.net.URLClassLoader$1.run(URLClassLoader.java:369)
	at java.net.URLClassLoader$1.run(URLClassLoader.java:363)
	at java.security.AccessController.doPrivileged(Native Method)
	at java.net.URLClassLoader.findClass(URLClassLoader.java:362)
	at java.lang.ClassLoader.loadClass(ClassLoader.java:418)
	at sun.misc.Launcher$AppClassLoader.loadClass(Launcher.java:352)
	at java.lang.ClassLoader.loadClass(ClassLoader.java:351)
	at java.lang.Class.getDeclaredMethods0(Native Method)
	at java.lang.Class.privateGetDeclaredMethods(Class.java:2701)
	at java.lang.Class.privateGetMethodRecursive(Class.java:3048)
	at java.lang.Class.getMethod0(Class.java:3018)
	at java.lang.Class.getMethod(Class.java:1784)
	at javax.xml.bind.ContextFinder.newInstance(ContextFinder.java:242)
	at javax.xml.bind.ContextFinder.newInstance(ContextFinder.java:234)
	at javax.xml.bind.ContextFinder.find(ContextFinder.java:441)
	at javax.xml.bind.JAXBContext.newInstance(JAXBContext.java:641)
	at javax.xml.bind.JAXBContext.newInstance(JAXBContext.java:584)
	at com.processconfiguration.ConfigurationAlgorithmTest.<init>(ConfigurationAlgorithmTest.java:142)

testFindConfiguredGateways1(com.processconfiguration.ConfigurationAlgorithmTest)  Time elapsed: 0.001 sec  <<< ERROR!
java.lang.NoClassDefFoundError: com/sun/xml/bind/v2/model/annotation/AnnotationReader
	at java.net.URLClassLoader.findClass(URLClassLoader.java:387)
	at java.lang.ClassLoader.loadClass(ClassLoader.java:418)
	at sun.misc.Launcher$AppClassLoader.loadClass(Launcher.java:352)
	at java.lang.ClassLoader.loadClass(ClassLoader.java:351)
	at java.lang.ClassLoader.defineClass1(Native Method)
	at java.lang.ClassLoader.defineClass(ClassLoader.java:756)
	at java.security.SecureClassLoader.defineClass(SecureClassLoader.java:142)
	at java.net.URLClassLoader.defineClass(URLClassLoader.java:473)
	at java.net.URLClassLoader.access$100(URLClassLoader.java:74)
	at java.net.URLClassLoader$1.run(URLClassLoader.java:369)
	at java.net.URLClassLoader$1.run(URLClassLoader.java:363)
	at java.security.AccessController.doPrivileged(Native Method)
	at java.net.URLClassLoader.findClass(URLClassLoader.java:362)
	at java.lang.ClassLoader.loadClass(ClassLoader.java:418)
	at sun.misc.Launcher$AppClassLoader.loadClass(Launcher.java:352)
	at java.lang.ClassLoader.loadClass(ClassLoader.java:351)
	at java.lang.Class.getDeclaredMethods0(Native Method)
	at java.lang.Class.privateGetDeclaredMethods(Class.java:2701)
	at java.lang.Class.privateGetMethodRecursive(Class.java:3048)
	at java.lang.Class.getMethod0(Class.java:3018)
	at java.lang.Class.getMethod(Class.java:1784)
	at javax.xml.bind.ContextFinder.newInstance(ContextFinder.java:242)
	at javax.xml.bind.ContextFinder.newInstance(ContextFinder.java:234)
	at javax.xml.bind.ContextFinder.find(ContextFinder.java:441)
	at javax.xml.bind.JAXBContext.newInstance(JAXBContext.java:641)
	at javax.xml.bind.JAXBContext.newInstance(JAXBContext.java:584)
	at com.processconfiguration.ConfigurationAlgorithmTest.<init>(ConfigurationAlgorithmTest.java:142)

testFindOrphans1(com.processconfiguration.ConfigurationAlgorithmTest)  Time elapsed: 0.001 sec  <<< ERROR!
java.lang.NoClassDefFoundError: com/sun/xml/bind/v2/model/annotation/AnnotationReader
	at java.net.URLClassLoader.findClass(URLClassLoader.java:387)
	at java.lang.ClassLoader.loadClass(ClassLoader.java:418)
	at sun.misc.Launcher$AppClassLoader.loadClass(Launcher.java:352)
	at java.lang.ClassLoader.loadClass(ClassLoader.java:351)
	at java.lang.ClassLoader.defineClass1(Native Method)
	at java.lang.ClassLoader.defineClass(ClassLoader.java:756)
	at java.security.SecureClassLoader.defineClass(SecureClassLoader.java:142)
	at java.net.URLClassLoader.defineClass(URLClassLoader.java:473)
	at java.net.URLClassLoader.access$100(URLClassLoader.java:74)
	at java.net.URLClassLoader$1.run(URLClassLoader.java:369)
	at java.net.URLClassLoader$1.run(URLClassLoader.java:363)
	at java.security.AccessController.doPrivileged(Native Method)
	at java.net.URLClassLoader.findClass(URLClassLoader.java:362)
	at java.lang.ClassLoader.loadClass(ClassLoader.java:418)
	at sun.misc.Launcher$AppClassLoader.loadClass(Launcher.java:352)
	at java.lang.ClassLoader.loadClass(ClassLoader.java:351)
	at java.lang.Class.getDeclaredMethods0(Native Method)
	at java.lang.Class.privateGetDeclaredMethods(Class.java:2701)
	at java.lang.Class.privateGetMethodRecursive(Class.java:3048)
	at java.lang.Class.getMethod0(Class.java:3018)
	at java.lang.Class.getMethod(Class.java:1784)
	at javax.xml.bind.ContextFinder.newInstance(ContextFinder.java:242)
	at javax.xml.bind.ContextFinder.newInstance(ContextFinder.java:234)
	at javax.xml.bind.ContextFinder.find(ContextFinder.java:441)
	at javax.xml.bind.JAXBContext.newInstance(JAXBContext.java:641)
	at javax.xml.bind.JAXBContext.newInstance(JAXBContext.java:584)
	at com.processconfiguration.ConfigurationAlgorithmTest.<init>(ConfigurationAlgorithmTest.java:142)

testFindOrphans2(com.processconfiguration.ConfigurationAlgorithmTest)  Time elapsed: 0.001 sec  <<< ERROR!
java.lang.NoClassDefFoundError: com/sun/xml/bind/v2/model/annotation/AnnotationReader
	at java.net.URLClassLoader.findClass(URLClassLoader.java:387)
	at java.lang.ClassLoader.loadClass(ClassLoader.java:418)
	at sun.misc.Launcher$AppClassLoader.loadClass(Launcher.java:352)
	at java.lang.ClassLoader.loadClass(ClassLoader.java:351)
	at java.lang.ClassLoader.defineClass1(Native Method)
	at java.lang.ClassLoader.defineClass(ClassLoader.java:756)
	at java.security.SecureClassLoader.defineClass(SecureClassLoader.java:142)
	at java.net.URLClassLoader.defineClass(URLClassLoader.java:473)
	at java.net.URLClassLoader.access$100(URLClassLoader.java:74)
	at java.net.URLClassLoader$1.run(URLClassLoader.java:369)
	at java.net.URLClassLoader$1.run(URLClassLoader.java:363)
	at java.security.AccessController.doPrivileged(Native Method)
	at java.net.URLClassLoader.findClass(URLClassLoader.java:362)
	at java.lang.ClassLoader.loadClass(ClassLoader.java:418)
	at sun.misc.Launcher$AppClassLoader.loadClass(Launcher.java:352)
	at java.lang.ClassLoader.loadClass(ClassLoader.java:351)
	at java.lang.Class.getDeclaredMethods0(Native Method)
	at java.lang.Class.privateGetDeclaredMethods(Class.java:2701)
	at java.lang.Class.privateGetMethodRecursive(Class.java:3048)
	at java.lang.Class.getMethod0(Class.java:3018)
	at java.lang.Class.getMethod(Class.java:1784)
	at javax.xml.bind.ContextFinder.newInstance(ContextFinder.java:242)
	at javax.xml.bind.ContextFinder.newInstance(ContextFinder.java:234)
	at javax.xml.bind.ContextFinder.find(ContextFinder.java:441)
	at javax.xml.bind.JAXBContext.newInstance(JAXBContext.java:641)
	at javax.xml.bind.JAXBContext.newInstance(JAXBContext.java:584)
	at com.processconfiguration.ConfigurationAlgorithmTest.<init>(ConfigurationAlgorithmTest.java:142)

testFindOrphans3(com.processconfiguration.ConfigurationAlgorithmTest)  Time elapsed: 0.001 sec  <<< ERROR!
java.lang.NoClassDefFoundError: com/sun/xml/bind/v2/model/annotation/AnnotationReader
	at java.net.URLClassLoader.findClass(URLClassLoader.java:387)
	at java.lang.ClassLoader.loadClass(ClassLoader.java:418)
	at sun.misc.Launcher$AppClassLoader.loadClass(Launcher.java:352)
	at java.lang.ClassLoader.loadClass(ClassLoader.java:351)
	at java.lang.ClassLoader.defineClass1(Native Method)
	at java.lang.ClassLoader.defineClass(ClassLoader.java:756)
	at java.security.SecureClassLoader.defineClass(SecureClassLoader.java:142)
	at java.net.URLClassLoader.defineClass(URLClassLoader.java:473)
	at java.net.URLClassLoader.access$100(URLClassLoader.java:74)
	at java.net.URLClassLoader$1.run(URLClassLoader.java:369)
	at java.net.URLClassLoader$1.run(URLClassLoader.java:363)
	at java.security.AccessController.doPrivileged(Native Method)
	at java.net.URLClassLoader.findClass(URLClassLoader.java:362)
	at java.lang.ClassLoader.loadClass(ClassLoader.java:418)
	at sun.misc.Launcher$AppClassLoader.loadClass(Launcher.java:352)
	at java.lang.ClassLoader.loadClass(ClassLoader.java:351)
	at java.lang.Class.getDeclaredMethods0(Native Method)
	at java.lang.Class.privateGetDeclaredMethods(Class.java:2701)
	at java.lang.Class.privateGetMethodRecursive(Class.java:3048)
	at java.lang.Class.getMethod0(Class.java:3018)
	at java.lang.Class.getMethod(Class.java:1784)
	at javax.xml.bind.ContextFinder.newInstance(ContextFinder.java:242)
	at javax.xml.bind.ContextFinder.newInstance(ContextFinder.java:234)
	at javax.xml.bind.ContextFinder.find(ContextFinder.java:441)
	at javax.xml.bind.JAXBContext.newInstance(JAXBContext.java:641)
	at javax.xml.bind.JAXBContext.newInstance(JAXBContext.java:584)
	at com.processconfiguration.ConfigurationAlgorithmTest.<init>(ConfigurationAlgorithmTest.java:142)

testPrune1(com.processconfiguration.ConfigurationAlgorithmTest)  Time elapsed: 0.001 sec  <<< ERROR!
java.lang.NoClassDefFoundError: com/sun/xml/bind/v2/model/annotation/AnnotationReader
	at java.net.URLClassLoader.findClass(URLClassLoader.java:387)
	at java.lang.ClassLoader.loadClass(ClassLoader.java:418)
	at sun.misc.Launcher$AppClassLoader.loadClass(Launcher.java:352)
	at java.lang.ClassLoader.loadClass(ClassLoader.java:351)
	at java.lang.ClassLoader.defineClass1(Native Method)
	at java.lang.ClassLoader.defineClass(ClassLoader.java:756)
	at java.security.SecureClassLoader.defineClass(SecureClassLoader.java:142)
	at java.net.URLClassLoader.defineClass(URLClassLoader.java:473)
	at java.net.URLClassLoader.access$100(URLClassLoader.java:74)
	at java.net.URLClassLoader$1.run(URLClassLoader.java:369)
	at java.net.URLClassLoader$1.run(URLClassLoader.java:363)
	at java.security.AccessController.doPrivileged(Native Method)
	at java.net.URLClassLoader.findClass(URLClassLoader.java:362)
	at java.lang.ClassLoader.loadClass(ClassLoader.java:418)
	at sun.misc.Launcher$AppClassLoader.loadClass(Launcher.java:352)
	at java.lang.ClassLoader.loadClass(ClassLoader.java:351)
	at java.lang.Class.getDeclaredMethods0(Native Method)
	at java.lang.Class.privateGetDeclaredMethods(Class.java:2701)
	at java.lang.Class.privateGetMethodRecursive(Class.java:3048)
	at java.lang.Class.getMethod0(Class.java:3018)
	at java.lang.Class.getMethod(Class.java:1784)
	at javax.xml.bind.ContextFinder.newInstance(ContextFinder.java:242)
	at javax.xml.bind.ContextFinder.newInstance(ContextFinder.java:234)
	at javax.xml.bind.ContextFinder.find(ContextFinder.java:441)
	at javax.xml.bind.JAXBContext.newInstance(JAXBContext.java:641)
	at javax.xml.bind.JAXBContext.newInstance(JAXBContext.java:584)
	at com.processconfiguration.ConfigurationAlgorithmTest.<init>(ConfigurationAlgorithmTest.java:142)

testPrune2(com.processconfiguration.ConfigurationAlgorithmTest)  Time elapsed: 0 sec  <<< ERROR!
java.lang.NoClassDefFoundError: com/sun/xml/bind/v2/model/annotation/AnnotationReader
	at java.net.URLClassLoader.findClass(URLClassLoader.java:387)
	at java.lang.ClassLoader.loadClass(ClassLoader.java:418)
	at sun.misc.Launcher$AppClassLoader.loadClass(Launcher.java:352)
	at java.lang.ClassLoader.loadClass(ClassLoader.java:351)
	at java.lang.ClassLoader.defineClass1(Native Method)
	at java.lang.ClassLoader.defineClass(ClassLoader.java:756)
	at java.security.SecureClassLoader.defineClass(SecureClassLoader.java:142)
	at java.net.URLClassLoader.defineClass(URLClassLoader.java:473)
	at java.net.URLClassLoader.access$100(URLClassLoader.java:74)
	at java.net.URLClassLoader$1.run(URLClassLoader.java:369)
	at java.net.URLClassLoader$1.run(URLClassLoader.java:363)
	at java.security.AccessController.doPrivileged(Native Method)
	at java.net.URLClassLoader.findClass(URLClassLoader.java:362)
	at java.lang.ClassLoader.loadClass(ClassLoader.java:418)
	at sun.misc.Launcher$AppClassLoader.loadClass(Launcher.java:352)
	at java.lang.ClassLoader.loadClass(ClassLoader.java:351)
	at java.lang.Class.getDeclaredMethods0(Native Method)
	at java.lang.Class.privateGetDeclaredMethods(Class.java:2701)
	at java.lang.Class.privateGetMethodRecursive(Class.java:3048)
	at java.lang.Class.getMethod0(Class.java:3018)
	at java.lang.Class.getMethod(Class.java:1784)
	at javax.xml.bind.ContextFinder.newInstance(ContextFinder.java:242)
	at javax.xml.bind.ContextFinder.newInstance(ContextFinder.java:234)
	at javax.xml.bind.ContextFinder.find(ContextFinder.java:441)
	at javax.xml.bind.JAXBContext.newInstance(JAXBContext.java:641)
	at javax.xml.bind.JAXBContext.newInstance(JAXBContext.java:584)
	at com.processconfiguration.ConfigurationAlgorithmTest.<init>(ConfigurationAlgorithmTest.java:142)

testTrivialGatewayFile1(com.processconfiguration.ConfigurationAlgorithmTest)  Time elapsed: 0 sec  <<< ERROR!
java.lang.NoClassDefFoundError: com/sun/xml/bind/v2/model/annotation/AnnotationReader
	at java.net.URLClassLoader.findClass(URLClassLoader.java:387)
	at java.lang.ClassLoader.loadClass(ClassLoader.java:418)
	at sun.misc.Launcher$AppClassLoader.loadClass(Launcher.java:352)
	at java.lang.ClassLoader.loadClass(ClassLoader.java:351)
	at java.lang.ClassLoader.defineClass1(Native Method)
	at java.lang.ClassLoader.defineClass(ClassLoader.java:756)
	at java.security.SecureClassLoader.defineClass(SecureClassLoader.java:142)
	at java.net.URLClassLoader.defineClass(URLClassLoader.java:473)
	at java.net.URLClassLoader.access$100(URLClassLoader.java:74)
	at java.net.URLClassLoader$1.run(URLClassLoader.java:369)
	at java.net.URLClassLoader$1.run(URLClassLoader.java:363)
	at java.security.AccessController.doPrivileged(Native Method)
	at java.net.URLClassLoader.findClass(URLClassLoader.java:362)
	at java.lang.ClassLoader.loadClass(ClassLoader.java:418)
	at sun.misc.Launcher$AppClassLoader.loadClass(Launcher.java:352)
	at java.lang.ClassLoader.loadClass(ClassLoader.java:351)
	at java.lang.Class.getDeclaredMethods0(Native Method)
	at java.lang.Class.privateGetDeclaredMethods(Class.java:2701)
	at java.lang.Class.privateGetMethodRecursive(Class.java:3048)
	at java.lang.Class.getMethod0(Class.java:3018)
	at java.lang.Class.getMethod(Class.java:1784)
	at javax.xml.bind.ContextFinder.newInstance(ContextFinder.java:242)
	at javax.xml.bind.ContextFinder.newInstance(ContextFinder.java:234)
	at javax.xml.bind.ContextFinder.find(ContextFinder.java:441)
	at javax.xml.bind.JAXBContext.newInstance(JAXBContext.java:641)
	at javax.xml.bind.JAXBContext.newInstance(JAXBContext.java:584)
	at com.processconfiguration.ConfigurationAlgorithmTest.<init>(ConfigurationAlgorithmTest.java:142)

testRemoveTrivialGateway1(com.processconfiguration.ConfigurationAlgorithmTest)  Time elapsed: 0.001 sec  <<< ERROR!
java.lang.NoClassDefFoundError: com/sun/xml/bind/v2/model/annotation/AnnotationReader
	at java.net.URLClassLoader.findClass(URLClassLoader.java:387)
	at java.lang.ClassLoader.loadClass(ClassLoader.java:418)
	at sun.misc.Launcher$AppClassLoader.loadClass(Launcher.java:352)
	at java.lang.ClassLoader.loadClass(ClassLoader.java:351)
	at java.lang.ClassLoader.defineClass1(Native Method)
	at java.lang.ClassLoader.defineClass(ClassLoader.java:756)
	at java.security.SecureClassLoader.defineClass(SecureClassLoader.java:142)
	at java.net.URLClassLoader.defineClass(URLClassLoader.java:473)
	at java.net.URLClassLoader.access$100(URLClassLoader.java:74)
	at java.net.URLClassLoader$1.run(URLClassLoader.java:369)
	at java.net.URLClassLoader$1.run(URLClassLoader.java:363)
	at java.security.AccessController.doPrivileged(Native Method)
	at java.net.URLClassLoader.findClass(URLClassLoader.java:362)
	at java.lang.ClassLoader.loadClass(ClassLoader.java:418)
	at sun.misc.Launcher$AppClassLoader.loadClass(Launcher.java:352)
	at java.lang.ClassLoader.loadClass(ClassLoader.java:351)
	at java.lang.Class.getDeclaredMethods0(Native Method)
	at java.lang.Class.privateGetDeclaredMethods(Class.java:2701)
	at java.lang.Class.privateGetMethodRecursive(Class.java:3048)
	at java.lang.Class.getMethod0(Class.java:3018)
	at java.lang.Class.getMethod(Class.java:1784)
	at javax.xml.bind.ContextFinder.newInstance(ContextFinder.java:242)
	at javax.xml.bind.ContextFinder.newInstance(ContextFinder.java:234)
	at javax.xml.bind.ContextFinder.find(ContextFinder.java:441)
	at javax.xml.bind.JAXBContext.newInstance(JAXBContext.java:641)
	at javax.xml.bind.JAXBContext.newInstance(JAXBContext.java:584)
	at com.processconfiguration.ConfigurationAlgorithmTest.<init>(ConfigurationAlgorithmTest.java:142)

Running com.processconfiguration.DefinitionsIDResolverTest
Tests run: 1, Failures: 0, Errors: 1, Skipped: 0, Time elapsed: 0.002 sec <<< FAILURE!
test1(com.processconfiguration.DefinitionsIDResolverTest)  Time elapsed: 0 sec  <<< ERROR!
java.lang.NoClassDefFoundError: com/sun/xml/bind/v2/model/annotation/AnnotationReader
	at java.net.URLClassLoader.findClass(URLClassLoader.java:387)
	at java.lang.ClassLoader.loadClass(ClassLoader.java:418)
	at sun.misc.Launcher$AppClassLoader.loadClass(Launcher.java:352)
	at java.lang.ClassLoader.loadClass(ClassLoader.java:351)
	at java.lang.ClassLoader.defineClass1(Native Method)
	at java.lang.ClassLoader.defineClass(ClassLoader.java:756)
	at java.security.SecureClassLoader.defineClass(SecureClassLoader.java:142)
	at java.net.URLClassLoader.defineClass(URLClassLoader.java:473)
	at java.net.URLClassLoader.access$100(URLClassLoader.java:74)
	at java.net.URLClassLoader$1.run(URLClassLoader.java:369)
	at java.net.URLClassLoader$1.run(URLClassLoader.java:363)
	at java.security.AccessController.doPrivileged(Native Method)
	at java.net.URLClassLoader.findClass(URLClassLoader.java:362)
	at java.lang.ClassLoader.loadClass(ClassLoader.java:418)
	at sun.misc.Launcher$AppClassLoader.loadClass(Launcher.java:352)
	at java.lang.ClassLoader.loadClass(ClassLoader.java:351)
	at java.lang.Class.getDeclaredMethods0(Native Method)
	at java.lang.Class.privateGetDeclaredMethods(Class.java:2701)
	at java.lang.Class.privateGetMethodRecursive(Class.java:3048)
	at java.lang.Class.getMethod0(Class.java:3018)
	at java.lang.Class.getMethod(Class.java:1784)
	at javax.xml.bind.ContextFinder.newInstance(ContextFinder.java:242)
	at javax.xml.bind.ContextFinder.newInstance(ContextFinder.java:234)
	at javax.xml.bind.ContextFinder.find(ContextFinder.java:441)
	at javax.xml.bind.JAXBContext.newInstance(JAXBContext.java:641)
	at javax.xml.bind.JAXBContext.newInstance(JAXBContext.java:584)
	at com.processconfiguration.DefinitionsIDResolverTest.<init>(DefinitionsIDResolverTest.java:127)

Running de.hpi.bpmn2_0.transformation.BPMN2DiagramConverterTest
Tests run: 2, Failures: 0, Errors: 0, Skipped: 1, Time elapsed: 0.003 sec
Running de.hpi.bpmn2_0.transformation.Diagram2BpmnConverterTest
Tests run: 1, Failures: 0, Errors: 1, Skipped: 0, Time elapsed: 0.09 sec <<< FAILURE!
testGetDefinitionsFromDiagram1(de.hpi.bpmn2_0.transformation.Diagram2BpmnConverterTest)  Time elapsed: 0.088 sec  <<< ERROR!
java.lang.NoClassDefFoundError: com/sun/xml/bind/v2/model/annotation/AnnotationReader
	at java.net.URLClassLoader.findClass(URLClassLoader.java:387)
	at java.lang.ClassLoader.loadClass(ClassLoader.java:418)
	at sun.misc.Launcher$AppClassLoader.loadClass(Launcher.java:352)
	at java.lang.ClassLoader.loadClass(ClassLoader.java:351)
	at java.lang.ClassLoader.defineClass1(Native Method)
	at java.lang.ClassLoader.defineClass(ClassLoader.java:756)
	at java.security.SecureClassLoader.defineClass(SecureClassLoader.java:142)
	at java.net.URLClassLoader.defineClass(URLClassLoader.java:473)
	at java.net.URLClassLoader.access$100(URLClassLoader.java:74)
	at java.net.URLClassLoader$1.run(URLClassLoader.java:369)
	at java.net.URLClassLoader$1.run(URLClassLoader.java:363)
	at java.security.AccessController.doPrivileged(Native Method)
	at java.net.URLClassLoader.findClass(URLClassLoader.java:362)
	at java.lang.ClassLoader.loadClass(ClassLoader.java:418)
	at sun.misc.Launcher$AppClassLoader.loadClass(Launcher.java:352)
	at java.lang.ClassLoader.loadClass(ClassLoader.java:351)
	at java.lang.Class.getDeclaredMethods0(Native Method)
	at java.lang.Class.privateGetDeclaredMethods(Class.java:2701)
	at java.lang.Class.privateGetMethodRecursive(Class.java:3048)
	at java.lang.Class.getMethod0(Class.java:3018)
	at java.lang.Class.getMethod(Class.java:1784)
	at javax.xml.bind.ContextFinder.newInstance(ContextFinder.java:242)
	at javax.xml.bind.ContextFinder.newInstance(ContextFinder.java:234)
	at javax.xml.bind.ContextFinder.find(ContextFinder.java:441)
	at javax.xml.bind.JAXBContext.newInstance(JAXBContext.java:641)
	at javax.xml.bind.JAXBContext.newInstance(JAXBContext.java:584)
	at com.processconfiguration.DefinitionsIDResolverTest.assertValidBPMN(DefinitionsIDResolverTest.java:190)
	at de.hpi.bpmn2_0.transformation.Diagram2BpmnConverterTest.testGetDefinitionsFromDiagram1(Diagram2BpmnConverterTest.java:109)

Running de.hpi.bpmn2_0.transformation.RoundTrippingTest
Tests run: 4, Failures: 0, Errors: 4, Skipped: 0, Time elapsed: 0.004 sec <<< FAILURE!
testCase1(de.hpi.bpmn2_0.transformation.RoundTrippingTest)  Time elapsed: 0.001 sec  <<< ERROR!
java.lang.NoClassDefFoundError: com/sun/xml/bind/v2/model/annotation/AnnotationReader
	at java.net.URLClassLoader.findClass(URLClassLoader.java:387)
	at java.lang.ClassLoader.loadClass(ClassLoader.java:418)
	at sun.misc.Launcher$AppClassLoader.loadClass(Launcher.java:352)
	at java.lang.ClassLoader.loadClass(ClassLoader.java:351)
	at java.lang.ClassLoader.defineClass1(Native Method)
	at java.lang.ClassLoader.defineClass(ClassLoader.java:756)
	at java.security.SecureClassLoader.defineClass(SecureClassLoader.java:142)
	at java.net.URLClassLoader.defineClass(URLClassLoader.java:473)
	at java.net.URLClassLoader.access$100(URLClassLoader.java:74)
	at java.net.URLClassLoader$1.run(URLClassLoader.java:369)
	at java.net.URLClassLoader$1.run(URLClassLoader.java:363)
	at java.security.AccessController.doPrivileged(Native Method)
	at java.net.URLClassLoader.findClass(URLClassLoader.java:362)
	at java.lang.ClassLoader.loadClass(ClassLoader.java:418)
	at sun.misc.Launcher$AppClassLoader.loadClass(Launcher.java:352)
	at java.lang.ClassLoader.loadClass(ClassLoader.java:351)
	at java.lang.Class.getDeclaredMethods0(Native Method)
	at java.lang.Class.privateGetDeclaredMethods(Class.java:2701)
	at java.lang.Class.privateGetMethodRecursive(Class.java:3048)
	at java.lang.Class.getMethod0(Class.java:3018)
	at java.lang.Class.getMethod(Class.java:1784)
	at javax.xml.bind.ContextFinder.newInstance(ContextFinder.java:242)
	at javax.xml.bind.ContextFinder.newInstance(ContextFinder.java:234)
	at javax.xml.bind.ContextFinder.find(ContextFinder.java:441)
	at javax.xml.bind.JAXBContext.newInstance(JAXBContext.java:641)
	at javax.xml.bind.JAXBContext.newInstance(JAXBContext.java:584)
	at de.hpi.bpmn2_0.transformation.RoundTrippingTest.roundTrip(RoundTrippingTest.java:111)
	at de.hpi.bpmn2_0.transformation.RoundTrippingTest.testCase1(RoundTrippingTest.java:89)

testCase12(de.hpi.bpmn2_0.transformation.RoundTrippingTest)  Time elapsed: 0.001 sec  <<< ERROR!
java.lang.NoClassDefFoundError: com/sun/xml/bind/v2/model/annotation/AnnotationReader
	at java.net.URLClassLoader.findClass(URLClassLoader.java:387)
	at java.lang.ClassLoader.loadClass(ClassLoader.java:418)
	at sun.misc.Launcher$AppClassLoader.loadClass(Launcher.java:352)
	at java.lang.ClassLoader.loadClass(ClassLoader.java:351)
	at java.lang.ClassLoader.defineClass1(Native Method)
	at java.lang.ClassLoader.defineClass(ClassLoader.java:756)
	at java.security.SecureClassLoader.defineClass(SecureClassLoader.java:142)
	at java.net.URLClassLoader.defineClass(URLClassLoader.java:473)
	at java.net.URLClassLoader.access$100(URLClassLoader.java:74)
	at java.net.URLClassLoader$1.run(URLClassLoader.java:369)
	at java.net.URLClassLoader$1.run(URLClassLoader.java:363)
	at java.security.AccessController.doPrivileged(Native Method)
	at java.net.URLClassLoader.findClass(URLClassLoader.java:362)
	at java.lang.ClassLoader.loadClass(ClassLoader.java:418)
	at sun.misc.Launcher$AppClassLoader.loadClass(Launcher.java:352)
	at java.lang.ClassLoader.loadClass(ClassLoader.java:351)
	at java.lang.Class.getDeclaredMethods0(Native Method)
	at java.lang.Class.privateGetDeclaredMethods(Class.java:2701)
	at java.lang.Class.privateGetMethodRecursive(Class.java:3048)
	at java.lang.Class.getMethod0(Class.java:3018)
	at java.lang.Class.getMethod(Class.java:1784)
	at javax.xml.bind.ContextFinder.newInstance(ContextFinder.java:242)
	at javax.xml.bind.ContextFinder.newInstance(ContextFinder.java:234)
	at javax.xml.bind.ContextFinder.find(ContextFinder.java:441)
	at javax.xml.bind.JAXBContext.newInstance(JAXBContext.java:641)
	at javax.xml.bind.JAXBContext.newInstance(JAXBContext.java:584)
	at de.hpi.bpmn2_0.transformation.RoundTrippingTest.roundTrip(RoundTrippingTest.java:111)
	at de.hpi.bpmn2_0.transformation.RoundTrippingTest.testCase12(RoundTrippingTest.java:96)

testBoundaryInSubProcess(de.hpi.bpmn2_0.transformation.RoundTrippingTest)  Time elapsed: 0.001 sec  <<< ERROR!
java.lang.NoClassDefFoundError: com/sun/xml/bind/v2/model/annotation/AnnotationReader
	at java.net.URLClassLoader.findClass(URLClassLoader.java:387)
	at java.lang.ClassLoader.loadClass(ClassLoader.java:418)
	at sun.misc.Launcher$AppClassLoader.loadClass(Launcher.java:352)
	at java.lang.ClassLoader.loadClass(ClassLoader.java:351)
	at java.lang.ClassLoader.defineClass1(Native Method)
	at java.lang.ClassLoader.defineClass(ClassLoader.java:756)
	at java.security.SecureClassLoader.defineClass(SecureClassLoader.java:142)
	at java.net.URLClassLoader.defineClass(URLClassLoader.java:473)
	at java.net.URLClassLoader.access$100(URLClassLoader.java:74)
	at java.net.URLClassLoader$1.run(URLClassLoader.java:369)
	at java.net.URLClassLoader$1.run(URLClassLoader.java:363)
	at java.security.AccessController.doPrivileged(Native Method)
	at java.net.URLClassLoader.findClass(URLClassLoader.java:362)
	at java.lang.ClassLoader.loadClass(ClassLoader.java:418)
	at sun.misc.Launcher$AppClassLoader.loadClass(Launcher.java:352)
	at java.lang.ClassLoader.loadClass(ClassLoader.java:351)
	at java.lang.Class.getDeclaredMethods0(Native Method)
	at java.lang.Class.privateGetDeclaredMethods(Class.java:2701)
	at java.lang.Class.privateGetMethodRecursive(Class.java:3048)
	at java.lang.Class.getMethod0(Class.java:3018)
	at java.lang.Class.getMethod(Class.java:1784)
	at javax.xml.bind.ContextFinder.newInstance(ContextFinder.java:242)
	at javax.xml.bind.ContextFinder.newInstance(ContextFinder.java:234)
	at javax.xml.bind.ContextFinder.find(ContextFinder.java:441)
	at javax.xml.bind.JAXBContext.newInstance(JAXBContext.java:641)
	at javax.xml.bind.JAXBContext.newInstance(JAXBContext.java:584)
	at de.hpi.bpmn2_0.transformation.RoundTrippingTest.roundTrip(RoundTrippingTest.java:111)
	at de.hpi.bpmn2_0.transformation.RoundTrippingTest.testBoundaryInSubProcess(RoundTrippingTest.java:100)

testBoundaryOnSubProcess(de.hpi.bpmn2_0.transformation.RoundTrippingTest)  Time elapsed: 0.001 sec  <<< ERROR!
java.lang.NoClassDefFoundError: com/sun/xml/bind/v2/model/annotation/AnnotationReader
	at java.net.URLClassLoader.findClass(URLClassLoader.java:387)
	at java.lang.ClassLoader.loadClass(ClassLoader.java:418)
	at sun.misc.Launcher$AppClassLoader.loadClass(Launcher.java:352)
	at java.lang.ClassLoader.loadClass(ClassLoader.java:351)
	at java.lang.ClassLoader.defineClass1(Native Method)
	at java.lang.ClassLoader.defineClass(ClassLoader.java:756)
	at java.security.SecureClassLoader.defineClass(SecureClassLoader.java:142)
	at java.net.URLClassLoader.defineClass(URLClassLoader.java:473)
	at java.net.URLClassLoader.access$100(URLClassLoader.java:74)
	at java.net.URLClassLoader$1.run(URLClassLoader.java:369)
	at java.net.URLClassLoader$1.run(URLClassLoader.java:363)
	at java.security.AccessController.doPrivileged(Native Method)
	at java.net.URLClassLoader.findClass(URLClassLoader.java:362)
	at java.lang.ClassLoader.loadClass(ClassLoader.java:418)
	at sun.misc.Launcher$AppClassLoader.loadClass(Launcher.java:352)
	at java.lang.ClassLoader.loadClass(ClassLoader.java:351)
	at java.lang.Class.getDeclaredMethods0(Native Method)
	at java.lang.Class.privateGetDeclaredMethods(Class.java:2701)
	at java.lang.Class.privateGetMethodRecursive(Class.java:3048)
	at java.lang.Class.getMethod0(Class.java:3018)
	at java.lang.Class.getMethod(Class.java:1784)
	at javax.xml.bind.ContextFinder.newInstance(ContextFinder.java:242)
	at javax.xml.bind.ContextFinder.newInstance(ContextFinder.java:234)
	at javax.xml.bind.ContextFinder.find(ContextFinder.java:441)
	at javax.xml.bind.JAXBContext.newInstance(JAXBContext.java:641)
	at javax.xml.bind.JAXBContext.newInstance(JAXBContext.java:584)
	at de.hpi.bpmn2_0.transformation.RoundTrippingTest.roundTrip(RoundTrippingTest.java:111)
	at de.hpi.bpmn2_0.transformation.RoundTrippingTest.testBoundaryOnSubProcess(RoundTrippingTest.java:103)


Results :

Tests in error: 
  ConfigurationAlgorithmTest.<init>:142 » NoClassDefFound com/sun/xml/bind/v2/mo...
  ConfigurationAlgorithmTest.<init>:142 » NoClassDefFound com/sun/xml/bind/v2/mo...
  ConfigurationAlgorithmTest.<init>:142 » NoClassDefFound com/sun/xml/bind/v2/mo...
  ConfigurationAlgorithmTest.<init>:142 » NoClassDefFound com/sun/xml/bind/v2/mo...
  ConfigurationAlgorithmTest.<init>:142 » NoClassDefFound com/sun/xml/bind/v2/mo...
  ConfigurationAlgorithmTest.<init>:142 » NoClassDefFound com/sun/xml/bind/v2/mo...
  ConfigurationAlgorithmTest.<init>:142 » NoClassDefFound com/sun/xml/bind/v2/mo...
  ConfigurationAlgorithmTest.<init>:142 » NoClassDefFound com/sun/xml/bind/v2/mo...
  ConfigurationAlgorithmTest.<init>:142 » NoClassDefFound com/sun/xml/bind/v2/mo...
  ConfigurationAlgorithmTest.<init>:142 » NoClassDefFound com/sun/xml/bind/v2/mo...
  ConfigurationAlgorithmTest.<init>:142 » NoClassDefFound com/sun/xml/bind/v2/mo...
  ConfigurationAlgorithmTest.<init>:142 » NoClassDefFound com/sun/xml/bind/v2/mo...
  DefinitionsIDResolverTest.<init>:127 » NoClassDefFound com/sun/xml/bind/v2/mod...
  Diagram2BpmnConverterTest.testGetDefinitionsFromDiagram1:109 » NoClassDefFound
  RoundTrippingTest.testCase1:89->roundTrip:111 » NoClassDefFound com/sun/xml/bi...
  RoundTrippingTest.testCase12:96->roundTrip:111 » NoClassDefFound com/sun/xml/b...
  RoundTrippingTest.testBoundaryInSubProcess:100->roundTrip:111 » NoClassDefFound
  RoundTrippingTest.testBoundaryOnSubProcess:103->roundTrip:111 » NoClassDefFound

Tests run: 20, Failures: 0, Errors: 18, Skipped: 1

[[1;34mINFO[m] [1m------------------------------------------------------------------------[m
[[1;34mINFO[m] [1mReactor Summary:[m
[[1;34mINFO[m] 
[[1;34mINFO[m] Apromore Build Tools Extension 1.1 ................. [1;32mSUCCESS[m [  1.859 s]
[[1;34mINFO[m] Apromore 1.1 ....................................... [1;32mSUCCESS[m [  3.404 s]
[[1;34mINFO[m] OpenXES 2.27 ....................................... [1;32mSUCCESS[m [  5.831 s]
[[1;34mINFO[m] log-osgi 1.1 ....................................... [1;32mSUCCESS[m [  8.529 s]
[[1;34mINFO[m] lpsolve-osgi 1.1 ................................... [1;32mSUCCESS[m [  0.427 s]
[[1;34mINFO[m] hpi-bpt-osgi 1.0 ................................... [1;32mSUCCESS[m [  2.112 s]
[[1;34mINFO[m] eclipse-collections-osgi 1.1 ....................... [1;32mSUCCESS[m [  5.093 s]
[[1;34mINFO[m] json-osgi 1.0 ...................................... [1;32mSUCCESS[m [  1.883 s]
[[1;34mINFO[m] Apromore BPMN Schema 1.1 ........................... [1;32mSUCCESS[m [ 11.890 s]
[[1;34mINFO[m] Apromore CPF Schema 1.1 ............................ [1;32mSUCCESS[m [  2.639 s]
[[1;34mINFO[m] Apromore Plugins 1.1 ............................... [1;32mSUCCESS[m [  0.329 s]
[[1;34mINFO[m] Apromore Canonical Graph Plugin 1.1 ................ [1;32mSUCCESS[m [  5.061 s]
[[1;34mINFO[m] similaritysearch-osgi 1.1 .......................... [1;32mSUCCESS[m [  2.946 s]
[[1;34mINFO[m] Apromore :: ui :: ui-theme-compact 1.0-SNAPSHOT .... [1;32mSUCCESS[m [ 21.533 s]
[[1;34mINFO[m] zk-osgi 8.6.0.1 .................................... [1;32mSUCCESS[m [  2.351 s]
[[1;34mINFO[m] JGraph 5 OSGi bundle 1.0 ........................... [1;32mSUCCESS[m [  3.826 s]
[[1;34mINFO[m] prom-models-osgi 1.0 ............................... [1;32mSUCCESS[m [  1.692 s]
[[1;34mINFO[m] prom-widgets-osgi 1.0 .............................. [1;32mSUCCESS[m [  1.702 s]
[[1;34mINFO[m] prom-bpmn-osgi 1.0 ................................. [1;32mSUCCESS[m [  3.002 s]
[[1;34mINFO[m] Apromore ANF Schema 1.1 ............................ [1;32mSUCCESS[m [  1.350 s]
[[1;34mINFO[m] Apromore Plugin API 1.1 ............................ [1;32mSUCCESS[m [  2.367 s]
[[1;34mINFO[m] Apromore Canoniser API 1.1 ......................... [1;32mSUCCESS[m [  2.145 s]
[[1;34mINFO[m] Apromore Manager WS Models 1.1 ..................... [1;32mSUCCESS[m [  5.079 s]
[[1;34mINFO[m] Apromore Portal Plugin API 1.1 ..................... [1;32mSUCCESS[m [  1.370 s]
[[1;34mINFO[m] portal-custom-gui 1.1.0 ............................ [1;32mSUCCESS[m [  1.547 s]
[[1;34mINFO[m] Apromore Manager Security Handler 1.1 .............. [1;32mSUCCESS[m [  1.030 s]
[[1;34mINFO[m] Apromore Annotation Pre Processor API 1.1 .......... [1;32mSUCCESS[m [  0.901 s]
[[1;34mINFO[m] Apromore Deployment Plugin API 1.1 ................. [1;32mSUCCESS[m [  1.781 s]
[[1;34mINFO[m] Event log store service plugin API 1.1 ............. [1;32mSUCCESS[m [  1.058 s]
[[1;34mINFO[m] Process store service plugin API 1.1 ............... [1;32mSUCCESS[m [  0.945 s]
[[1;34mINFO[m] Apromore Testing Tools 1.1 ......................... [1;32mSUCCESS[m [  0.264 s]
[[1;34mINFO[m] Apromore Plugin API Provider 1.1 ................... [1;32mSUCCESS[m [  1.672 s]
[[1;34mINFO[m] Apromore Canoniser API Provider 1.1 ................ [1;32mSUCCESS[m [  1.929 s]
[[1;34mINFO[m] Apromore Annotation Pre Processor API Provider 1.1 . [1;32mSUCCESS[m [  1.713 s]
[[1;34mINFO[m] Apromore Deployment Plugin API Provider 1.1 ........ [1;32mSUCCESS[m [  1.694 s]
[[1;34mINFO[m] The APMLogModule Project 1.0.0 ..................... [1;32mSUCCESS[m [  2.847 s]
[[1;34mINFO[m] Apromore Manager 1.1 ............................... [1;32mSUCCESS[m [ 10.281 s]
[[1;34mINFO[m] Apromore Manager Client 1.1 ........................ [1;32mSUCCESS[m [  3.867 s]
[[1;34mINFO[m] Apromore Editor Plugin API 1.1 ..................... [1;32mSUCCESS[m [  1.383 s]
[[1;34mINFO[m] Apromore Portal 1.1 ................................ [1;32mSUCCESS[m [  8.313 s]
[[1;34mINFO[m] Apromore Editor Extensions 1.2 ..................... [1;32mSUCCESS[m [  0.280 s]
[[1;34mINFO[m] Apromore Editor Extension: PDF 1.2 ................. [1;32mSUCCESS[m [  9.507 s]
[[1;34mINFO[m] Apromore BPMN Editor 1.1 ........................... [1;32mSUCCESS[m [  3.005 s]
[[1;34mINFO[m] Apromore H2 Plugin 1.1 ............................. [1;32mSUCCESS[m [  0.386 s]
[[1;34mINFO[m] Apromore MySQL Plugin 1.1 .......................... [1;32mSUCCESS[m [  0.404 s]
[[1;34mINFO[m] Apromore Oracle Plugin 1.1 ......................... [1;32mSUCCESS[m [  0.472 s]
[[1;34mINFO[m] Apromore PostgreSQL Plugin 1.1 ..................... [1;32mSUCCESS[m [  0.378 s]
[[1;34mINFO[m] Apromore BPMN Canoniser 1.1 ........................ [1;32mSUCCESS[m [ 26.926 s]
[[1;34mINFO[m] SplitMiner-Logic 1.0 ............................... [1;32mSUCCESS[m [  2.218 s]
[[1;34mINFO[m] CSVExporter-Logic 1.0 .............................. [1;32mSUCCESS[m [  1.087 s]
[[1;34mINFO[m] File operations portal plugin 1.0 .................. [1;32mSUCCESS[m [  6.239 s]
[[1;34mINFO[m] Custom Plugin Framework 1.0.0 ...................... [1;32mSUCCESS[m [  1.845 s]
[[1;34mINFO[m] Log Filter Generic Portal Plugin 1.0.0 ............. [1;32mSUCCESS[m [  1.900 s]
[[1;34mINFO[m] About portal plugin 1.0 ............................ [1;32mSUCCESS[m [  2.365 s]
[[1;34mINFO[m] Account management portal plugin 1.0 ............... [1;32mSUCCESS[m [  3.331 s]
[[1;34mINFO[m] Apromore Editor Extension: Diagram Core 1.2 ........ [1;32mSUCCESS[m [  2.569 s]
[[1;34mINFO[m] Apromore Editor Extension: BPMN 2.0 1.2 ............ [1;31mFAILURE[m [  6.040 s]
[[1;34mINFO[m] BPMN diagram parser service 1.1 .................... [1;33mSKIPPED[m
[[1;34mINFO[m] CSVImporter-Logic 1.0 .............................. [1;33mSKIPPED[m
[[1;34mINFO[m] CSVImporter Portal 1.0 ............................. [1;33mSKIPPED[m
[[1;34mINFO[m] CSV Exporter portal plugin 1.0 ..................... [1;33mSKIPPED[m
[[1;34mINFO[m] Log Animation service 1.0 .......................... [1;33mSKIPPED[m
[[1;34mINFO[m] Log Animation portal plugin 1.0 .................... [1;33mSKIPPED[m
[[1;34mINFO[m] Log Processing Logic 1.0.0 ......................... [1;33mSKIPPED[m
[[1;34mINFO[m] merge-logic 1.1.0 .................................. [1;33mSKIPPED[m
[[1;34mINFO[m] Merge portal plugin 1.1 ............................ [1;33mSKIPPED[m
[[1;34mINFO[m] Process Discoverer Logic 2.0.0 ..................... [1;33mSKIPPED[m
[[1;34mINFO[m] Process Discoverer Portal Plugin 2.0.0 ............. [1;33mSKIPPED[m
[[1;34mINFO[m] similaritysearch-logic 1.1.0 ....................... [1;33mSKIPPED[m
[[1;34mINFO[m] similaritysearch-portal 1.1.0 ...................... [1;33mSKIPPED[m
[[1;34mINFO[m] Apromore Portal Client 1.1 ......................... [1;33mSKIPPED[m
[[1;34mINFO[m] Apromore Manager Bundle Assembly 1.1 ............... [1;33mSKIPPED[m
[[1;34mINFO[m] Apromore Portal Bundle Assembly 1.1 ................ [1;33mSKIPPED[m
[[1;34mINFO[m] Apromore Custom Plugins Assembly 1.1 ............... [1;33mSKIPPED[m
[[1;34mINFO[m] Apromore Community Edition 1.0 ..................... [1;33mSKIPPED[m
[[1;34mINFO[m] bpstruct-osgi 1.2 .................................. [1;33mSKIPPED[m
[[1;34mINFO[m] bpmntk-osgi 2.1 .................................... [1;33mSKIPPED[m
[[1;34mINFO[m] About-CE-Plugin 1.0 ................................ [1;33mSKIPPED[m
[[1;34mINFO[m] Apromore Editor parent 1.2 ......................... [1;33mSKIPPED[m
[[1;34mINFO[m] Stencilset Compressor 1.1 .......................... [1;33mSKIPPED[m
[[1;34mINFO[m] Apromore Editor Extension: Downloader 1.2 .......... [1;33mSKIPPED[m
[[1;34mINFO[m] Apromore Editor Extension: JPDL 1.2 ................ [1;33mSKIPPED[m
[[1;34mINFO[m] Apromore PNML Schema 1.1 ........................... [1;33mSKIPPED[m
[[1;34mINFO[m] Apromore Editor Extension: Petri Net 1.2 ........... [1;33mSKIPPED[m
[[1;34mINFO[m] Apromore Editor Extension: Syntax Checker 1.2 ...... [1;33mSKIPPED[m
[[1;34mINFO[m] Apromore Editor Extension: XPDL 1.2 ................ [1;33mSKIPPED[m
[[1;34mINFO[m] Apromore Editor 1.2 ................................ [1;33mSKIPPED[m
[[1;34mINFO[m] Apromore File Store Client 1.1 ..................... [1;33mSKIPPED[m
[[1;34mINFO[m] Apromore File Store 1.1 ............................ [1;33mSKIPPED[m
[[1;34mINFO[m] BIMP-Annotation-logic 1.0 .......................... [1;33mSKIPPED[m
[[1;34mINFO[m] BIMP simulator editor plugin 1.0 ................... [1;33mSKIPPED[m
[[1;34mINFO[m] BIMP simulator editor plugin 2.0 ................... [1;33mSKIPPED[m
[[1;34mINFO[m] BIMP simulator portal plugin 1.0 ................... [1;33mSKIPPED[m
[[1;34mINFO[m] BProVe service 1.1 ................................. [1;33mSKIPPED[m
[[1;34mINFO[m] Synergia CMAP Schema 1.1 ........................... [1;33mSKIPPED[m
[[1;34mINFO[m] Synergia DCL Schema 1.1 ............................ [1;33mSKIPPED[m
[[1;34mINFO[m] BPMN configurator 1.1 .............................. [1;33mSKIPPED[m
[[1;34mINFO[m] Canonical Process Importer 1.1 ..................... [1;33mSKIPPED[m
[[1;34mINFO[m] community-assembly 1.0 ............................. [1;33mSKIPPED[m
[[1;34mINFO[m] Log Filter Logic 1.0.0 ............................. [1;33mSKIPPED[m
[[1;34mINFO[m] Log Filter Portal Plugin 1.0.0 ..................... [1;33mSKIPPED[m
[[1;34mINFO[m] Performance Mining Service 1.0 ..................... [1;33mSKIPPED[m
[[1;34mINFO[m] Performance Mining portal plugin 1.0 ............... [1;33mSKIPPED[m
[[1;34mINFO[m] Example portal plugin 1.0 .......................... [1;33mSKIPPED[m
[[1;34mINFO[m] Stage Mining Service 1.1 ........................... [1;33mSKIPPED[m
[[1;34mINFO[m] Stage Mining Portal plugin 1.1 ..................... [1;33mSKIPPED[m
[[1;34mINFO[m] Apromore Editor bprove plugin 1.1 .................. [1;33mSKIPPED[m
[[1;34mINFO[m] Apromore Editor sample plugin 1.0 .................. [1;33mSKIPPED[m
[[1;34mINFO[m] Apromore Editor Bundle Assembly 1.1 ................ [1;33mSKIPPED[m
[[1;34mINFO[m] Apromore File Store Bundle Assembly 1.1 ............ [1;33mSKIPPED[m
[[1;34mINFO[m] Predictive Monitor Bundle Assembly 1.0 ............. [1;33mSKIPPED[m
[[1;34mINFO[m] Predictive monitor logic 1.0 ....................... [1;33mSKIPPED[m
[[1;34mINFO[m] Predictive monitor portal plugin 1.0 ............... [1;33mSKIPPED[m
[[1;34mINFO[m] Predictor training portal plugin 1.0 ............... [1;33mSKIPPED[m
[[1;34mINFO[m] Apromore ARIS Schema 1.1 ........................... [1;33mSKIPPED[m
[[1;34mINFO[m] Apromore ARIS Canoniser 1.1 ........................ [1;33mSKIPPED[m
[[1;34mINFO[m] Apromore EPML Schema 1.1 ........................... [1;33mSKIPPED[m
[[1;34mINFO[m] Apromore EPML Canoniser 1.1 ........................ [1;33mSKIPPED[m
[[1;34mINFO[m] Apromore PNML Canoniser 1.1 ........................ [1;33mSKIPPED[m
[[1;34mINFO[m] Apromore XPDL Schema 1.1 ........................... [1;33mSKIPPED[m
[[1;34mINFO[m] Apromore XPDL Canoniser 1.1 ........................ [1;33mSKIPPED[m
[[1;34mINFO[m] Apromore YAWL Schema 1.1 ........................... [1;33mSKIPPED[m
[[1;34mINFO[m] Apromore YAWL Canoniser 1.1 ........................ [1;33mSKIPPED[m
[[1;34mINFO[m] Apromore RLF Schema 1.1 ............................ [1;33mSKIPPED[m
[[1;34mINFO[m] [1m------------------------------------------------------------------------[m
[[1;34mINFO[m] [1;31mBUILD FAILURE[m
[[1;34mINFO[m] [1m------------------------------------------------------------------------[m
[[1;34mINFO[m] Total time:  03:31 min
[[1;34mINFO[m] Finished at: 2026-05-11T22:35:21Z
[[1;34mINFO[m] [1m------------------------------------------------------------------------[m
[[1;31mERROR[m] Failed to execute goal [32morg.apache.maven.plugins:maven-surefire-plugin:2.14.1:test[m [1m(default-test)[m on project [36meditor-platform-extension-bpmn2_0[m: [1;31mThere are test failures.[m
[[1;31mERROR[m] [1;31m[m
[[1;31mERROR[m] [1;31mPlease refer to /home/javier/ApromoreCE/ApromoreCore/Apromore-Custom-Plugins/Apromore-Editor/bpmn20xmlbasic/target/surefire-reports for the individual test results.[m
[[1;31mERROR[m] -> [1m[Help 1][m
[[1;31mERROR[m] 
[[1;31mERROR[m] To see the full stack trace of the errors, re-run Maven with the [1m-e[m switch.
[[1;31mERROR[m] Re-run Maven using the [1m-X[m switch to enable full debug logging.
[[1;31mERROR[m] 
[[1;31mERROR[m] For more information about the errors and possible solutions, please read the following articles:
[[1;31mERROR[m] [1m[Help 1][m http://cwiki.apache.org/confluence/display/MAVEN/MojoFailureException
[[1;31mERROR[m] 
[[1;31mERROR[m] After correcting the problems, you can resume the build with the command
[[1;31mERROR[m]   [1mmvn <goals> -rf :editor-platform-extension-bpmn2_0[m
